,Target_Price,Target_Volume,Gold_USD,USD_INR,Silver_USD,VIX,US_10Y,DXY,Nifty50,Gold_VIX,SP500,Fed_Funds,US_Inflation_10Y
2015-01-01,24.563499450683594,983500.0,1186.0,63.02799987792969,15.734000205993652,17.790000915527344,2.122999906539917,91.08000183105467,8395.4501953125,20.229999542236328,2058.199951171875,0.11,1.71
2015-01-02,24.511999130249023,687400.0,1186.0,63.02799987792969,15.734000205993652,17.790000915527344,2.122999906539917,91.08000183105467,8395.4501953125,20.229999542236328,2058.199951171875,0.11,1.71
2015-01-05,24.66200065612793,1520600.0,1203.9000244140625,63.27799987792969,16.179000854492188,19.920000076293945,2.0390000343322754,91.37999725341795,8378.400390625,21.260000228881836,2020.5799560546875,0.11,1.64
2015-01-06,24.979000091552734,3063100.0,1219.300048828125,63.3380012512207,16.60300064086914,21.1200008392334,1.9630000591278076,91.5,8127.35009765625,20.780000686645508,2002.6099853515625,0.11,1.56
2015-01-07,25.02199935913086,2309100.0,1210.5999755859375,63.56800079345703,16.510000228881836,19.309999465942383,1.9539999961853027,91.88999938964844,8102.10009765625,20.350000381469727,2025.9000244140625,0.11,1.57
2015-01-08,24.68950080871582,971800.0,1208.4000244140625,63.27299880981445,16.35099983215332,17.010000228881836,2.0160000324249268,92.37000274658205,8234.599609375,19.200000762939453,2062.139892578125,0.11,1.62
2015-01-09,24.563499450683594,870700.0,1216.0,62.667999267578125,16.38599967956543,17.549999237060547,1.9709999561309817,91.94000244140624,8284.5,18.440000534057617,2044.81005859375,0.11,1.62
2015-01-12,24.788999557495117,1918000.0,1232.699951171875,62.347999572753906,16.53499984741211,19.600000381469727,1.9119999408721924,91.9800033569336,8323.0,17.649999618530273,2028.260009765625,0.11,1.57
2015-01-13,24.997499465942383,2222000.0,1234.300048828125,62.06800079345703,17.125,20.559999465942383,1.8899999856948853,92.30999755859376,8299.400390625,17.6299991607666,2023.030029296875,0.11,1.54
2015-01-14,24.85700035095215,1130500.0,1234.4000244140625,61.972999572753906,16.95599937438965,21.479999542236328,1.837000012397766,92.16000366210938,8277.5498046875,18.520000457763672,2011.27001953125,0.11,1.57
2015-01-15,24.786500930786133,1569400.0,1264.699951171875,62.0880012512207,17.072999954223633,22.38999938964844,1.774999976158142,92.3499984741211,8494.150390625,21.829999923706055,1992.6700439453125,0.11,1.58
2015-01-16,25.32150077819824,3035100.0,1276.9000244140625,62.05799865722656,17.73900032043457,20.950000762939453,1.815000057220459,92.5199966430664,8513.7998046875,22.65999984741211,2019.4200439453125,0.11,1.6
2015-01-19,25.54450035095215,3817100.0,1276.9000244140625,61.862998962402344,17.73900032043457,20.950000762939453,1.815000057220459,92.5199966430664,8550.7001953125,22.65999984741211,2019.4200439453125,0.11,1.6
2015-01-20,25.8075008392334,4033800.0,1294.199951171875,61.63800048828125,17.94700050354004,19.88999938964844,1.8070000410079956,93.0500030517578,8695.599609375,23.43000030517578,2022.550048828125,0.11,1.59
2015-01-21,25.92650032043457,2952400.0,1293.699951171875,61.64799880981445,18.179000854492188,18.850000381469727,1.8530000448226929,92.9000015258789,8729.5,22.34000015258789,2032.1199951171875,0.11,1.61
2015-01-22,25.70949935913086,2069800.0,1300.699951171875,61.553001403808594,18.34600067138672,16.399999618530273,1.8960000276565552,94.23999786376952,8761.400390625,21.25,2063.14990234375,0.11,1.61
2015-01-23,25.77300071716309,1562700.0,1292.5999755859375,61.597999572753906,18.284000396728516,16.65999984741211,1.8170000314712524,95.0,8835.599609375,20.6200008392334,2051.820068359375,0.11,1.6
2015-01-27,25.56999969482422,1532900.0,1291.699951171875,61.472999572753906,18.06800079345703,17.219999313354492,1.825000047683716,94.0199966430664,8910.5,20.15999984741211,2029.550048828125,0.11,1.66
2015-01-28,25.687999725341797,1057300.0,1285.9000244140625,61.40299987792969,18.06800079345703,20.440000534057617,1.7239999771118164,94.47000122070312,8914.2998046875,19.309999465942383,2002.1600341796875,0.11,1.61
2015-01-29,25.520999908447266,1527900.0,1254.5999755859375,61.35100173950195,16.757999420166016,18.760000228881836,1.7510000467300415,94.77999877929688,8952.349609375,20.25,2021.25,0.11,1.62
2015-01-30,25.788000106811523,2007200.0,1278.5,61.79600143432617,17.191999435424805,20.969999313354492,1.6749999523162842,94.8000030517578,8808.900390625,19.649999618530273,1994.989990234375,0.11,1.65
2015-02-02,25.697500228881836,1030700.0,1276.199951171875,62.01300048828125,17.235000610351562,19.43000030517578,1.6729999780654907,94.5,8797.400390625,20.329999923706055,2020.8499755859375,0.11,1.65
2015-02-03,25.670000076293945,786800.0,1259.699951171875,61.72800064086914,17.30500030517578,17.329999923706055,1.7799999713897705,93.5999984741211,8756.5498046875,20.299999237060547,2050.030029296875,0.11,1.7
2015-02-04,25.402000427246097,1029900.0,1263.800048828125,61.61399841308594,17.378999710083008,18.329999923706055,1.7970000505447388,93.98999786376952,8723.7001953125,20.36000061035156,2041.510009765625,0.11,1.71
2015-02-05,25.495500564575195,1167600.0,1262.0,61.86000061035156,17.18000030517578,16.850000381469727,1.815000057220459,94.6999969482422,8711.7001953125,20.059999465942383,2062.52001953125,0.11,1.7
2015-02-06,25.5,968700.0,1233.9000244140625,61.733001708984375,16.67799949645996,17.290000915527344,1.937999963760376,94.6999969482422,8661.0498046875,20.59000015258789,2055.469970703125,0.11,1.71
2015-02-09,25.068500518798828,2085200.0,1240.800048828125,61.9630012512207,17.054000854492188,18.549999237060547,1.9479999542236328,94.4499969482422,8526.349609375,20.299999237060547,2046.739990234375,0.11,1.71
2015-02-10,25.072500228881836,1242600.0,1231.5999755859375,62.130001068115234,16.85700035095215,17.229999542236328,1.991000056266785,94.76000213623048,8565.5498046875,19.709999084472656,2068.590087890625,0.11,1.7
2015-02-11,25.083999633789062,1052300.0,1219.0,62.34199905395508,16.7450008392334,16.959999084472656,1.9880000352859497,94.98999786376952,8627.400390625,20.06999969482422,2068.530029296875,0.11,1.68
2015-02-12,24.8799991607666,1566300.0,1220.0999755859375,62.38199996948242,16.777999877929688,15.34000015258789,1.9859999418258667,94.08999633789062,8711.5498046875,19.309999465942383,2088.47998046875,0.11,1.66
2015-02-13,24.992000579833984,616700.0,1226.5,62.16999816894531,17.277999877929688,14.6899995803833,2.0209999084472656,94.1999969482422,8805.5,18.489999771118164,2096.989990234375,0.11,1.68
2015-02-16,25.056499481201172,762400.0,1226.5,62.069000244140625,17.277999877929688,14.6899995803833,2.0209999084472656,94.1999969482422,8809.349609375,18.489999771118164,2096.989990234375,0.11,1.68
2015-02-18,24.804000854492188,1551200.0,1199.699951171875,62.11199951171875,16.25,15.449999809265137,2.065999984741211,94.1999969482422,8869.099609375,19.540000915527344,2099.679931640625,0.11,1.71
2015-02-19,24.728500366210938,1069900.0,1207.0999755859375,62.07400131225586,16.371000289916992,15.289999961853027,2.11299991607666,94.4000015258789,8895.2998046875,18.6200008392334,2097.449951171875,0.11,1.74
2015-02-20,24.717500686645508,995300.0,1204.4000244140625,62.165000915527344,16.26300048828125,14.300000190734863,2.132999897003174,94.25,8833.599609375,19.260000228881836,2110.300048828125,0.11,1.75
2015-02-23,24.590999603271484,746100.0,1200.300048828125,62.10100173950195,16.246999740600586,14.5600004196167,2.059000015258789,94.56999969482422,8754.9501953125,19.399999618530273,2109.659912109375,0.11,1.72
2015-02-24,24.36199951171875,1450700.0,1196.9000244140625,62.17100143432617,16.18199920654297,13.6899995803833,1.9880000352859497,94.48999786376952,8762.099609375,18.770000457763672,2115.47998046875,0.11,1.72
2015-02-25,24.434999465942383,768100.0,1201.0,62.233001708984375,16.423999786376953,13.84000015258789,1.968999981880188,94.20999908447266,8767.25,17.399999618530273,2113.860107421875,0.11,1.72
2015-02-26,24.409000396728516,673400.0,1209.5999755859375,61.87699890136719,16.58300018310547,13.90999984741211,2.0160000324249268,95.29000091552734,8683.849609375,16.649999618530273,2110.739990234375,0.11,1.79
2015-02-27,24.36599922180176,760000.0,1212.5999755859375,61.75400161743164,16.51300048828125,13.34000015258789,2.002000093460083,95.25,8844.599609375,15.90999984741211,2104.5,0.11,1.83
2015-03-02,24.62299919128418,1058100.0,1207.699951171875,61.6510009765625,16.406999588012695,13.039999961853027,2.0840001106262207,95.45999908447266,8956.75,16.3799991607666,2117.389892578125,0.11,1.83
2015-03-03,24.43950080871582,717200.0,1204.0,61.9010009765625,16.257999420166016,13.859999656677246,2.121999979019165,95.37999725341795,8996.25,16.760000228881836,2107.780029296875,0.11,1.86
2015-03-04,24.42650032043457,935300.0,1200.5999755859375,61.8129997253418,16.131999969482422,14.229999542236328,2.122999906539917,95.97000122070312,8922.650390625,16.65999984741211,2098.530029296875,0.11,1.87
2015-03-05,24.57349967956543,1073600.0,1195.9000244140625,62.30500030517578,16.131999969482422,14.039999961853027,2.111999988555908,96.37999725341795,8937.75,16.899999618530273,2101.0400390625,0.11,1.84
2015-03-09,24.349000930786133,1453800.0,1166.4000244140625,62.452999114990234,15.755000114440918,15.0600004196167,2.194999933242798,97.58999633789062,8756.75,17.579999923706055,2079.429931640625,0.11,1.76
2015-03-10,24.14150047302246,1341900.0,1160.0999755859375,62.67300033569336,15.61299991607666,16.690000534057617,2.125999927520752,98.62000274658205,8712.0498046875,18.969999313354492,2044.1600341796875,0.11,1.73
2015-03-11,24.02400016784668,1247600.0,1150.699951171875,62.7130012512207,15.345000267028809,16.8700008392334,2.1089999675750732,99.8000030517578,8699.9501953125,20.010000228881836,2040.239990234375,0.11,1.72
2015-03-12,23.9685001373291,1538500.0,1152.0999755859375,62.755001068115234,15.493000030517578,15.420000076293944,2.0959999561309814,99.1500015258789,8776.0,19.06999969482422,2065.949951171875,0.11,1.71
2015-03-13,23.91699981689453,1807300.0,1152.5999755859375,62.53499984741211,15.47700023651123,16.0,2.111999988555908,100.33000183105467,8647.75,18.899999618530273,2053.39990234375,0.11,1.69
2015-03-16,23.927000045776367,1042000.0,1153.300048828125,63.07600021362305,15.60099983215332,15.609999656677246,2.0980000495910645,99.5999984741211,8633.150390625,19.13999938964844,2081.18994140625,0.11,1.65
2015-03-17,23.809499740600582,970300.0,1148.300048828125,62.78900146484375,15.562000274658203,15.65999984741211,2.058000087738037,99.58999633789062,8723.2998046875,20.829999923706055,2074.280029296875,0.11,1.64
2015-03-18,23.743999481201172,1370800.0,1151.4000244140625,62.61600112915039,15.524999618530272,13.970000267028809,1.950999975204468,98.5500030517578,8685.900390625,18.649999618530273,2099.5,0.11,1.7
2015-03-19,23.78499984741211,1411500.0,1169.0999755859375,62.69300079345703,16.097999572753906,14.06999969482422,1.9769999980926511,99.0999984741211,8634.650390625,17.25,2089.27001953125,0.11,1.79
2015-03-20,23.812000274658203,1322100.0,1184.800048828125,62.483001708984375,16.867000579833984,13.020000457763672,1.9299999475479128,97.91000366210938,8570.900390625,17.209999084472656,2108.10009765625,0.11,1.76
2015-03-23,23.900999069213867,4498900.0,1188.0,62.40299987792969,16.871999740600586,13.40999984741211,1.9149999618530271,97.02999877929688,8550.900390625,17.260000228881836,2104.419921875,0.11,1.75
2015-03-24,24.04700088500977,1329300.0,1191.699951171875,62.222999572753906,16.96299934387207,13.619999885559082,1.878000020980835,97.19000244140624,8542.9501953125,16.84000015258789,2091.5,0.11,1.77
2015-03-25,24.024499893188477,1390900.0,1197.300048828125,62.27799987792969,16.979999542236328,15.4399995803833,1.919999957084656,96.9800033569336,8530.7998046875,16.3799991607666,2061.050048828125,0.11,1.81
2015-03-26,24.550500869750977,2491600.0,1205.0999755859375,62.46200180053711,17.121999740600586,15.800000190734863,2.006999969482422,97.44000244140624,8342.150390625,16.020000457763672,2056.14990234375,0.11,1.8
2015-03-27,24.19499969482422,1094500.0,1199.800048828125,62.82899856567383,17.052000045776367,15.06999969482422,1.9479999542236328,97.29000091552734,8341.400390625,15.829999923706056,2061.02001953125,0.11,1.76
2015-03-30,24.111000061035156,960300.0,1184.800048828125,62.51499938964844,16.656999588012695,14.510000228881836,1.9630000591278076,97.9800033569336,8492.2998046875,16.639999389648438,2086.239990234375,0.11,1.73
2015-03-31,23.989500045776367,985500.0,1183.0999755859375,62.50899887084961,16.58099937438965,15.289999961853027,1.934000015258789,98.36000061035156,8491.0,16.34000015258789,2067.889892578125,0.11,1.76
2015-04-01,24.13599967956543,1416500.0,1208.0999755859375,62.305999755859375,17.04400062561035,15.109999656677246,1.868000030517578,98.19000244140624,8586.25,16.040000915527344,2059.68994140625,0.12,1.8
2015-04-06,24.636999130249023,1974200.0,1218.5999755859375,62.060001373291016,17.094999313354492,14.739999771118164,1.9040000438690183,97.11000061035156,8659.900390625,15.739999771118164,2080.6201171875,0.12,1.85
2015-04-07,24.538999557495117,2016800.0,1210.5999755859375,62.060001373291016,16.825000762939453,14.779999732971191,1.89300000667572,97.83000183105467,8660.2998046875,15.199999809265137,2076.330078125,0.12,1.85
2015-04-08,24.5575008392334,910100.0,1203.0999755859375,62.30899810791016,16.440000534057617,13.979999542236328,1.8949999809265137,98.06999969482422,8714.400390625,14.789999961853027,2081.89990234375,0.12,1.84
2015-04-09,24.207000732421875,744800.0,1193.5999755859375,62.18199920654297,16.163999557495117,13.09000015258789,1.9579999446868896,99.16000366210938,8778.2998046875,15.0,2091.179931640625,0.12,1.84
2015-04-10,24.33650016784668,648500.0,1204.5999755859375,62.31399917602539,16.3700008392334,12.579999923706056,1.950999975204468,99.38999938964844,8780.349609375,14.229999542236328,2102.06005859375,0.12,1.82
2015-04-13,24.36050033569336,681200.0,1199.300048828125,62.26900100708008,16.280000686645508,13.9399995803833,1.9390000104904177,99.48999786376952,8834.0,14.789999961853027,2092.429931640625,0.12,1.8
2015-04-15,24.187999725341797,1849800.0,1201.5,62.31399917602539,16.268999099731445,12.84000015258789,1.899999976158142,98.33000183105467,8834.0,14.600000381469728,2106.6298828125,0.12,1.84
2015-04-16,24.403499603271484,1146600.0,1198.0,62.38999938964844,16.275999069213867,12.600000381469728,1.878000020980835,97.41999816894533,8706.7001953125,14.539999961853027,2104.989990234375,0.12,1.85
2015-04-17,24.43600082397461,1371200.0,1202.9000244140625,62.32600021362305,16.22100067138672,13.890000343322754,1.850000023841858,97.5199966430664,8606.0,14.470000267028809,2081.179931640625,0.12,1.89
2015-04-20,24.611499786376953,1785400.0,1193.5,62.542999267578125,15.883000373840332,13.300000190734863,1.8949999809265137,97.94000244140624,8448.099609375,15.390000343322754,2100.39990234375,0.12,1.89
2015-04-21,24.85700035095215,5124600.0,1202.9000244140625,63.14500045776367,16.00200080871582,13.25,1.9160000085830688,97.9800033569336,8377.75,15.039999961853027,2097.2900390625,0.12,1.86
2015-04-22,24.60099983215332,1365700.0,1186.9000244140625,62.87799835205078,15.791000366210938,12.710000038146973,1.972000002861023,98.0199966430664,8429.7001953125,15.789999961853027,2107.9599609375,0.12,1.87
2015-04-23,24.441499710083008,1370800.0,1194.4000244140625,62.935001373291016,15.824000358581545,12.479999542236328,1.9470000267028809,97.27999877929688,8398.2998046875,15.869999885559082,2112.929931640625,0.12,1.89
2015-04-24,24.59600067138672,2826900.0,1175.199951171875,63.2869987487793,15.630999565124512,12.289999961853027,1.9170000553131104,96.91999816894533,8305.25,16.389999389648438,2117.68994140625,0.12,1.89
2015-04-27,24.453500747680664,1178700.0,1203.300048828125,63.654998779296875,16.389999389648438,13.119999885559082,1.924000024795532,96.7699966430664,8213.7998046875,16.420000076293945,2108.919921875,0.12,1.91
2015-04-28,24.63450050354004,1379600.0,1214.0,63.13999938964844,16.586999893188477,12.40999984741211,1.9730000495910645,96.08999633789062,8285.599609375,16.190000534057617,2114.760009765625,0.12,1.89
2015-04-29,24.73550033569336,1299600.0,1209.800048828125,63.03300094604492,16.670000076293945,13.390000343322754,2.0350000858306885,95.12000274658205,8239.75,15.949999809265137,2106.85009765625,0.12,1.92
2015-04-30,24.842500686645508,2501100.0,1182.4000244140625,63.44200134277344,16.124000549316406,14.550000190734863,2.0460000038146973,94.5999984741211,8181.5,16.760000228881836,2085.510009765625,0.12,1.94
2015-05-04,24.52750015258789,756600.0,1186.800048828125,63.52299880981445,16.417999267578125,12.850000381469728,2.134999990463257,95.4800033569336,8331.9501953125,17.6200008392334,2114.489990234375,0.12,1.92
2015-05-05,24.480499267578125,683000.0,1193.199951171875,63.59299850463867,16.55699920654297,14.3100004196167,2.1760001182556152,95.12999725341795,8324.7998046875,17.149999618530273,2089.4599609375,0.12,1.94
2015-05-06,24.602500915527344,3245900.0,1190.300048828125,63.34400177001953,16.483999252319336,15.149999618530272,2.240000009536743,94.12999725341795,8097.0,17.530000686645508,2080.14990234375,0.12,1.91
2015-05-07,24.68400001525879,1683700.0,1182.4000244140625,63.65999984741211,16.27199935913086,15.130000114440918,2.184000015258789,94.62000274658205,8057.2998046875,17.90999984741211,2088.0,0.12,1.88
2015-05-08,24.642499923706055,720400.0,1189.0999755859375,64.08200073242188,16.441999435424805,12.859999656677246,2.1500000953674316,94.79000091552734,8191.5,15.84000015258789,2116.10009765625,0.12,1.88
2015-05-11,24.611000061035156,719300.0,1183.199951171875,63.70399856567383,16.29800033569336,13.850000381469728,2.2739999294281006,95.01000213623048,8325.25,15.9399995803833,2105.330078125,0.12,1.88
2015-05-12,24.708999633789062,1217200.0,1192.5999755859375,64.0199966430664,16.510000228881836,13.859999656677246,2.259999990463257,94.52999877929688,8126.9501953125,15.630000114440918,2099.1201171875,0.12,1.88
2015-05-13,24.843000411987305,1117100.0,1218.4000244140625,64.21099853515625,17.207000732421875,13.760000228881836,2.2820000648498535,93.62000274658205,8235.4501953125,15.93000030517578,2098.47998046875,0.12,1.86
2015-05-14,25.166000366210938,2160300.0,1225.4000244140625,64.04399871826172,17.448999404907227,12.739999771118164,2.239000082015991,93.36000061035156,8224.2001953125,16.209999084472656,2121.10009765625,0.12,1.87
2015-05-15,25.065500259399418,821000.0,1225.5,63.40800094604492,17.545000076293945,12.380000114440918,2.1410000324249268,93.13999938964844,8262.349609375,15.479999542236328,2122.72998046875,0.12,1.83
2015-05-18,25.315000534057617,2504300.0,1227.800048828125,63.43299865722656,17.711999893188477,12.729999542236328,2.2279999256134033,94.19000244140624,8373.650390625,15.8100004196167,2129.199951171875,0.12,1.86
2015-05-19,25.12849998474121,934900.0,1206.9000244140625,63.729000091552734,17.049999237060547,12.850000381469728,2.26200008392334,95.2699966430664,8365.650390625,15.880000114440918,2127.830078125,0.12,1.85
2015-05-20,24.97450065612793,810500.0,1208.9000244140625,63.78499984741211,17.091999053955078,12.880000114440918,2.250999927520752,95.4499969482422,8423.25,15.25,2125.85009765625,0.12,1.88
2015-05-21,24.995500564575195,754100.0,1204.4000244140625,63.625,17.111000061035156,12.109999656677246,2.184999942779541,95.26000213623048,8421.0,14.619999885559082,2130.820068359375,0.12,1.84
2015-05-22,24.837499618530273,695100.0,1204.300048828125,63.625999450683594,17.030000686645508,12.130000114440918,2.2149999141693115,96.01000213623048,8458.9501953125,14.1899995803833,2126.06005859375,0.12,1.87
2015-05-25,24.793500900268555,611200.0,1204.300048828125,63.483001708984375,17.030000686645508,12.130000114440918,2.2149999141693115,96.01000213623048,8370.25,14.1899995803833,2126.06005859375,0.12,1.87
2015-05-26,24.729999542236328,951700.0,1187.199951171875,63.57099914550781,16.733999252319336,14.0600004196167,2.13700008392334,97.3000030517578,8339.349609375,15.220000267028809,2104.199951171875,0.12,1.82
2015-05-27,24.66200065612793,683700.0,1185.9000244140625,63.97600173950195,16.63800048828125,13.270000457763672,2.134999990463257,97.37000274658205,8334.599609375,14.079999923706056,2123.47998046875,0.12,1.8
2015-05-28,24.620500564575195,500800.0,1188.0999755859375,63.874000549316406,16.652999877929688,13.3100004196167,2.130000114440918,96.97000122070312,8319.0,14.510000228881836,2120.7900390625,0.12,1.8
2015-05-29,24.598499298095703,580400.0,1189.4000244140625,63.82500076293945,16.68400001525879,13.84000015258789,2.0950000286102295,96.91000366210938,8433.650390625,13.989999771118164,2107.389892578125,0.12,1.8
2015-06-01,24.511499404907227,782500.0,1188.300048828125,63.73600006103515,16.663999557495117,13.970000267028809,2.191999912261963,97.38999938964844,8433.400390625,14.880000114440918,2111.72998046875,0.13,1.8
2015-06-02,24.684999465942383,1134700.0,1194.0999755859375,63.61000061035156,16.783000946044922,14.239999771118164,2.2660000324249268,95.83999633789062,8236.4501953125,14.859999656677246,2109.60009765625,0.13,1.83
2015-06-03,24.66550064086914,1112100.0,1184.699951171875,63.6619987487793,16.464000701904297,13.65999984741211,2.365999937057495,95.47000122070312,8135.10009765625,15.149999618530272,2114.070068359375,0.13,1.83
2015-06-04,24.61599922180176,942100.0,1174.9000244140625,64.05899810791016,16.089000701904297,14.710000038146973,2.306999921798706,95.45999908447266,8130.64990234375,16.010000228881836,2095.840087890625,0.13,1.81
2015-06-05,24.4424991607666,1226400.0,1167.800048828125,64.0009994506836,15.970999717712402,14.210000038146973,2.4019999504089355,96.30999755859376,8114.7001953125,15.119999885559082,2092.830078125,0.13,1.86
2015-06-08,24.479999542236328,1190800.0,1173.199951171875,63.762001037597656,15.951000213623049,15.289999961853027,2.38100004196167,95.3000030517578,8044.14990234375,15.140000343322754,2079.280029296875,0.13,1.85
2015-06-09,24.474000930786133,986500.0,1177.300048828125,63.97600173950195,15.949000358581545,14.470000267028809,2.4170000553131104,95.16999816894533,8022.39990234375,14.829999923706056,2080.14990234375,0.13,1.86
2015-06-10,24.51799964904785,1254000.0,1186.0999755859375,64.03800201416016,15.95199966430664,13.220000267028809,2.4779999256134033,94.6500015258789,8124.4501953125,14.369999885559082,2105.199951171875,0.13,1.87
2015-06-11,24.284500122070312,4231600.0,1179.9000244140625,63.79899978637695,15.95300006866455,12.850000381469728,2.382999897003174,94.9800033569336,7965.35009765625,14.300000190734863,2108.860107421875,0.13,1.83
2015-06-12,24.444499969482425,1445700.0,1178.800048828125,63.999000549316406,15.817999839782717,13.779999732971191,2.384999990463257,94.97000122070312,7982.89990234375,13.989999771118164,2094.110107421875,0.13,1.84
2015-06-15,24.411500930786133,2412300.0,1185.300048828125,64.09200286865234,16.076000213623047,15.390000343322754,2.3580000400543213,94.80999755859376,8013.89990234375,14.34000015258789,2084.429931640625,0.13,1.85
2015-06-16,24.479999542236328,1228500.0,1180.5,64.052001953125,15.958000183105469,14.8100004196167,2.318000078201294,95.0,8047.2998046875,14.359999656677246,2096.2900390625,0.13,1.88
2015-06-17,24.438499450683594,815800.0,1176.4000244140625,64.18199920654297,15.9399995803833,14.5,2.305999994277954,94.3000030517578,8091.5498046875,13.579999923706056,2100.43994140625,0.13,1.9
2015-06-18,24.597999572753903,1340800.0,1201.5,64.00299835205078,16.148000717163086,13.1899995803833,2.3510000705718994,94.04000091552734,8174.60009765625,13.529999732971191,2121.239990234375,0.13,1.89
2015-06-19,24.56999969482422,888200.0,1201.5,63.64500045776367,16.104000091552734,13.960000038146973,2.2669999599456787,94.08999633789062,8224.9501953125,13.260000228881836,2109.989990234375,0.13,1.86
2015-06-22,24.445999145507812,1053400.0,1183.699951171875,63.492000579833984,16.136999130249023,12.739999771118164,2.359999895095825,94.33000183105467,8353.099609375,13.850000381469728,2122.85009765625,0.13,1.9
2015-06-23,24.249500274658203,1078500.0,1176.199951171875,63.50699996948242,15.732000350952148,12.109999656677246,2.4089999198913574,95.43000030517578,8381.5498046875,13.890000343322754,2124.199951171875,0.13,1.92
2015-06-24,24.14349937438965,1160000.0,1172.5999755859375,63.599998474121094,15.847999572753906,13.260000228881836,2.371000051498413,95.26000213623048,8360.849609375,13.829999923706056,2108.580078125,0.13,1.9
2015-06-25,24.23699951171875,1029300.0,1171.5,63.5620002746582,15.80500030517578,14.010000228881836,2.3929998874664307,95.19000244140624,8398.0,13.119999885559082,2102.31005859375,0.13,1.91
2015-06-26,24.207000732421875,821500.0,1172.9000244140625,63.51100158691406,15.734999656677246,14.020000457763672,2.4760000705718994,95.47000122070312,8381.099609375,13.220000267028809,2101.489990234375,0.13,1.92
2015-06-29,24.30699920654297,2634900.0,1178.5,63.444000244140625,15.663999557495115,18.850000381469727,2.3310000896453857,94.79000091552734,8318.400390625,14.5,2057.639892578125,0.13,1.87
2015-06-30,24.19849967956543,647300.0,1171.5,63.7239990234375,15.550999641418455,18.229999542236328,2.3350000381469727,95.48999786376952,8368.5,15.34000015258789,2063.110107421875,0.13,1.87
2015-07-01,24.177000045776367,713700.0,1169.0,63.59000015258789,15.552000045776367,16.09000015258789,2.4179999828338623,96.30999755859376,8453.0498046875,14.859999656677246,2077.419921875,0.13,1.89
2015-07-02,24.026500701904297,1028400.0,1163.0,63.57400131225586,15.536999702453612,16.790000915527344,2.3929998874664307,96.11000061035156,8444.900390625,14.420000076293944,2076.780029296875,0.13,1.91
2015-07-03,23.947999954223633,968500.0,1163.0,63.369998931884766,15.536999702453612,16.790000915527344,2.3929998874664307,96.11000061035156,8484.900390625,14.420000076293944,2076.780029296875,0.13,1.91
2015-07-06,23.916500091552734,1340000.0,1172.9000244140625,63.40399932861328,15.72599983215332,17.010000228881836,2.2780001163482666,96.3000030517578,8522.150390625,14.25,2068.760009765625,0.13,1.87
2015-07-07,23.996000289916992,1065400.0,1152.4000244140625,63.3650016784668,14.949999809265137,16.09000015258789,2.2309999465942383,96.87000274658205,8510.7998046875,15.229999542236328,2081.340087890625,0.13,1.87
2015-07-08,23.973499298095703,2057800.0,1163.300048828125,63.51800155639648,15.147000312805176,19.65999984741211,2.2060000896453857,96.29000091552734,8363.0498046875,15.779999732971191,2046.6800537109375,0.13,1.83
2015-07-09,24.1200008392334,1693900.0,1159.0,63.5620002746582,15.345000267028809,19.969999313354492,2.3010001182556152,96.61000061035156,8328.5498046875,15.470000267028809,2051.31005859375,0.13,1.85
2015-07-10,23.97800064086914,542600.0,1157.699951171875,63.36399841308594,15.468000411987305,16.829999923706055,2.4170000553131104,96.02999877929688,8360.5498046875,14.420000076293944,2076.6201171875,0.13,1.87
2015-07-13,23.829999923706055,1239900.0,1155.199951171875,63.35200119018555,15.435999870300291,13.899999618530272,2.430000066757202,96.86000061035156,8459.650390625,13.43000030517578,2099.60009765625,0.13,1.86
2015-07-14,23.77949905395508,785200.0,1153.300048828125,63.51399993896485,15.295000076293944,13.369999885559082,2.3989999294281006,96.63999938964844,8454.099609375,13.25,2108.949951171875,0.13,1.85
2015-07-15,23.791500091552734,1404300.0,1147.199951171875,63.32400131225586,15.027999877929688,13.229999542236328,2.3499999046325684,97.12999725341795,8523.7998046875,14.350000381469728,2107.39990234375,0.13,1.84
2015-07-16,23.627500534057617,1434800.0,1143.800048828125,63.52399826049805,14.96399974822998,12.109999656677246,2.3519999980926514,97.66000366210938,8608.0498046875,14.050000190734863,2124.2900390625,0.13,1.84
2015-07-17,23.60449981689453,1272500.0,1131.800048828125,63.48199844360352,14.81999969482422,11.949999809265137,2.3489999771118164,97.86000061035156,8609.849609375,16.31999969482422,2126.639892578125,0.13,1.83
2015-07-20,23.328500747680664,3431000.0,1106.699951171875,63.48400115966797,14.744999885559082,12.25,2.371999979019165,98.02999877929688,8603.4501953125,19.729999542236328,2128.280029296875,0.13,1.82
2015-07-21,23.38450050354004,2148900.0,1103.4000244140625,63.625,14.769000053405762,12.220000267028809,2.3399999141693115,97.33000183105467,8529.4501953125,19.559999465942383,2119.2099609375,0.13,1.82
2015-07-22,22.85099983215332,7019100.0,1091.4000244140625,63.58300018310547,14.71399974822998,12.119999885559082,2.322000026702881,97.5999984741211,8633.5,19.59000015258789,2114.14990234375,0.13,1.8
2015-07-23,22.92849922180176,3116800.0,1094.0,63.66400146484375,14.68299961090088,12.640000343322754,2.2769999504089355,97.12000274658205,8589.7998046875,19.38999938964844,2102.14990234375,0.13,1.79
2015-07-24,22.864999771118164,2166700.0,1085.5999755859375,63.847999572753906,14.47700023651123,13.739999771118164,2.2709999084472656,97.23999786376952,8521.5498046875,19.270000457763672,2079.64990234375,0.13,1.76
2015-07-27,22.93000030517578,2984200.0,1096.5,64.0999984741211,14.593999862670898,15.600000381469728,2.2279999256134033,96.5,8361.0,20.059999465942383,2067.639892578125,0.13,1.73
2015-07-28,22.89800071716309,1272300.0,1096.300048828125,64.21700286865234,14.630999565124512,13.4399995803833,2.25,96.7699966430664,8337.0,18.399999618530273,2093.25,0.13,1.75
2015-07-29,22.799999237060547,1108300.0,1092.699951171875,63.8390007019043,14.734000205993652,12.5,2.2790000438690186,96.9800033569336,8375.0498046875,17.219999313354492,2108.570068359375,0.13,1.77
2015-07-30,22.728500366210938,1250800.0,1088.4000244140625,63.882999420166016,14.690999984741213,12.130000114440918,2.2679998874664307,97.55999755859376,8421.7998046875,17.06999969482422,2108.6298828125,0.13,1.77
2015-07-31,22.697500228881836,1168100.0,1094.9000244140625,64.11799621582031,14.746000289916992,12.119999885559082,2.2049999237060547,97.37000274658205,8532.849609375,16.790000915527344,2103.840087890625,0.13,1.74
2015-08-03,22.74099922180176,1601000.0,1089.4000244140625,63.97999954223633,14.515999794006348,12.5600004196167,2.1500000953674316,97.48999786376952,8543.0498046875,17.579999923706055,2098.0400390625,0.14,1.7
2015-08-04,22.687999725341797,1589600.0,1090.699951171875,64.1240005493164,14.550000190734863,13.0,2.2109999656677246,97.93000030517578,8516.900390625,17.239999771118164,2093.320068359375,0.14,1.71
2015-08-05,22.511999130249023,3468400.0,1085.699951171875,63.819000244140625,14.54599952697754,12.510000228881836,2.2679998874664307,97.95999908447266,8567.9501953125,17.739999771118164,2099.840087890625,0.14,1.7
2015-08-06,22.48550033569336,1785700.0,1090.199951171875,63.69599914550781,14.670000076293944,13.770000457763672,2.2339999675750732,97.83000183105467,8588.650390625,17.25,2083.56005859375,0.14,1.67
2015-08-07,22.61050033569336,2538900.0,1094.0999755859375,63.733001708984375,14.815999984741213,13.390000343322754,2.174999952316284,97.55999755859376,8564.599609375,16.59000015258789,2077.570068359375,0.14,1.66
2015-08-10,22.70199966430664,1661100.0,1104.199951171875,63.733001708984375,15.288999557495115,12.229999542236328,2.23799991607666,97.16000366210938,8525.599609375,16.40999984741211,2104.179931640625,0.14,1.69
2015-08-11,23.14299964904785,4757100.0,1107.5999755859375,63.8380012512207,15.281000137329102,13.710000038146973,2.13700008392334,97.29000091552734,8462.349609375,16.530000686645508,2084.070068359375,0.14,1.66
2015-08-12,23.459999084472656,2881100.0,1123.199951171875,64.32599639892578,15.472999572753906,13.609999656677246,2.130000114440918,96.26000213623048,8349.4501953125,16.799999237060547,2086.050048828125,0.14,1.62
2015-08-13,23.545000076293945,1751800.0,1115.699951171875,64.79900360107422,15.395999908447266,13.489999771118164,2.188999891281128,96.4499969482422,8355.849609375,15.84000015258789,2083.389892578125,0.14,1.62
2015-08-14,23.503999710083008,1629900.0,1112.9000244140625,65.26899719238281,15.210000038146973,12.829999923706056,2.196000099182129,96.56999969482422,8518.5498046875,15.59000015258789,2091.5400390625,0.14,1.62
2015-08-17,23.645000457763672,1314900.0,1118.5999755859375,65.12200164794922,15.295000076293944,13.020000457763672,2.1500000953674316,96.81999969482422,8477.2998046875,15.399999618530272,2102.43994140625,0.14,1.58
2015-08-18,23.75749969482422,1203800.0,1117.0999755859375,65.44300079345703,14.786999702453612,13.789999961853027,2.196000099182129,96.97000122070312,8466.5498046875,15.84000015258789,2096.919921875,0.14,1.58
2015-08-19,23.75550079345703,858200.0,1128.0999755859375,65.44599914550781,15.175999641418455,15.25,2.128999948501587,96.45999908447266,8495.150390625,15.960000038146973,2079.610107421875,0.14,1.57
2015-08-20,24.087499618530273,2152400.0,1153.0,65.05400085449219,15.517000198364258,19.13999938964844,2.0840001106262207,95.75,8372.75,16.8700008392334,2035.72998046875,0.14,1.56
2015-08-21,24.4424991607666,3871200.0,1159.5999755859375,65.46099853515625,15.300999641418455,28.030000686645508,2.053999900817871,94.83000183105467,8299.9501953125,18.479999542236328,1970.8900146484375,0.14,1.53
2015-08-24,24.73900032043457,4158300.0,1153.4000244140625,66.0260009765625,14.76200008392334,40.7400016784668,1.996999979019165,93.30999755859376,7809.0,21.260000228881836,1893.2099609375,0.14,1.49
2015-08-25,24.44650077819824,2811800.0,1138.199951171875,66.80699920654297,14.609999656677246,36.02000045776367,2.132999897003174,94.52999877929688,7880.7001953125,20.200000762939453,1867.6099853515625,0.14,1.53
2015-08-26,24.171499252319336,1101800.0,1124.5999755859375,66.28299713134766,14.045000076293944,30.31999969482422,2.171999931335449,95.0999984741211,7791.85009765625,20.030000686645508,1940.510009765625,0.14,1.53
2015-08-27,23.961000442504883,788800.0,1122.4000244140625,66.05599975585938,14.42099952697754,26.100000381469727,2.1679999828338623,95.61000061035156,7948.9501953125,18.739999771118164,1987.6600341796875,0.14,1.58
2015-08-28,24.132999420166016,929900.0,1133.0999755859375,66.05500030517578,14.53499984741211,26.049999237060547,2.186000108718872,96.11000061035156,8001.9501953125,18.799999237060547,1988.8699951171875,0.14,1.61
2015-08-31,24.312999725341797,1431900.0,1131.5999755859375,66.14299774169922,14.57699966430664,28.43000030517578,2.200000047683716,95.9499969482422,7971.2998046875,19.34000015258789,1972.1800537109375,0.14,1.63
2015-09-01,24.450000762939453,1670300.0,1138.699951171875,66.3499984741211,14.61299991607666,31.399999618530273,2.171999931335449,95.4499969482422,7785.85009765625,19.649999618530273,1913.8499755859375,0.14,1.57
2015-09-02,24.27750015258789,1523100.0,1132.5,66.4229965209961,14.66100025177002,26.09000015258789,2.193000078201294,95.83000183105467,7717.0,18.649999618530273,1948.8599853515625,0.14,1.56
2015-09-03,24.083999633789062,718900.0,1123.699951171875,66.22599792480469,14.70199966430664,25.61000061035156,2.1679999828338623,96.41000366210938,7823.0,18.56999969482422,1951.1300048828125,0.14,1.54
2015-09-04,24.069000244140625,1161900.0,1120.5999755859375,66.16000366210938,14.543999671936035,27.799999237060547,2.128000020980835,96.2300033569336,7655.0498046875,18.6200008392334,1921.219970703125,0.14,1.51
2015-09-07,24.118499755859375,2368400.0,1120.5999755859375,66.6780014038086,14.543999671936035,27.799999237060547,2.128000020980835,96.2300033569336,7558.7998046875,18.6200008392334,1921.219970703125,0.14,1.51
2015-09-08,24.10300064086914,967300.0,1120.4000244140625,66.8030014038086,14.75,24.899999618530273,2.194000005722046,95.87999725341795,7688.25,18.309999465942383,1969.4100341796875,0.14,1.53
2015-09-09,23.980499267578125,1841500.0,1102.199951171875,66.40599822998047,14.567999839782717,26.229999542236328,2.180999994277954,96.01000213623048,7818.60009765625,17.799999237060547,1942.0400390625,0.14,1.56
2015-09-10,23.76549911499023,1971000.0,1109.5,66.59700012207031,14.633999824523926,24.3700008392334,2.2219998836517334,95.45999908447266,7788.10009765625,16.889999389648438,1952.2900390625,0.14,1.59
2015-09-11,23.808000564575195,690000.0,1103.5,66.31900024414062,14.489999771118164,23.200000762939453,2.183000087738037,95.19000244140624,7789.2998046875,17.3799991607666,1961.050048828125,0.14,1.59
2015-09-14,23.749000549316406,1553000.0,1107.699951171875,66.23400115966797,14.357000350952148,24.25,2.180000066757202,95.25,7872.25,17.6299991607666,1953.030029296875,0.14,1.56
2015-09-15,23.73349952697754,1341800.0,1102.800048828125,66.31500244140625,14.319000244140623,22.540000915527344,2.2809998989105225,95.61000061035156,7829.10009765625,17.690000534057617,1978.0899658203125,0.14,1.56
2015-09-16,23.760000228881836,2041700.0,1119.199951171875,66.43000030517578,14.878000259399414,21.350000381469727,2.302999973297119,95.41999816894533,7899.14990234375,18.049999237060547,1995.31005859375,0.14,1.57
2015-09-18,24.107500076293945,1575400.0,1138.0999755859375,66.12200164794922,15.154000282287598,22.280000686645508,2.130000114440918,94.86000061035156,7981.89990234375,16.459999084472656,1958.030029296875,0.14,1.55
2015-09-21,23.975500106811523,1659900.0,1133.0999755859375,65.86100006103516,15.215999603271484,20.13999938964844,2.2139999866485596,95.88999938964844,7977.10009765625,16.59000015258789,1966.969970703125,0.14,1.54
2015-09-22,23.947500228881836,1137200.0,1125.0,65.73899841308594,14.75,22.440000534057617,2.125,96.27999877929688,7812.0,17.350000381469727,1942.739990234375,0.14,1.51
2015-09-23,23.840999603271484,877800.0,1131.5999755859375,65.875,14.779999732971191,22.1299991607666,2.1440000534057617,96.06999969482422,7845.9501953125,17.34000015258789,1938.760009765625,0.14,1.52
2015-09-24,24.100500106811523,1027400.0,1153.800048828125,66.16200256347656,15.125,23.469999313354492,2.119999885559082,95.98999786376952,7868.5,19.260000228881836,1932.239990234375,0.14,1.49
2015-09-28,24.072999954223633,1853700.0,1132.0,66.16300201416016,14.538000106811523,27.6299991607666,2.0950000286102295,96.02999877929688,7795.7001953125,18.280000686645508,1881.77001953125,0.14,1.39
2015-09-29,23.892499923706055,1429700.0,1127.0999755859375,66.26000213623047,14.569000244140623,26.829999923706055,2.053999900817871,95.88999938964844,7843.2998046875,17.670000076293945,1884.0899658203125,0.14,1.39
2015-09-30,23.8700008392334,1224000.0,1115.5,65.91999816894531,14.512999534606934,24.5,2.059999942779541,96.3499984741211,7948.89990234375,17.469999313354492,1920.030029296875,0.14,1.41
2015-10-01,23.661500930786133,643900.0,1114.199951171875,65.5270004272461,14.505999565124512,22.549999237060547,2.0420000553131104,96.19000244140624,7950.89990234375,16.899999618530273,1923.8199462890625,0.12,1.46
2015-10-05,23.88450050354004,892900.0,1138.0999755859375,65.35700225830078,15.70199966430664,19.540000915527344,2.055999994277954,96.11000061035156,8119.2998046875,16.68000030517578,1987.050048828125,0.12,1.51
2015-10-06,23.96299934387207,868800.0,1146.800048828125,65.12300109863281,15.979000091552734,19.399999618530273,2.0350000858306885,95.45999908447266,8152.89990234375,17.540000915527344,1979.9200439453125,0.12,1.52
2015-10-07,24.052000045776367,1218900.0,1149.0,65.18399810791016,16.08799934387207,18.399999618530273,2.062000036239624,95.5,8177.39990234375,17.1299991607666,1995.8299560546875,0.12,1.55
2015-10-08,23.962499618530273,533900.0,1144.699951171875,64.93900299072266,15.760000228881836,17.420000076293945,2.1080000400543213,95.31999969482422,8129.35009765625,16.90999984741211,2013.4300537109375,0.12,1.58
2015-10-09,24.125499725341797,914600.0,1156.300048828125,64.99500274658203,15.809000015258787,17.079999923706055,2.0989999771118164,94.80999755859376,8189.7001953125,16.920000076293945,2014.8900146484375,0.12,1.54
2015-10-12,24.32699966430664,1325800.0,1164.9000244140625,64.77200317382812,15.854999542236328,16.170000076293945,2.0899999141693115,94.83999633789062,8143.60009765625,16.239999771118164,2017.4599609375,0.12,1.54
2015-10-13,24.159500122070312,1628500.0,1165.800048828125,64.78199768066406,15.897000312805176,17.670000076293945,2.055000066757202,94.76000213623048,8131.7001953125,17.139999389648438,2003.68994140625,0.12,1.52
2015-10-14,24.425500869750977,1960500.0,1180.0999755859375,65.08499908447266,16.101999282836914,18.030000686645508,1.9809999465942385,93.93000030517578,8107.89990234375,18.350000381469727,1994.239990234375,0.12,1.49
2015-10-15,24.599000930786133,2116900.0,1187.9000244140625,64.8489990234375,16.152000427246094,16.049999237060547,2.0230000019073486,94.37000274658205,8179.5,17.899999618530273,2023.8599853515625,0.12,1.5
2015-10-16,24.486499786376953,1822100.0,1183.5999755859375,64.78399658203125,16.101999282836914,15.050000190734863,2.0230000019073486,94.54000091552734,8238.150390625,16.59000015258789,2033.1099853515625,0.12,1.48
2015-10-19,24.396499633789062,1118600.0,1173.300048828125,64.69499969482422,15.82900047302246,14.979999542236328,2.0280001163482666,94.95999908447266,8275.0498046875,16.940000534057617,2033.6600341796875,0.12,1.45
2015-10-20,24.481000900268555,850600.0,1178.0,64.95099639892578,15.904999732971191,15.75,2.071000099182129,94.8499984741211,8261.650390625,16.790000915527344,2030.77001953125,0.12,1.48
2015-10-21,24.569000244140625,873000.0,1167.5999755859375,64.99400329589844,15.696000099182127,16.700000762939453,2.0299999713897705,95.0500030517578,8251.7001953125,15.899999618530272,2018.93994140625,0.12,1.45
2015-10-23,24.42799949645996,648100.0,1163.300048828125,65.05000305175781,15.817999839782717,14.460000038146973,2.0829999446868896,97.06999969482422,8295.4501953125,15.59000015258789,2075.14990234375,0.12,1.51
2015-10-26,24.326499938964844,705100.0,1167.0,64.88500213623047,15.899999618530272,15.289999961853027,2.058000087738037,96.86000061035156,8260.5498046875,15.779999732971191,2071.179931640625,0.12,1.48
2015-10-27,24.451499938964844,742100.0,1166.800048828125,64.9010009765625,15.857999801635742,15.43000030517578,2.0280001163482666,96.91000366210938,8232.900390625,15.300000190734863,2065.889892578125,0.12,1.48
2015-10-28,24.538999557495117,805900.0,1177.0999755859375,65.06700134277344,16.288000106811523,14.329999923706056,2.0920000076293945,97.77999877929688,8171.2001953125,15.630000114440918,2090.35009765625,0.12,1.47
2015-10-29,24.44700050354004,1007200.0,1147.199951171875,64.94599914550781,15.543999671936035,14.609999656677246,2.1730000972747803,97.27999877929688,8111.75,15.770000457763672,2089.409912109375,0.12,1.52
2015-10-30,24.4064998626709,841900.0,1141.5,65.44400024414062,15.565999984741213,15.06999969482422,2.1510000228881836,96.9499969482422,8065.7998046875,15.390000343322754,2079.360107421875,0.12,1.53
2015-11-02,24.114999771118164,824100.0,1135.800048828125,65.41500091552734,15.413000106811523,14.149999618530272,2.187000036239624,96.93000030517578,8050.7998046875,15.279999732971191,2104.050048828125,0.12,1.55
2015-11-03,23.96699905395508,761100.0,1114.199951171875,65.54100036621094,15.244000434875488,14.539999961853027,2.2200000286102295,97.16000366210938,8060.7001953125,17.190000534057617,2109.7900390625,0.12,1.58
2015-11-04,23.804500579833984,944200.0,1106.5,65.53099822998047,15.062999725341797,15.510000228881836,2.2300000190734863,97.9499969482422,8040.2001953125,18.020000457763672,2102.31005859375,0.12,1.57
2015-11-05,23.795000076293945,917900.0,1104.4000244140625,65.58499908447266,14.98799991607666,15.050000190734863,2.244999885559082,97.94000244140624,7955.4501953125,17.81999969482422,2099.929931640625,0.12,1.55
2015-11-06,23.635000228881836,2234000.0,1087.5999755859375,65.86000061035156,14.696000099182127,14.329999923706056,2.3329999446868896,99.16000366210938,7954.2998046875,17.360000610351562,2099.199951171875,0.12,1.59
2015-11-09,23.77050018310547,5650700.0,1087.9000244140625,66.13300323486328,14.41800022125244,16.520000457763672,2.3420000076293945,98.9800033569336,7915.2001953125,17.549999237060547,2078.580078125,0.12,1.6
2015-11-10,23.493999481201172,1322000.0,1088.199951171875,66.46800231933594,14.355999946594238,15.289999961853027,2.322000026702881,99.29000091552734,7783.35009765625,17.360000610351562,2081.719970703125,0.12,1.55
2015-11-13,23.212499618530273,2686800.0,1080.800048828125,66.0479965209961,14.20300006866455,20.079999923706055,2.2799999713897705,98.98999786376952,7762.25,18.290000915527344,2023.0400390625,0.12,1.52
2015-11-16,23.305999755859375,4428000.0,1083.699951171875,66.0510025024414,14.220999717712402,18.15999984741211,2.2730000019073486,99.44000244140624,7806.60009765625,18.5,2053.18994140625,0.12,1.51
2015-11-17,23.11750030517578,1216500.0,1068.699951171875,65.89700317382812,14.170000076293944,18.84000015258789,2.260999917984009,99.62999725341795,7837.5498046875,20.170000076293945,2050.43994140625,0.12,1.53
2015-11-18,23.03350067138672,1065000.0,1068.800048828125,66.03700256347656,14.079999923706056,16.850000381469727,2.2690000534057617,99.6500015258789,7731.7998046875,19.399999618530273,2083.580078125,0.12,1.56
2015-11-19,23.05349922180176,1295800.0,1078.0,66.07499694824219,14.241999626159668,16.989999771118164,2.247999906539917,98.98999786376952,7842.75,18.040000915527344,2081.239990234375,0.12,1.56
2015-11-20,23.273500442504883,3315900.0,1076.4000244140625,66.08499908447266,14.105999946594238,15.470000267028809,2.26200008392334,99.56999969482422,7856.5498046875,17.260000228881836,2089.169921875,0.12,1.6
2015-11-23,23.10199928283691,1015800.0,1066.800048828125,66.05000305175781,14.041999816894531,15.619999885559082,2.25,99.8000030517578,7849.25,17.700000762939453,2086.590087890625,0.12,1.61
2015-11-24,23.19099998474121,667700.0,1074.300048828125,66.37100219726562,14.168999671936035,15.93000030517578,2.243000030517578,99.52999877929688,7831.60009765625,16.719999313354492,2089.139892578125,0.12,1.62
2015-11-26,23.113000869750977,1061100.0,1070.5,66.38200378417969,14.16800022125244,15.1899995803833,2.2320001125335693,99.8000030517578,7883.7998046875,16.389999389648438,2088.8701171875,0.12,1.61
2015-11-27,23.102500915527344,729100.0,1056.199951171875,66.55799865722656,14.008000373840332,15.119999885559082,2.2249999046325684,100.0199966430664,7942.7001953125,17.15999984741211,2090.110107421875,0.12,1.6
2015-11-30,22.924999237060547,1022800.0,1065.800048828125,66.9000015258789,14.050000190734863,16.1299991607666,2.2179999351501465,100.16999816894533,7935.25,16.90999984741211,2080.409912109375,0.12,1.59
2015-12-01,23.104999542236328,1188800.0,1063.800048828125,66.50800323486328,14.05500030517578,14.670000076293944,2.1549999713897705,99.8000030517578,7954.89990234375,16.6200008392334,2102.6298828125,0.24,1.57
2015-12-02,23.0310001373291,893300.0,1054.199951171875,66.46099853515625,13.979000091552734,15.90999984741211,2.177999973297119,99.98999786376952,7931.35009765625,17.360000610351562,2079.510009765625,0.24,1.56
2015-12-03,22.861000061035156,1117700.0,1061.699951171875,66.55699920654297,14.053000450134276,18.11000061035156,2.3299999237060547,97.62000274658205,7864.14990234375,17.760000228881836,2049.6201171875,0.24,1.61
2015-12-04,22.98150062561035,962500.0,1084.5,66.8030014038086,14.505000114440918,14.8100004196167,2.2750000953674316,98.3499984741211,7781.89990234375,15.960000038146973,2091.68994140625,0.24,1.6
2015-12-07,23.336000442504883,1620100.0,1076.4000244140625,66.63600158691406,14.307000160217283,15.84000015258789,2.2249999046325684,98.66000366210938,7765.39990234375,16.229999542236328,2077.070068359375,0.24,1.56
2015-12-08,23.13599967956543,903500.0,1076.300048828125,66.76799774169922,14.090999603271484,17.600000381469727,2.23799991607666,98.47000122070312,7701.7001953125,16.1200008392334,2063.590087890625,0.24,1.56
2015-12-09,23.284000396728516,1298100.0,1077.5999755859375,66.83300018310547,14.163999557495115,19.61000061035156,2.2079999446868896,97.3499984741211,7612.5,17.389999389648438,2047.6199951171875,0.24,1.53
2015-12-10,23.14550018310547,490200.0,1073.0999755859375,66.88999938964844,14.085000038146973,19.34000015258789,2.239000082015991,97.94000244140624,7683.2998046875,17.06999969482422,2052.22998046875,0.24,1.51
2015-12-11,23.041500091552734,560600.0,1076.9000244140625,66.78600311279297,13.859000205993652,24.38999938964844,2.138999938964844,97.56999969482422,7610.4501953125,18.15999984741211,2012.3699951171875,0.24,1.46
2015-12-14,23.08650016784668,1092200.0,1064.699951171875,67.14099884033203,13.666000366210938,22.729999542236328,2.2249999046325684,97.5999984741211,7650.0498046875,19.049999237060547,2021.93994140625,0.24,1.45
2015-12-15,22.976499557495117,668100.0,1062.9000244140625,67.07099914550781,13.739999771118164,20.950000762939453,2.2679998874664307,98.22000122070312,7700.89990234375,18.09000015258789,2043.4100341796875,0.24,1.48
2015-12-16,22.9689998626709,936200.0,1078.0,66.90299987792969,14.218000411987305,17.860000610351562,2.2869999408721924,97.87000274658205,7750.89990234375,15.40999984741211,2073.070068359375,0.24,1.46
2015-12-17,22.9424991607666,2194500.0,1050.800048828125,66.4280014038086,13.68299961090088,18.940000534057617,2.23799991607666,99.2699966430664,7844.35009765625,16.059999465942383,2041.8900146484375,0.24,1.47
2015-12-18,22.74250030517578,1738400.0,1066.199951171875,66.45899963378906,14.079999923706056,20.700000762939453,2.1989998817443848,98.6999969482422,7761.9501953125,15.0600004196167,2005.550048828125,0.24,1.46
2015-12-21,22.95050048828125,1986700.0,1081.9000244140625,66.24800109863281,14.300999641418455,18.700000762939453,2.197000026702881,98.45999908447266,7834.4501953125,15.31999969482422,2021.1500244140625,0.24,1.45
2015-12-22,23.099000930786133,1911200.0,1074.800048828125,66.26899719238281,14.302000045776367,16.600000381469727,2.239000082015991,98.23999786376952,7786.10009765625,15.170000076293944,2038.969970703125,0.24,1.46
2015-12-23,22.94700050354004,646700.0,1069.4000244140625,66.24299621582031,14.277000427246094,15.56999969482422,2.263999938964844,98.33999633789062,7865.9501953125,14.9399995803833,2064.2900390625,0.24,1.51
2015-12-24,22.93899917602539,420000.0,1077.199951171875,66.15399932861328,14.369000434875488,15.739999771118164,2.243000030517578,97.9800033569336,7861.0498046875,15.020000457763672,2060.989990234375,0.24,1.52
2015-12-28,22.93400001525879,451100.0,1070.5,65.94000244140625,13.873000144958496,16.90999984741211,2.2249999046325684,97.91999816894533,7925.14990234375,16.059999465942383,2056.5,0.24,1.5
2015-12-29,22.991500854492188,813100.0,1077.5,66.13400268554688,13.916999816894531,16.079999923706055,2.306999921798706,98.0999984741211,7928.9501953125,15.220000267028809,2078.360107421875,0.24,1.53
2015-12-30,22.9424991607666,1089700.0,1060.0999755859375,66.26000213623047,13.814000129699709,17.290000915527344,2.302999973297119,98.2699966430664,7896.25,15.25,2063.360107421875,0.24,1.54
2015-12-31,22.792499542236328,844400.0,1060.300048828125,66.45500183105469,13.774999618530272,18.209999084472656,2.2690000534057617,98.62999725341795,7946.35009765625,14.989999771118164,2043.93994140625,0.24,1.54
2016-01-01,22.802000045776367,663400.0,1060.300048828125,66.19300079345703,13.774999618530272,18.209999084472656,2.2690000534057617,98.62999725341795,7946.35009765625,14.989999771118164,2043.93994140625,0.34,1.54
2016-01-04,23.04700088500977,1318100.0,1075.0999755859375,66.19300079345703,13.81700038909912,20.700000762939453,2.244999885559082,98.87000274658205,7791.2998046875,16.06999969482422,2012.6600341796875,0.34,1.55
2016-01-05,23.19650077819824,1615900.0,1078.4000244140625,66.60099792480469,13.949000358581545,19.34000015258789,2.247999906539917,99.4000015258789,7784.64990234375,15.199999809265137,2016.7099609375,0.34,1.56
2016-01-06,23.33099937438965,1129500.0,1091.9000244140625,66.52400207519531,13.95699977874756,20.59000015258789,2.177000045776367,99.18000030517578,7741.0,16.299999237060547,1990.260009765625,0.34,1.53
2016-01-07,23.667999267578125,2973500.0,1107.699951171875,66.7239990234375,14.335000038146973,24.989999771118164,2.1530001163482666,98.22000122070312,7568.2998046875,17.420000076293945,1943.0899658203125,0.34,1.5
2016-01-08,23.60700035095215,1040000.0,1097.800048828125,66.9209976196289,13.907999992370604,27.010000228881836,2.130000114440918,98.54000091552734,7601.35009765625,17.6200008392334,1922.030029296875,0.34,1.48
2016-01-11,23.680500030517575,1594700.0,1096.5,66.83999633789062,13.854999542236328,24.299999237060547,2.1579999923706055,98.7300033569336,7563.85009765625,16.43000030517578,1923.6700439453125,0.34,1.45
2016-01-12,23.63249969482422,591700.0,1085.5999755859375,66.79299926757812,13.739999771118164,22.469999313354492,2.1019999980926514,98.97000122070312,7510.2998046875,16.610000610351562,1938.6800537109375,0.34,1.43
2016-01-13,23.311500549316406,475600.0,1087.5,66.91999816894531,14.145000457763672,25.219999313354492,2.065999984741211,98.93000030517578,7562.39990234375,16.989999771118164,1890.280029296875,0.34,1.43
2016-01-14,23.671499252319336,1476000.0,1073.9000244140625,66.93599700927734,13.737000465393066,23.950000762939453,2.0980000495910645,99.08999633789062,7536.7998046875,16.15999984741211,1921.8399658203125,0.34,1.43
2016-01-15,23.704999923706055,1176200.0,1091.5,67.30400085449219,13.883999824523926,27.020000457763672,2.0329999923706055,98.95999908447266,7437.7998046875,17.420000076293945,1880.3299560546875,0.34,1.36
2016-01-18,23.85099983215332,3503100.0,1091.5,67.76699829101562,13.883999824523926,27.020000457763672,2.0329999923706055,99.12000274658205,7351.0,17.420000076293945,1880.3299560546875,0.34,1.36
2016-01-19,23.76499938964844,1521500.0,1089.9000244140625,67.71099853515625,14.109999656677246,26.049999237060547,2.0350000858306885,98.98999786376952,7435.10009765625,16.170000076293945,1881.3299560546875,0.34,1.38
2016-01-20,23.944000244140625,2587600.0,1107.0999755859375,67.76699829101562,14.147000312805176,27.59000015258789,1.9839999675750732,99.08999633789062,7309.2998046875,16.559999465942383,1859.3299560546875,0.34,1.32
2016-01-21,23.983999252319336,2776000.0,1099.0999755859375,67.9489974975586,14.083000183105469,26.690000534057617,2.0190000534057617,99.05999755859376,7276.7998046875,16.770000457763672,1868.989990234375,0.34,1.28
2016-01-22,23.862499237060547,1344300.0,1097.199951171875,67.80799865722656,14.04300022125244,22.34000015258789,2.0480000972747803,99.56999969482422,7422.4501953125,15.90999984741211,1906.9000244140625,0.34,1.35
2016-01-25,24.0,1296800.0,1106.199951171875,67.54100036621094,14.239999771118164,24.149999618530273,2.0220000743865967,99.36000061035156,7436.14990234375,17.1299991607666,1877.0799560546875,0.34,1.34
2016-01-27,24.274499893188477,3457700.0,1116.0999755859375,67.7699966430664,14.4399995803833,23.11000061035156,2.000999927520752,98.9000015258789,7437.75,16.709999084472656,1882.949951171875,0.34,1.4
2016-01-28,24.299999237060547,1093100.0,1115.5999755859375,68.19599914550781,14.215999603271484,22.420000076293945,1.9850000143051147,98.51000213623048,7424.64990234375,15.40999984741211,1893.3599853515625,0.34,1.42
2016-01-29,24.23349952697754,978100.0,1116.4000244140625,68.09300231933594,14.229000091552734,20.200000762939453,1.930999994277954,99.61000061035156,7563.5498046875,15.729999542236328,1940.239990234375,0.34,1.41
2016-02-01,24.329999923706055,768100.0,1127.9000244140625,67.87000274658203,14.32900047302246,19.979999542236328,1.965999960899353,99.0,7555.9501953125,16.809999465942383,1939.3800048828125,0.38,1.4
2016-02-02,24.48550033569336,1520300.0,1127.300048828125,67.88200378417969,14.276000022888184,21.979999542236328,1.8639999628067017,98.87000274658205,7455.5498046875,16.200000762939453,1903.030029296875,0.38,1.36
2016-02-03,24.530000686645508,2866800.0,1141.300048828125,67.98600006103516,14.720000267028809,21.649999618530273,1.88100004196167,97.29000091552734,7361.7998046875,17.84000015258789,1912.530029296875,0.38,1.38
2016-02-04,24.7185001373291,2940700.0,1157.5999755859375,67.927001953125,14.836000442504885,21.84000015258789,1.8639999628067017,96.47000122070312,7404.0,17.389999389648438,1915.449951171875,0.38,1.36
2016-02-05,24.85099983215332,4022400.0,1157.800048828125,67.56400299072266,14.763999938964844,23.3799991607666,1.8480000495910645,97.02999877929688,7489.10009765625,19.579999923706055,1880.050048828125,0.38,1.33
2016-02-08,25.20249938964844,2575800.0,1197.9000244140625,67.802001953125,15.416000366210938,26.0,1.7350000143051147,96.56999969482422,7387.25,20.3799991607666,1853.43994140625,0.38,1.23
2016-02-09,25.663999557495117,5036800.0,1198.699951171875,68.07599639892578,15.444000244140623,26.540000915527344,1.7289999723434448,96.06999969482422,7298.2001953125,21.719999313354492,1852.2099609375,0.38,1.21
2016-02-10,25.398500442504883,1931000.0,1194.699951171875,67.9280014038086,15.277000427246094,26.290000915527344,1.7050000429153442,95.88999938964844,7215.7001953125,21.36000061035156,1851.8599853515625,0.38,1.21
2016-02-11,25.954500198364254,4094200.0,1247.9000244140625,67.89299774169922,15.788999557495115,28.13999938964844,1.6440000534057615,95.55999755859376,6976.35009765625,28.3700008392334,1829.0799560546875,0.38,1.18
2016-02-12,26.29700088500977,7467000.0,1239.0999755859375,68.4739990234375,15.78499984741211,25.399999618530273,1.7480000257492063,95.9800033569336,6980.9501953125,24.100000381469727,1864.780029296875,0.38,1.25
2016-02-15,25.874500274658203,2834600.0,1239.0999755859375,68.11100006103516,15.78499984741211,25.399999618530273,1.7480000257492063,95.9800033569336,7162.9501953125,24.100000381469727,1864.780029296875,0.38,1.25
2016-02-16,26.024499893188477,2081900.0,1207.9000244140625,68.13700103759766,15.32900047302246,24.11000061035156,1.777999997138977,96.87000274658205,7048.25,24.84000015258789,1895.5799560546875,0.38,1.25
2016-02-17,25.853500366210938,2057200.0,1211.0999755859375,68.50599670410156,15.371999740600586,22.309999465942383,1.819000005722046,96.79000091552734,7108.4501953125,24.530000686645508,1926.8199462890625,0.38,1.28
2016-02-18,25.838499069213867,2825500.0,1226.0999755859375,68.35600280761719,15.427000045776367,21.63999938964844,1.758999943733215,96.9499969482422,7191.75,26.3700008392334,1917.8299560546875,0.38,1.24
2016-02-19,26.125,4396900.0,1230.4000244140625,68.56600189208984,15.368000030517578,20.530000686645508,1.7480000257492063,96.5999984741211,7210.75,24.8799991607666,1917.780029296875,0.38,1.26
2016-02-22,25.881999969482425,2107800.0,1209.5,68.53800201416016,15.178999900817873,19.3799991607666,1.7660000324249268,97.37999725341795,7234.5498046875,23.309999465942383,1945.5,0.38,1.31
2016-02-23,26.16200065612793,2124500.0,1222.300048828125,68.5739974975586,15.234999656677246,20.979999542236328,1.7450000047683716,97.4800033569336,7109.5498046875,23.690000534057617,1921.27001953125,0.38,1.32
2016-02-24,26.243000030517575,2775600.0,1238.699951171875,68.60299682617188,15.291999816894531,20.719999313354492,1.7419999837875366,97.45999908447266,7018.7001953125,24.239999771118164,1929.800048828125,0.38,1.36
2016-02-25,26.39900016784668,2870300.0,1238.199951171875,68.3759994506836,15.164999961853027,19.11000061035156,1.6970000267028809,97.29000091552734,6970.60009765625,23.36000061035156,1951.699951171875,0.38,1.39
2016-02-26,26.35650062561035,2147000.0,1219.800048828125,68.7969970703125,14.689000129699709,19.809999465942383,1.7619999647140503,98.1500015258789,7029.75,21.670000076293945,1948.050048828125,0.38,1.41
2016-02-29,26.489500045776367,2779300.0,1233.9000244140625,68.7300033569336,14.895999908447266,20.549999237060547,1.7400000095367432,98.20999908447266,6987.0498046875,22.59000015258789,1932.22998046875,0.38,1.42
2016-03-01,26.51549911499023,1729500.0,1230.300048828125,68.21800231933594,14.732999801635742,17.700000762939453,1.8339999914169312,98.3499984741211,7222.2998046875,21.969999313354492,1978.3499755859375,0.36,1.48
2016-03-02,26.111499786376953,1494400.0,1241.0999755859375,67.74600219726562,15.003000259399414,17.09000015258789,1.8480000495910645,98.20999908447266,7368.85009765625,22.0,1986.449951171875,0.36,1.51
2016-03-03,26.269500732421875,1792300.0,1257.4000244140625,67.38800048828125,15.130999565124512,16.700000762939453,1.830000042915344,97.56999969482422,7475.60009765625,23.510000228881836,1993.4000244140625,0.36,1.53
2016-03-04,26.67650032043457,2857100.0,1269.9000244140625,67.14299774169922,15.680999755859377,16.860000610351562,1.8830000162124632,97.33999633789062,7485.35009765625,22.309999465942383,1999.989990234375,0.36,1.51
2016-03-08,26.756500244140625,3413400.0,1262.0999755859375,67.0459976196289,15.383999824523926,18.670000076293945,1.8320000171661377,97.20999908447266,7485.2998046875,23.06999969482422,1979.260009765625,0.36,1.46
2016-03-09,26.482999801635746,3405500.0,1256.5999755859375,67.35700225830078,15.354999542236328,18.34000015258789,1.8919999599456787,97.16999816894533,7531.7998046875,22.309999465942383,1989.260009765625,0.36,1.51
2016-03-10,26.3125,1809300.0,1272.0,67.1449966430664,15.54599952697754,18.049999237060547,1.9290000200271609,96.06999969482422,7486.14990234375,23.13999938964844,1989.5699462890625,0.36,1.48
2016-03-11,26.680500030517575,2743500.0,1258.699951171875,67.30899810791016,15.607000350952148,16.5,1.9769999980926511,96.16999816894533,7510.2001953125,21.899999618530273,2022.18994140625,0.36,1.54
2016-03-14,26.60099983215332,1519800.0,1244.4000244140625,66.91300201416016,15.517999649047852,16.920000076293945,1.9630000591278076,96.62000274658205,7538.75,21.13999938964844,2019.6400146484375,0.36,1.52
2016-03-15,26.13050079345703,1944600.0,1230.4000244140625,67.17400360107422,15.255000114440918,16.84000015258789,1.9589999914169312,96.62999725341795,7460.60009765625,19.700000762939453,2015.9300537109375,0.36,1.5
2016-03-16,26.06049919128418,1012700.0,1229.300048828125,67.35900115966797,15.21399974822998,14.989999771118164,1.937999963760376,95.88999938964844,7498.75,20.030000686645508,2027.219970703125,0.36,1.58
2016-03-17,26.45549964904785,1849400.0,1264.5,66.83000183105469,16.02199935913086,14.4399995803833,1.902999997138977,94.76000213623048,7512.5498046875,18.989999771118164,2040.5899658203125,0.36,1.57
2016-03-18,26.18899917602539,907800.0,1253.800048828125,66.61199951171875,15.805999755859377,14.020000457763672,1.871000051498413,94.98999786376952,7604.35009765625,18.149999618530273,2049.580078125,0.36,1.61
2016-03-21,26.04450035095215,876100.0,1243.800048828125,66.3759994506836,15.840999603271484,13.789999961853027,1.9229999780654907,95.29000091552734,7704.25,17.399999618530273,2051.60009765625,0.36,1.64
2016-03-22,26.04750061035156,1587600.0,1248.199951171875,66.5199966430664,15.876999855041504,14.170000076293944,1.934999942779541,95.6500015258789,7714.89990234375,17.6200008392334,2049.800048828125,0.36,1.63
2016-03-23,25.743000030517575,859600.0,1223.699951171875,66.76399993896484,15.262999534606934,14.9399995803833,1.875,96.0500030517578,7716.5,18.0,2036.7099609375,0.36,1.58
2016-03-28,25.337499618530273,3227600.0,1219.9000244140625,66.90699768066406,15.194000244140623,15.239999771118164,1.8700000047683716,95.94000244140624,7615.10009765625,17.530000686645508,2037.050048828125,0.36,1.56
2016-03-29,25.430999755859375,1683300.0,1235.5999755859375,66.90699768066406,15.237000465393066,13.81999969482422,1.8140000104904177,95.16000366210938,7597.0,19.520000457763672,2055.010009765625,0.36,1.61
2016-03-30,25.694499969482425,864800.0,1226.9000244140625,66.36799621582031,15.206000328063965,13.5600004196167,1.830000042915344,94.83999633789062,7735.2001953125,18.579999923706055,2063.949951171875,0.36,1.65
2016-03-31,25.637500762939453,716500.0,1234.199951171875,66.36799621582031,15.460000038146973,13.949999809265137,1.7860000133514404,94.58999633789062,7738.39990234375,18.450000762939453,2059.739990234375,0.36,1.62
2016-04-01,25.78849983215332,1179800.0,1222.199951171875,66.24800109863281,15.041999816894531,13.100000381469728,1.7920000553131104,94.62000274658205,7713.0498046875,18.040000915527344,2072.780029296875,0.37,1.62
2016-04-04,25.475500106811523,1072800.0,1218.0,66.35800170898438,14.94200038909912,14.119999885559082,1.7790000438690186,94.51000213623048,7758.7998046875,17.950000762939453,2066.1298828125,0.37,1.64
2016-04-05,25.90399932861328,1559400.0,1228.4000244140625,66.13300323486328,15.11400032043457,15.420000076293944,1.7269999980926514,94.62999725341795,7603.2001953125,18.15999984741211,2045.1700439453125,0.37,1.59
2016-04-06,25.9060001373291,899100.0,1222.5,66.46800231933594,15.052000045776367,14.09000015258789,1.7549999952316284,94.43000030517578,7614.35009765625,17.81999969482422,2066.659912109375,0.37,1.59
2016-04-07,26.155500411987305,1881100.0,1236.199951171875,66.53299713134766,15.156000137329102,16.15999984741211,1.690999984741211,94.4800033569336,7546.4501953125,19.31999969482422,2041.9100341796875,0.37,1.58
2016-04-08,26.257999420166016,1981700.0,1242.5,66.77899932861328,15.381999969482422,15.359999656677246,1.7200000286102295,94.23999786376952,7555.2001953125,18.739999771118164,2047.5999755859375,0.37,1.58
2016-04-11,26.282499313354492,1135300.0,1256.699951171875,66.54399871826172,15.973999977111816,16.260000228881836,1.7239999771118164,93.9499969482422,7671.39990234375,19.579999923706055,2041.989990234375,0.37,1.56
2016-04-12,26.549999237060547,2046700.0,1259.4000244140625,66.29000091552734,16.219999313354492,14.850000381469728,1.781000018119812,93.95999908447266,7708.9501953125,19.09000015258789,2061.719970703125,0.37,1.57
2016-04-13,26.34600067138672,1623100.0,1246.800048828125,66.31500244140625,16.322999954223633,13.84000015258789,1.7619999647140503,94.73999786376952,7850.4501953125,17.959999084472656,2082.419921875,0.37,1.56
2016-04-18,26.49250030517578,1286300.0,1233.5999755859375,66.65299987792969,16.249000549316406,13.350000381469728,1.7730000019073486,94.48999786376952,7914.7001953125,17.299999237060547,2094.340087890625,0.37,1.57
2016-04-20,26.56100082397461,1379600.0,1253.199951171875,66.22200012207031,17.131000518798828,13.279999732971191,1.8539999723434448,94.48999786376952,7914.75,16.690000534057617,2102.39990234375,0.37,1.62
2016-04-21,26.843000411987305,2477300.0,1249.0,66.2040023803711,17.086000442504883,13.949999809265137,1.8700000047683716,94.5999984741211,7912.0498046875,17.899999618530273,2091.47998046875,0.37,1.64
2016-04-22,26.697999954223633,1127900.0,1228.699951171875,66.51200103759766,16.895999908447266,13.220000267028809,1.888000011444092,95.12000274658205,7899.2998046875,17.209999084472656,2091.580078125,0.37,1.64
2016-04-25,26.440500259399418,552600.0,1238.9000244140625,66.65299987792969,17.0049991607666,14.079999923706056,1.9019999504089355,94.83999633789062,7855.0498046875,17.65999984741211,2087.7900390625,0.37,1.65
2016-04-26,26.45599937438965,917500.0,1242.199951171875,66.70500183105469,17.106000900268555,13.960000038146973,1.930999994277954,94.56999969482422,7962.64990234375,17.43000030517578,2091.699951171875,0.37,1.67
2016-04-27,26.617000579833984,991800.0,1249.199951171875,66.45700073242188,17.285999298095703,13.770000457763672,1.8600000143051147,94.38999938964844,7979.89990234375,16.43000030517578,2095.14990234375,0.37,1.68
2016-04-28,26.875,1786900.0,1265.5,66.3550033569336,17.55299949645996,15.220000267028809,1.8380000591278076,93.76000213623048,7847.25,17.899999618530273,2075.81005859375,0.37,1.72
2016-04-29,27.17099952697754,3315200.0,1289.199951171875,66.43800354003906,17.788999557495117,15.699999809265137,1.819000005722046,93.08000183105467,7849.7998046875,20.229999542236328,2065.300048828125,0.37,1.71
2016-05-02,27.47599983215332,2491600.0,1294.699951171875,66.41799926757812,17.6560001373291,14.68000030517578,1.8650000095367432,92.62999725341795,7805.89990234375,19.290000915527344,2081.429931640625,0.37,1.68
2016-05-03,27.479999542236328,2563200.0,1290.699951171875,66.37100219726562,17.474000930786133,15.600000381469728,1.7999999523162842,92.94000244140624,7747.0,18.700000762939453,2063.3701171875,0.37,1.64
2016-05-04,27.20249938964844,1744400.0,1273.300048828125,66.59200286865234,17.277000427246094,16.049999237060547,1.784000039100647,93.18000030517578,7706.5498046875,19.469999313354492,2051.1201171875,0.37,1.63
2016-05-05,27.12649917602539,998300.0,1271.4000244140625,66.62000274658203,17.302000045776367,15.90999984741211,1.746999979019165,93.77999877929688,7735.5,18.459999084472656,2050.6298828125,0.37,1.63
2016-05-06,27.282499313354492,1334100.0,1292.9000244140625,66.60199737548828,17.506999969482422,14.720000267028809,1.7790000438690186,93.88999938964844,7733.4501953125,18.649999618530273,2057.139892578125,0.37,1.61
2016-05-09,27.270000457763672,5643300.0,1265.5999755859375,66.59400177001953,17.06999969482422,14.56999969482422,1.7599999904632568,94.1500015258789,7866.0498046875,18.649999618530273,2058.68994140625,0.37,1.59
2016-05-10,27.17200088500977,1679900.0,1263.9000244140625,66.72100067138672,17.075000762939453,13.630000114440918,1.7599999904632568,94.29000091552734,7887.7998046875,18.040000915527344,2084.389892578125,0.37,1.62
2016-05-11,27.166500091552734,929200.0,1274.5999755859375,66.66600036621094,17.302000045776367,14.6899995803833,1.7369999885559082,93.81999969482422,7848.85009765625,18.350000381469727,2064.4599609375,0.37,1.59
2016-05-12,27.01650047302246,788300.0,1270.300048828125,66.59100341796875,17.086999893188477,14.40999984741211,1.756999969482422,94.13999938964844,7900.39990234375,17.84000015258789,2064.110107421875,0.37,1.6
2016-05-13,27.19300079345703,1012600.0,1271.9000244140625,66.7509994506836,17.114999771118164,15.039999961853027,1.7050000429153442,94.61000061035156,7814.89990234375,18.290000915527344,2046.6099853515625,0.37,1.58
2016-05-16,27.322500228881836,1122900.0,1273.4000244140625,66.9000015258789,17.142000198364258,14.68000030517578,1.753000020980835,94.56999969482422,7860.75,18.489999771118164,2066.659912109375,0.37,1.6
2016-05-17,27.274499893188477,891000.0,1276.199951171875,66.875,17.235000610351562,15.56999969482422,1.758999943733215,94.5500030517578,7890.75,18.170000076293945,2047.2099609375,0.37,1.61
2016-05-18,27.312999725341797,717500.0,1273.699951171875,66.86799621582031,17.1200008392334,15.949999809265137,1.8799999952316284,95.08000183105467,7870.14990234375,18.200000762939453,2047.6300048828125,0.37,1.61
2016-05-19,27.285499572753903,720500.0,1254.199951171875,67.16000366210938,16.479000091552734,16.329999923706055,1.8450000286102295,95.29000091552734,7783.39990234375,17.850000381469727,2040.0400390625,0.37,1.56
2016-05-20,27.225500106811523,498100.0,1252.4000244140625,67.47699737548828,16.518999099731445,15.199999809265137,1.8489999771118164,95.30999755859376,7749.7001953125,17.0,2052.320068359375,0.37,1.56
2016-05-23,27.187000274658203,767600.0,1251.0999755859375,67.4229965209961,16.40999984741211,15.81999969482422,1.8380000591278076,95.2300033569336,7731.0498046875,16.799999237060547,2048.0400390625,0.37,1.54
2016-05-24,27.020999908447266,487600.0,1228.9000244140625,67.447998046875,16.238000869750977,14.420000076293944,1.8589999675750732,95.56999969482422,7748.85009765625,16.65999984741211,2076.06005859375,0.37,1.55
2016-05-25,26.70949935913086,711100.0,1223.5,67.6510009765625,16.2549991607666,13.899999618530272,1.8700000047683716,95.3499984741211,7934.89990234375,15.979999542236328,2090.5400390625,0.37,1.58
2016-05-26,26.86549949645996,846400.0,1220.0999755859375,67.30400085449219,16.33799934387207,13.43000030517578,1.8229999542236328,95.16999816894533,8069.64990234375,15.289999961853027,2090.10009765625,0.37,1.58
2016-05-27,26.81100082397461,1207100.0,1213.800048828125,66.9540023803711,16.246000289916992,13.119999885559082,1.85099995136261,95.5199966430664,8156.64990234375,15.390000343322754,2099.06005859375,0.37,1.58
2016-05-30,26.41900062561035,1063300.0,1213.800048828125,67.02400207519531,16.246000289916992,13.119999885559082,1.85099995136261,95.5199966430664,8178.5,15.390000343322754,2099.06005859375,0.37,1.58
2016-05-31,26.45599937438965,474000.0,1214.800048828125,67.13300323486328,15.972000122070312,14.1899995803833,1.8339999914169312,95.88999938964844,8160.10009765625,15.829999923706056,2096.949951171875,0.37,1.54
2016-06-01,26.50149917602539,545700.0,1211.9000244140625,67.23100280761719,15.906000137329102,14.199999809265137,1.8459999561309817,95.45999908447266,8179.9501953125,15.920000076293944,2099.330078125,0.38,1.54
2016-06-02,26.28949928283691,525100.0,1209.800048828125,67.4260025024414,16.0049991607666,13.630000114440918,1.8109999895095823,95.55999755859376,8218.9501953125,16.049999237060547,2105.260009765625,0.38,1.54
2016-06-03,26.27199935913086,444700.0,1240.0999755859375,67.29199981689453,16.34600067138672,13.470000267028809,1.7039999961853027,94.02999877929688,8220.7998046875,17.450000762939453,2099.1298828125,0.38,1.52
2016-06-06,26.72050094604492,1088500.0,1244.5999755859375,66.99199676513672,16.42799949645996,13.649999618530272,1.7230000495910645,93.9000015258789,8201.0498046875,17.760000228881836,2109.409912109375,0.38,1.54
2016-06-07,26.512500762939453,861700.0,1244.4000244140625,66.8010025024414,16.37700080871582,14.050000190734863,1.7130000591278076,93.83000183105467,8266.4501953125,17.290000915527344,2112.1298828125,0.38,1.57
2016-06-08,26.500999450683594,2186500.0,1259.800048828125,66.76300048828125,16.968000411987305,14.079999923706056,1.7059999704360962,93.58999633789062,8273.0498046875,18.760000228881836,2119.1201171875,0.38,1.59
2016-06-09,26.63050079345703,892800.0,1270.199951171875,66.51000213623047,17.253000259399414,14.640000343322754,1.6799999475479126,94.0999984741211,8203.599609375,20.280000686645508,2115.47998046875,0.38,1.56
2016-06-10,26.78350067138672,1059200.0,1273.4000244140625,66.74099731445312,17.315000534057617,17.030000686645508,1.6390000581741333,94.5999984741211,8170.0498046875,20.520000457763672,2096.070068359375,0.38,1.52
2016-06-13,27.058500289916992,1520400.0,1284.4000244140625,66.94499969482422,17.42799949645996,20.969999313354492,1.616000056266785,94.37000274658205,8110.60009765625,21.11000061035156,2079.06005859375,0.38,1.47
2016-06-14,27.059499740600582,1287600.0,1285.5999755859375,67.15399932861328,17.40999984741211,20.5,1.6109999418258667,94.93000030517578,8108.85009765625,20.6299991607666,2075.320068359375,0.38,1.45
2016-06-15,27.002500534057617,1279100.0,1285.800048828125,67.2979965209961,17.48900032043457,20.13999938964844,1.5959999561309814,94.61000061035156,8206.599609375,20.68000030517578,2071.5,0.38,1.47
2016-06-16,27.46500015258789,4471100.0,1296.0999755859375,67.072998046875,17.5939998626709,19.3700008392334,1.5640000104904177,94.56999969482422,8140.75,21.950000762939453,2077.989990234375,0.38,1.42
2016-06-17,27.13599967956543,1895100.0,1292.5,67.30699920654297,17.399999618530273,19.40999984741211,1.618000030517578,94.20999908447266,8170.2001953125,22.520000457763672,2071.219970703125,0.38,1.42
2016-06-20,27.102500915527344,1231100.0,1290.0,67.06600189208984,17.503000259399414,18.3700008392334,1.6699999570846558,93.61000061035156,8238.5,21.010000228881836,2083.25,0.38,1.43
2016-06-21,27.13050079345703,922000.0,1270.5,67.12999725341797,17.31100082397461,18.479999542236328,1.6970000267028809,94.0199966430664,8219.900390625,20.649999618530273,2088.89990234375,0.38,1.43
2016-06-22,26.89900016784668,791500.0,1268.0,67.60600280761719,17.30500030517578,21.170000076293945,1.684999942779541,93.72000122070312,8203.7001953125,22.25,2085.449951171875,0.38,1.44
2016-06-23,26.78849983215332,2004400.0,1261.199951171875,67.4219970703125,17.347999572753906,17.25,1.7389999628067017,93.52999877929688,8270.4501953125,20.100000381469727,2113.320068359375,0.38,1.5
2016-06-24,27.743499755859375,10377400.0,1320.0,67.24199676513672,17.78499984741211,25.760000228881836,1.5789999961853027,95.4499969482422,8088.60009765625,22.200000762939453,2037.4100341796875,0.38,1.42
2016-06-27,28.027000427246097,4598400.0,1322.5,67.87699890136719,17.739999771118164,23.850000381469727,1.4600000381469729,96.54000091552734,8094.7001953125,22.520000457763672,2000.5400390625,0.38,1.34
2016-06-28,28.090499877929688,2881600.0,1315.300048828125,67.9209976196289,17.839000701904297,18.75,1.4609999656677246,96.25,8127.85009765625,20.18000030517578,2036.0899658203125,0.38,1.37
2016-06-29,27.854000091552734,2026400.0,1323.9000244140625,67.70500183105469,18.36199951171875,16.639999389648438,1.4769999980926514,95.7699966430664,8204.0,19.260000228881836,2070.77001953125,0.38,1.4
2016-06-30,27.77300071716309,2507600.0,1318.4000244140625,67.41600036621094,18.582000732421875,15.630000114440918,1.4880000352859497,96.13999938964844,8287.75,18.5,2098.860107421875,0.38,1.4
2016-07-01,28.01849937438965,2747300.0,1336.699951171875,67.5009994506836,19.54400062561035,14.770000457763672,1.4559999704360962,95.6500015258789,8328.349609375,18.43000030517578,2102.949951171875,0.39,1.43
2016-07-04,28.159500122070312,2289300.0,1336.699951171875,67.18199920654297,19.54400062561035,14.770000457763672,1.4559999704360962,95.6500015258789,8370.7001953125,18.43000030517578,2102.949951171875,0.39,1.43
2016-07-05,28.076499938964844,1273600.0,1356.4000244140625,67.23699951171875,19.86599922180176,15.579999923706056,1.3669999837875366,96.16999816894533,8335.9501953125,20.09000015258789,2088.550048828125,0.39,1.4
2016-07-07,28.368999481201172,2758600.0,1360.0999755859375,67.4010009765625,19.79800033569336,14.760000228881836,1.3869999647140503,96.33000183105467,8337.900390625,20.549999237060547,2097.89990234375,0.39,1.43
2016-07-08,28.339500427246097,1651500.0,1356.5999755859375,67.49700164794922,20.058000564575195,13.199999809265137,1.366000056266785,96.3000030517578,8323.2001953125,18.790000915527344,2129.89990234375,0.39,1.43
2016-07-11,28.407499313354492,1988300.0,1355.0,67.13200378417969,20.263999938964844,13.539999961853027,1.434000015258789,96.56999969482422,8467.900390625,18.93000030517578,2137.159912109375,0.39,1.42
2016-07-12,28.173999786376953,1511200.0,1334.0999755859375,67.1449966430664,20.1299991607666,13.550000190734863,1.5130000114440918,96.44000244140624,8521.0498046875,17.940000534057617,2152.139892578125,0.39,1.46
2016-07-13,28.055999755859375,1164000.0,1342.4000244140625,66.87000274658203,20.3700008392334,13.039999961853027,1.468000054359436,96.22000122070312,8519.5,17.610000610351562,2152.429931640625,0.39,1.45
2016-07-14,27.986499786376953,714700.0,1331.300048828125,67.00599670410156,20.2810001373291,12.81999969482422,1.531000018119812,96.08000183105467,8565.0,17.149999618530273,2163.75,0.39,1.45
2016-07-15,27.963499069213867,1078100.0,1326.5,66.83799743652344,20.125,12.670000076293944,1.593999981880188,96.58000183105467,8541.400390625,16.90999984741211,2161.739990234375,0.39,1.49
2016-07-18,27.836000442504883,2042200.0,1328.4000244140625,67.13300323486328,20.04400062561035,12.4399995803833,1.587000012397766,96.55999755859376,8508.7001953125,16.959999084472656,2166.889892578125,0.39,1.49
2016-07-19,27.90049934387207,3243500.0,1331.5,67.13899993896484,19.975000381469727,11.970000267028809,1.5579999685287476,97.0500030517578,8528.5498046875,16.709999084472656,2163.780029296875,0.39,1.44
2016-07-20,27.84749984741211,1654400.0,1318.800048828125,67.20600128173828,19.582000732421875,11.770000457763672,1.5800000429153442,97.1999969482422,8565.849609375,17.209999084472656,2173.02001953125,0.39,1.46
2016-07-21,27.831499099731445,2681400.0,1330.5,67.16400146484375,19.784000396728516,12.739999771118164,1.565000057220459,97.0,8510.099609375,17.770000457763672,2165.169921875,0.39,1.52
2016-07-22,27.854999542236328,2084400.0,1323.0999755859375,67.15399932861328,19.656999588012695,12.020000457763672,1.5700000524520874,97.47000122070312,8541.2001953125,17.610000610351562,2175.030029296875,0.39,1.51
2016-07-25,27.777000427246097,1040300.0,1319.300048828125,67.14600372314453,19.614999771118164,12.869999885559082,1.5709999799728394,97.29000091552734,8635.650390625,17.739999771118164,2168.47998046875,0.39,1.5
2016-07-26,27.918500900268555,982600.0,1320.699951171875,67.40499877929688,19.655000686645508,13.050000190734863,1.562999963760376,97.16000366210938,8590.650390625,17.450000762939453,2169.179931640625,0.39,1.5
2016-07-27,27.844499588012695,660300.0,1326.5999755859375,67.28399658203125,19.96500015258789,12.829999923706056,1.5149999856948853,97.0500030517578,8615.7998046875,16.93000030517578,2166.580078125,0.39,1.49
2016-07-28,28.037500381469727,1896000.0,1332.300048828125,67.06300354003906,20.15999984741211,12.720000267028809,1.5110000371932983,96.73999786376952,8666.2998046875,16.309999465942383,2170.06005859375,0.39,1.52
2016-07-29,27.96299934387207,1313800.0,1349.0,67.00700378417969,20.312000274658203,11.869999885559082,1.4579999446868896,95.52999877929688,8638.5,15.800000190734863,2173.60009765625,0.39,1.49
2016-08-01,28.45549964904785,2548300.0,1351.4000244140625,66.64800262451172,20.46500015258789,12.4399995803833,1.496000051498413,95.70999908447266,8636.5498046875,16.280000686645508,2170.840087890625,0.4,1.46
2016-08-02,28.791500091552734,2597100.0,1364.4000244140625,66.7509994506836,20.666000366210938,13.369999885559082,1.5369999408721924,95.05999755859376,8622.900390625,16.450000762939453,2157.030029296875,0.4,1.44
2016-08-03,28.867000579833984,6989000.0,1356.0999755859375,66.6760025024414,20.43600082397461,12.859999656677246,1.5420000553131104,95.55999755859376,8544.849609375,16.18000030517578,2163.7900390625,0.4,1.46
2016-08-04,28.77199935913086,854800.0,1358.800048828125,66.76000213623047,20.4060001373291,12.420000076293944,1.503000020980835,95.76000213623048,8551.099609375,16.059999465942383,2164.25,0.4,1.47
2016-08-05,29.101499557495117,1561500.0,1336.4000244140625,66.84100341796875,19.780000686645508,11.390000343322754,1.5820000171661377,96.19000244140624,8683.150390625,15.600000381469728,2182.8701171875,0.4,1.5
2016-08-08,28.357500076293945,1356600.0,1333.4000244140625,66.83499908447266,19.76799964904785,11.5,1.5829999446868896,96.4000015258789,8711.349609375,15.489999771118164,2180.889892578125,0.4,1.51
2016-08-09,28.53949928283691,603000.0,1339.0,66.79399871826172,19.81399917602539,11.65999984741211,1.5449999570846558,96.18000030517578,8678.25,14.40999984741211,2181.739990234375,0.4,1.49
2016-08-10,28.79050064086914,1098100.0,1344.300048828125,66.78299713134766,20.13400077819824,12.050000190734863,1.508999943733215,95.6500015258789,8575.2998046875,14.890000343322754,2175.489990234375,0.4,1.44
2016-08-11,28.66550064086914,1207700.0,1342.5,66.75800323486328,19.983999252319336,11.68000030517578,1.5729999542236328,95.86000061035156,8592.150390625,15.369999885559082,2185.7900390625,0.4,1.47
2016-08-12,28.70249938964844,623200.0,1335.800048828125,66.73999786376953,19.67200088500977,11.550000190734863,1.5149999856948853,95.72000122070312,8592.150390625,15.010000228881836,2184.050048828125,0.4,1.44
2016-08-16,28.52050018310547,1310900.0,1350.5,66.86489868164062,19.847999572753903,12.640000343322754,1.5759999752044678,94.79000091552734,8642.5498046875,16.1299991607666,2178.14990234375,0.4,1.44
2016-08-17,28.477500915527344,537300.0,1342.699951171875,66.85769653320312,19.62700080871582,12.1899995803833,1.5609999895095823,94.72000122070312,8624.0498046875,15.829999923706056,2182.219970703125,0.4,1.47
2016-08-18,28.64299964904785,829900.0,1351.199951171875,66.90550231933594,19.719999313354492,11.43000030517578,1.5360000133514404,94.16000366210938,8673.25,14.970000267028809,2187.02001953125,0.4,1.47
2016-08-19,28.659500122070312,1110500.0,1340.4000244140625,66.81999969482422,19.301000595092773,11.34000015258789,1.5779999494552612,94.51000213623048,8666.900390625,15.350000381469728,2183.8701171875,0.4,1.48
2016-08-22,28.549999237060547,932500.0,1337.699951171875,67.12750244140625,18.843000411987305,12.270000457763672,1.5390000343322754,94.5199966430664,8629.150390625,15.81999969482422,2182.639892578125,0.4,1.47
2016-08-23,28.48450088500977,661500.0,1340.5999755859375,67.1874008178711,18.90999984741211,12.380000114440918,1.5529999732971191,94.54000091552734,8632.599609375,15.619999885559082,2186.89990234375,0.4,1.48
2016-08-24,28.520000457763672,447200.0,1324.4000244140625,67.12999725341797,18.545000076293945,13.449999809265137,1.559000015258789,94.79000091552734,8650.2998046875,16.889999389648438,2175.43994140625,0.4,1.48
2016-08-25,28.3174991607666,595800.0,1320.0999755859375,67.16000366210938,18.47800064086914,13.630000114440918,1.5770000219345093,94.7699966430664,8592.2001953125,16.729999542236328,2172.469970703125,0.4,1.49
2016-08-26,28.41550064086914,826400.0,1321.5,67.00559997558594,18.645000457763672,13.649999618530272,1.6349999904632568,95.56999969482422,8572.5498046875,16.170000076293945,2169.0400390625,0.4,1.47
2016-08-29,28.16200065612793,765000.0,1322.9000244140625,67.12899780273438,18.761999130249023,12.9399995803833,1.565999984741211,95.58000183105467,8607.4501953125,15.949999809265137,2180.3798828125,0.4,1.46
2016-08-30,28.141000747680664,421100.0,1311.699951171875,67.08999633789062,18.57699966430664,13.119999885559082,1.5700000524520874,96.0500030517578,8744.349609375,15.989999771118164,2176.1201171875,0.4,1.46
2016-08-31,28.120500564575195,743100.0,1306.9000244140625,67.12660217285156,18.621999740600582,13.420000076293944,1.5679999589920044,96.0199966430664,8786.2001953125,16.010000228881836,2170.949951171875,0.4,1.47
2016-09-01,27.823999404907227,1782600.0,1312.199951171875,66.97470092773438,18.85700035095215,13.479999542236328,1.5700000524520874,95.6500015258789,8774.650390625,16.25,2170.860107421875,0.4,1.45
2016-09-02,27.88050079345703,882400.0,1322.0999755859375,66.79299926757812,19.275999069213867,11.979999542236328,1.5959999561309814,95.87999725341795,8809.650390625,14.579999923706056,2179.97998046875,0.4,1.47
2016-09-06,28.042499542236328,1684900.0,1349.4000244140625,66.45999908447266,20.048999786376953,12.020000457763672,1.5429999828338623,94.81999969482422,8943.0,15.600000381469728,2186.47998046875,0.4,1.49
2016-09-07,28.324499130249023,1592400.0,1344.300048828125,66.25520324707031,19.75900077819824,11.9399995803833,1.5410000085830688,94.95999908447266,8917.9501953125,15.0,2186.159912109375,0.4,1.51
2016-09-08,28.320499420166016,928800.0,1336.800048828125,66.47160339355469,19.590999603271484,12.510000228881836,1.616000056266785,95.02999877929688,8952.5,14.970000267028809,2181.300048828125,0.4,1.52
2016-09-09,28.14150047302246,1834800.0,1330.0999755859375,66.44999694824219,19.281999588012695,17.5,1.6720000505447388,95.33999633789062,8866.7001953125,15.489999771118164,2127.81005859375,0.4,1.5
2016-09-12,28.39550018310547,1375100.0,1321.0,66.77799987792969,18.915000915527344,15.15999984741211,1.6720000505447388,95.0999984741211,8715.599609375,15.199999809265137,2159.0400390625,0.4,1.51
2016-09-14,28.273500442504883,648100.0,1321.5,66.99500274658203,18.98200035095215,18.13999938964844,1.6890000104904177,95.33000183105467,8726.599609375,15.31999969482422,2125.77001953125,0.4,1.49
2016-09-15,28.149999618530273,574200.0,1313.5,66.75810241699219,18.958999633789062,16.299999237060547,1.7029999494552612,95.29000091552734,8742.5498046875,15.06999969482422,2147.260009765625,0.4,1.49
2016-09-16,28.100500106811523,608300.0,1305.800048828125,66.85030364990234,18.7810001373291,15.369999885559082,1.7009999752044678,96.11000061035156,8779.849609375,14.779999732971191,2139.159912109375,0.4,1.51
2016-09-19,28.250499725341797,995100.0,1313.5,67.06529998779297,19.20599937438965,15.529999732971191,1.6959999799728394,95.83999633789062,8808.400390625,15.68000030517578,2139.1201171875,0.4,1.5
2016-09-20,28.295499801635746,1259800.0,1313.699951171875,66.9552001953125,19.19499969482422,15.920000076293944,1.687999963760376,96.0199966430664,8775.900390625,15.6899995803833,2139.760009765625,0.4,1.49
2016-09-21,28.35099983215332,589000.0,1326.9000244140625,66.9749984741211,19.68600082397461,13.300000190734863,1.6679999828338623,95.66000366210938,8777.150390625,14.6899995803833,2163.1201171875,0.4,1.51
2016-09-22,28.381000518798828,1041900.0,1340.4000244140625,66.76119995117188,20.020000457763672,12.020000457763672,1.631999969482422,95.4499969482422,8867.4501953125,13.729999542236328,2177.179931640625,0.4,1.55
2016-09-23,28.40250015258789,1233500.0,1337.199951171875,66.62259674072266,19.732999801635746,12.289999961853027,1.6150000095367432,95.4800033569336,8831.5498046875,13.93000030517578,2164.68994140625,0.4,1.57
2016-09-26,28.420499801635746,2275200.0,1339.699951171875,66.69650268554688,19.516000747680664,14.5,1.5889999866485596,95.30999755859376,8723.0498046875,14.979999542236328,2146.10009765625,0.4,1.54
2016-09-27,28.338499069213867,696700.0,1325.9000244140625,66.60649871826172,19.086999893188477,13.100000381469728,1.555999994277954,95.44000244140624,8706.400390625,14.529999732971191,2159.929931640625,0.4,1.52
2016-09-28,28.10300064086914,646900.0,1319.4000244140625,66.44129943847656,19.04400062561035,12.390000343322754,1.5670000314712524,95.43000030517578,8745.150390625,13.979999542236328,2171.3701171875,0.4,1.56
2016-09-29,28.499000549316406,2397100.0,1321.699951171875,66.33280181884766,19.114999771118164,14.020000457763672,1.5570000410079956,95.54000091552734,8591.25,13.859999656677246,2151.1298828125,0.4,1.54
2016-09-30,28.25200080871582,809100.0,1313.300048828125,66.81629943847656,19.138999938964844,13.289999961853027,1.6080000400543213,95.45999908447266,8611.150390625,13.880000114440918,2168.27001953125,0.4,1.6
2016-10-03,28.179000854492188,1065600.0,1309.0,66.54650115966797,18.795000076293945,13.56999969482422,1.621999979019165,95.75,8738.099609375,14.15999984741211,2161.199951171875,0.4,1.63
2016-10-04,28.15399932861328,819700.0,1266.300048828125,66.38030242919922,17.71299934387207,13.630000114440918,1.6829999685287476,96.12000274658205,8769.150390625,15.800000190734863,2150.489990234375,0.4,1.62
2016-10-05,27.89900016784668,2342000.0,1265.199951171875,66.5780029296875,17.634000778198242,12.989999771118164,1.715999960899353,96.12999725341795,8743.9501953125,15.210000038146973,2159.72998046875,0.4,1.62
2016-10-06,27.717500686645508,1194500.0,1249.800048828125,66.56320190429688,17.288000106811523,12.84000015258789,1.7419999837875366,96.66000366210938,8709.5498046875,16.049999237060547,2160.77001953125,0.4,1.64
2016-10-07,27.617000579833984,3485900.0,1248.9000244140625,66.68710327148438,17.323999404907227,13.479999542236328,1.7359999418258667,96.5199966430664,8697.599609375,15.720000267028809,2153.739990234375,0.4,1.63
2016-10-10,27.96150016784668,3052400.0,1248.9000244140625,66.59120178222656,17.323999404907227,13.380000114440918,1.7230000495910645,96.5199966430664,8708.7998046875,15.600000381469728,2163.659912109375,0.4,1.63
2016-10-13,27.56399917602539,1808300.0,1255.0,66.81809997558594,17.40999984741211,16.690000534057617,1.7380000352859497,97.5199966430664,8573.349609375,15.630000114440918,2132.550048828125,0.4,1.63
2016-10-14,27.492000579833984,634900.0,1253.0999755859375,66.78399658203125,17.39299964904785,16.1200008392334,1.7940000295639038,98.0199966430664,8583.400390625,15.140000343322754,2132.97998046875,0.4,1.67
2016-10-17,27.474000930786133,1158800.0,1254.4000244140625,66.7052993774414,17.426000595092773,16.209999084472656,1.7660000324249268,97.88999938964844,8520.400390625,15.229999542236328,2126.5,0.4,1.68
2016-10-18,27.554000854492188,513800.0,1260.800048828125,66.78359985351562,17.590999603271484,15.279999732971191,1.7489999532699585,97.9000015258789,8677.900390625,14.729999542236328,2139.60009765625,0.4,1.66
2016-10-19,27.45549964904785,865400.0,1267.9000244140625,66.73799896240234,17.615999221801758,14.40999984741211,1.7519999742507937,97.87000274658205,8659.099609375,14.59000015258789,2144.2900390625,0.4,1.68
2016-10-20,27.503000259399418,635100.0,1265.5999755859375,66.63639831542969,17.50200080871582,13.75,1.746999979019165,98.31999969482422,8699.400390625,14.68000030517578,2141.340087890625,0.4,1.68
2016-10-21,27.44700050354004,476400.0,1265.9000244140625,66.84130096435547,17.447999954223633,13.34000015258789,1.7400000095367432,98.6999969482422,8693.0498046875,14.550000190734863,2141.159912109375,0.4,1.67
2016-10-24,27.351499557495117,1216100.0,1262.0,66.91120147705078,17.562000274658203,13.020000457763672,1.7630000114440918,98.66999816894533,8708.9501953125,14.949999809265137,2151.330078125,0.4,1.66
2016-10-25,27.268999099731445,1404600.0,1271.9000244140625,66.83399963378906,17.736000061035156,13.460000038146973,1.7580000162124634,98.72000122070312,8691.2998046875,14.550000190734863,2143.159912109375,0.4,1.7
2016-10-26,27.280000686645508,1843200.0,1264.800048828125,66.78130340576172,17.584999084472656,14.239999771118164,1.7899999618530271,98.62999725341795,8615.25,14.479999542236328,2139.429931640625,0.4,1.71
2016-10-27,27.243999481201172,1511700.0,1267.9000244140625,66.86399841308594,17.604000091552734,15.359999656677246,1.843000054359436,98.88999938964844,8615.25,15.0,2133.0400390625,0.4,1.72
2016-10-28,27.35700035095215,5806100.0,1275.5,66.90299987792969,17.761999130249023,16.190000534057617,1.8450000286102295,98.3499984741211,8638.0,16.6200008392334,2126.409912109375,0.4,1.73
2016-11-01,27.405000686645508,1825400.0,1286.4000244140625,66.66549682617188,18.385000228881836,18.559999465942383,1.8200000524520872,97.6999969482422,8626.25,19.020000457763672,2111.719970703125,0.41,1.72
2016-11-02,27.66900062561035,2334500.0,1306.800048828125,66.67849731445312,18.65999984741211,19.31999969482422,1.7990000247955322,97.4000015258789,8514.0,19.31999969482422,2097.93994140625,0.41,1.7
2016-11-03,27.6564998626709,1640100.0,1302.0999755859375,66.77749633789062,18.382999420166016,22.079999923706055,1.812000036239624,97.16000366210938,8484.9501953125,19.979999542236328,2088.659912109375,0.41,1.68
2016-11-04,27.719999313354492,1955100.0,1303.300048828125,66.68450164794922,18.34199905395508,22.510000228881836,1.7829999923706057,97.06999969482422,8433.75,20.219999313354492,2085.179931640625,0.41,1.68
2016-11-07,27.629499435424805,2107900.0,1278.300048828125,66.7853012084961,18.124000549316406,18.709999084472656,1.8279999494552612,97.77999877929688,8497.0498046875,18.530000686645508,2131.52001953125,0.41,1.71
2016-11-08,27.708499908447266,1403300.0,1273.4000244140625,66.73500061035156,18.329999923706055,18.739999771118164,1.861999988555908,97.86000061035156,8543.5498046875,17.93000030517578,2139.56005859375,0.41,1.73
2016-11-09,28.138999938964844,10606500.0,1272.5999755859375,66.22949981689453,18.35700035095215,14.380000114440918,2.072000026702881,98.5,8432.0,16.68000030517578,2163.260009765625,0.41,1.82
2016-11-10,28.011499404907227,1972700.0,1265.5,66.50749969482422,18.715999603271484,14.739999771118164,2.117000102996826,98.79000091552734,8525.75,18.520000457763672,2167.47998046875,0.41,1.88
2016-11-11,27.541500091552734,2800600.0,1265.5,67.2145004272461,18.715999603271484,14.170000076293944,2.117000102996826,98.79000091552734,8296.2998046875,23.25,2164.449951171875,0.41,1.88
2016-11-15,27.410499572753903,2479200.0,1224.0,67.77549743652344,17.02899932861328,13.369999885559082,2.23799991607666,100.19000244140624,8108.4501953125,16.420000076293945,2180.389892578125,0.41,1.82
2016-11-16,27.374500274658203,1199800.0,1223.4000244140625,67.74800109863281,16.913999557495117,13.720000267028809,2.2230000495910645,100.41000366210938,8111.60009765625,15.770000457763672,2176.93994140625,0.41,1.83
2016-11-17,27.048999786376953,1845300.0,1216.5,67.98149871826172,16.76099967956543,13.350000381469728,2.2760000228881836,100.88999938964844,8079.9501953125,17.5,2187.1201171875,0.41,1.87
2016-11-18,26.48200035095215,1236900.0,1208.5,67.97480010986328,16.613000869750977,12.850000381469728,2.3350000381469727,101.20999908447266,8074.10009765625,17.030000686645508,2181.89990234375,0.41,1.9
2016-11-21,26.603500366210938,2916300.0,1209.5999755859375,68.16999816894531,16.511999130249023,12.420000076293944,2.3389999866485596,101.0500030517578,7929.10009765625,15.859999656677246,2198.179931640625,0.41,1.91
2016-11-22,26.70949935913086,1052300.0,1211.0,68.21549987792969,16.62299919128418,12.40999984741211,2.321000099182129,101.04000091552734,8002.2998046875,15.43000030517578,2202.93994140625,0.41,1.9
2016-11-23,26.739999771118164,725600.0,1189.0999755859375,68.385498046875,16.382999420166016,12.43000030517578,2.3570001125335693,101.6999969482422,8033.2998046875,18.530000686645508,2204.719970703125,0.41,1.92
2016-11-24,26.6560001373291,1144300.0,1189.0999755859375,68.79850006103516,16.382999420166016,12.43000030517578,2.3570001125335693,101.6999969482422,7965.5,18.530000686645508,2204.719970703125,0.41,1.92
2016-11-25,26.343000411987305,927700.0,1178.199951171875,68.74549865722656,16.464000701904297,12.34000015258789,2.371999979019165,101.48999786376952,8114.2998046875,18.469999313354492,2213.35009765625,0.41,1.89
2016-11-28,26.559499740600582,1693400.0,1190.5999755859375,68.50849914550781,16.577999114990234,13.149999618530272,2.319999933242798,101.33000183105467,8126.89990234375,17.389999389648438,2201.719970703125,0.41,1.85
2016-11-29,26.543500900268555,805400.0,1187.9000244140625,68.55549621582031,16.660999298095703,12.899999618530272,2.302000045776367,100.93000030517578,8142.14990234375,17.280000686645508,2204.659912109375,0.41,1.86
2016-11-30,26.456499099731445,387200.0,1170.800048828125,68.60800170898438,16.4060001373291,13.329999923706056,2.368000030517578,101.5,8224.5,19.18000030517578,2198.81005859375,0.41,1.94
2016-12-01,26.16200065612793,1168000.0,1166.9000244140625,68.58799743652344,16.427000045776367,14.06999969482422,2.440999984741211,101.04000091552734,8192.900390625,19.38999938964844,2191.080078125,0.54,1.97
2016-12-02,25.940000534057617,1118300.0,1175.0999755859375,68.21649932861328,16.753000259399414,14.119999885559082,2.390000104904175,100.7699966430664,8086.7998046875,18.440000534057617,2191.949951171875,0.54,1.91
2016-12-05,25.83449935913086,1348200.0,1174.0,68.0114974975586,16.823999404907227,12.140000343322754,2.38700008392334,100.13999938964844,8128.75,17.559999465942383,2204.7099609375,0.54,1.94
2016-12-06,25.916000366210938,810600.0,1167.5999755859375,68.01249694824219,16.739999771118164,11.789999961853027,2.3959999084472656,100.48999786376952,8143.14990234375,17.059999465942383,2212.22998046875,0.54,1.95
2016-12-07,25.82200050354004,446300.0,1175.0,67.72200012207031,17.202999114990234,12.220000267028809,2.3469998836517334,100.2300033569336,8102.0498046875,16.8700008392334,2241.35009765625,0.54,1.92
2016-12-08,25.9060001373291,706600.0,1169.800048828125,67.43150329589844,17.024999618530273,12.640000343322754,2.38700008392334,101.06999969482422,8246.849609375,16.479999542236328,2246.18994140625,0.54,1.95
2016-12-09,25.733999252319336,701800.0,1159.4000244140625,67.40599822998047,16.89699935913086,11.75,2.4639999866485596,101.56999969482422,8261.75,18.65999984741211,2259.530029296875,0.54,1.96
2016-12-12,25.660999298095703,726900.0,1163.5,67.46050262451172,17.115999221801758,12.640000343322754,2.4790000915527344,100.95999908447266,8170.7998046875,16.969999313354492,2256.9599609375,0.54,1.98
2016-12-13,25.57900047302246,1118100.0,1156.699951171875,67.41799926757812,16.910999298095703,12.720000267028809,2.4809999465942383,101.02999877929688,8221.7998046875,16.170000076293945,2271.719970703125,0.54,1.95
2016-12-14,25.52549934387207,1420000.0,1161.300048828125,67.3864974975586,17.152000427246094,13.1899995803833,2.5250000953674316,102.0,8182.4501953125,18.209999084472656,2253.280029296875,0.54,1.94
2016-12-15,25.295000076293945,994500.0,1127.800048828125,67.81999969482422,15.897000312805176,12.789999961853027,2.5799999237060547,103.12999725341795,8153.60009765625,17.889999389648438,2262.030029296875,0.54,1.9
2016-12-16,25.007999420166016,3048200.0,1135.300048828125,67.84500122070312,16.152999877929688,12.199999809265137,2.5969998836517334,102.9499969482422,8139.4501953125,17.549999237060547,2258.070068359375,0.54,1.86
2016-12-19,25.086999893188477,2212800.0,1140.5,67.83499908447266,16.025999069213867,11.710000038146973,2.5420000553131104,103.13999938964844,8104.35009765625,16.049999237060547,2262.530029296875,0.54,1.86
2016-12-20,25.02750015258789,1057900.0,1131.5,67.84020233154297,16.054000854492188,11.449999809265137,2.568000078201294,103.29000091552734,8082.39990234375,16.690000534057617,2270.760009765625,0.54,1.9
2016-12-21,25.016000747680664,723700.0,1131.0999755859375,67.89700317382812,15.91800022125244,11.270000457763672,2.5460000038146973,103.0199966430664,8061.2998046875,15.81999969482422,2265.179931640625,0.54,1.91
2016-12-22,24.87700080871582,819800.0,1128.800048828125,67.82550048828125,15.8149995803833,11.43000030517578,2.552999973297119,103.08999633789062,7979.10009765625,15.279999732971191,2260.9599609375,0.54,1.95
2016-12-23,24.863000869750977,901400.0,1131.9000244140625,67.83799743652344,15.70400047302246,11.4399995803833,2.5429999828338623,103.01000213623048,7985.75,16.360000610351562,2263.7900390625,0.54,1.97
2016-12-26,25.0,1123200.0,1131.9000244140625,67.83080291748047,15.70400047302246,11.4399995803833,2.5429999828338623,103.01000213623048,7908.25,16.360000610351562,2263.7900390625,0.54,1.97
2016-12-27,25.25149917602539,1046600.0,1137.300048828125,67.77200317382812,15.928999900817873,11.989999771118164,2.562999963760376,103.0199966430664,8032.85009765625,16.68000030517578,2268.8798828125,0.54,1.99
2016-12-28,25.4689998626709,937100.0,1139.4000244140625,67.96800231933594,15.98799991607666,12.949999809265137,2.50600004196167,103.26000213623048,8034.85009765625,16.040000915527344,2249.919921875,0.54,1.95
2016-12-29,25.46649932861328,402300.0,1156.4000244140625,68.20500183105469,16.163000106811523,13.369999885559082,2.4769999980926514,102.68000030517578,8103.60009765625,15.68000030517578,2249.260009765625,0.54,1.94
2016-12-30,25.645999908447266,549300.0,1150.0,67.93299865722656,15.935999870300291,14.039999961853027,2.446000099182129,102.38999938964844,8185.7998046875,16.229999542236328,2238.830078125,0.54,1.95
2017-01-02,25.583499908447266,786000.0,1150.0,67.9448013305664,15.935999870300291,14.039999961853027,2.446000099182129,102.38999938964844,8179.5,16.229999542236328,2238.830078125,0.65,1.95
2017-01-03,25.46150016784668,627900.0,1160.4000244140625,68.13390350341797,16.356000900268555,12.850000381469728,2.450000047683716,103.20999908447266,8192.25,16.260000228881836,2257.830078125,0.65,1.98
2017-01-04,25.832500457763672,819200.0,1163.800048828125,68.2697982788086,16.499000549316406,11.850000381469728,2.4519999027252197,102.6999969482422,8190.5,15.15999984741211,2270.75,0.65,1.99
2017-01-05,25.982500076293945,647000.0,1179.699951171875,67.885498046875,16.583999633789062,11.670000076293944,2.368000030517578,101.5199966430664,8273.7998046875,14.979999542236328,2269.0,0.65,1.95
2017-01-06,25.983999252319336,2514400.0,1171.9000244140625,67.73300170898438,16.465999603271484,11.31999969482422,2.4179999828338623,102.22000122070312,8243.7998046875,14.550000190734863,2276.97998046875,0.65,1.96
2017-01-09,26.045000076293945,1386200.0,1183.5,68.1426010131836,16.6299991607666,11.5600004196167,2.375999927520752,101.93000030517578,8236.0498046875,14.380000114440918,2268.89990234375,0.65,1.95
2017-01-10,26.14800071716309,738900.0,1184.199951171875,68.09700012207031,16.80299949645996,11.489999771118164,2.378999948501587,102.01000213623048,8288.599609375,14.31999969482422,2268.89990234375,0.65,1.95
2017-01-11,26.336999893188477,928400.0,1195.5999755859375,68.31800079345703,16.783000946044922,11.260000228881836,2.369999885559082,101.77999877929688,8380.650390625,14.960000038146973,2275.320068359375,0.65,1.99
2017-01-12,26.513500213623047,891400.0,1198.9000244140625,68.13999938964844,16.780000686645508,11.539999961853027,2.361000061035156,101.3499984741211,8407.2001953125,14.600000381469728,2270.43994140625,0.65,1.98
2017-01-13,26.45050048828125,455600.0,1195.300048828125,68.12950134277344,16.719999313354492,11.229999542236328,2.380000114440918,101.18000030517578,8400.349609375,14.630000114440918,2274.639892578125,0.65,1.99
2017-01-16,26.59199905395508,1051800.0,1195.300048828125,68.15779876708984,16.719999313354492,11.229999542236328,2.380000114440918,101.18000030517578,8412.7998046875,14.630000114440918,2274.639892578125,0.65,1.99
2017-01-17,26.798999786376953,1203700.0,1212.0,68.09459686279297,17.101999282836914,11.869999885559082,2.3269999027252197,100.33000183105467,8398.0,15.670000076293944,2267.889892578125,0.65,1.97
2017-01-18,26.85650062561035,708200.0,1211.300048828125,67.89949798583984,17.235000610351562,12.479999542236328,2.388999938964844,100.93000030517578,8417.0,15.25,2271.889892578125,0.65,2.0
2017-01-19,26.663000106811523,1003500.0,1200.9000244140625,68.197998046875,16.966999053955078,12.779999732971191,2.4590001106262207,101.1500015258789,8435.099609375,15.109999656677246,2263.68994140625,0.65,2.04
2017-01-20,26.687999725341797,697900.0,1204.300048828125,68.09030151367188,16.996999740600586,11.539999961853027,2.4670000076293945,100.73999786376952,8349.349609375,14.380000114440918,2271.31005859375,0.65,2.04
2017-01-23,26.66449928283691,418500.0,1215.0,68.07720184326172,17.149999618530273,11.770000457763672,2.4030001163482666,100.16000366210938,8391.5,15.149999618530272,2265.199951171875,0.65,2.02
2017-01-24,26.662500381469727,889800.0,1210.300048828125,68.05139923095703,17.14900016784668,11.06999969482422,2.4709999561309814,100.3499984741211,8475.7998046875,14.649999618530272,2280.070068359375,0.65,2.06
2017-01-25,26.520999908447266,651200.0,1197.300048828125,68.16449737548828,16.944000244140625,10.8100004196167,2.5230000019073486,100.02999877929688,8602.75,14.470000267028809,2298.3701171875,0.65,2.08
2017-01-27,26.21500015258789,725800.0,1188.0999755859375,68.14900207519531,17.100000381469727,10.579999923706056,2.4809999465942383,100.52999877929688,8641.25,14.34000015258789,2294.68994140625,0.65,2.08
2017-01-30,26.06999969482422,1910800.0,1193.199951171875,68.11000061035156,17.121999740600586,11.880000114440918,2.4830000400543213,100.43000030517578,8632.75,15.1899995803833,2280.89990234375,0.65,2.07
2017-01-31,26.30699920654297,1619100.0,1208.5999755859375,67.82099914550781,17.511999130249023,11.989999771118164,2.450999975204468,99.51000213623048,8561.2998046875,15.270000457763672,2278.8701171875,0.65,2.05
2017-02-01,26.433500289916992,858300.0,1205.5999755859375,67.50160217285156,17.420000076293945,11.8100004196167,2.4739999771118164,99.63999938964844,8716.400390625,14.800000190734863,2279.550048828125,0.66,2.05
2017-02-02,26.545000076293945,1360200.0,1216.699951171875,67.39540100097656,17.402000427246094,11.93000030517578,2.4700000286102295,99.8499984741211,8734.25,15.039999961853027,2280.85009765625,0.66,2.05
2017-02-03,26.444000244140625,470600.0,1218.5,67.2656021118164,17.452999114990234,10.970000267028809,2.490999937057495,99.87000274658205,8740.9501953125,15.039999961853027,2297.419921875,0.66,2.05
2017-02-06,26.53700065612793,841700.0,1230.0,67.15730285644531,17.66699981689453,11.369999885559082,2.413000106811523,99.91000366210938,8801.0498046875,15.739999771118164,2292.56005859375,0.66,2.02
2017-02-07,26.881500244140625,1008100.0,1234.199951171875,67.19529724121094,17.732999801635742,11.289999961853027,2.388999938964844,100.26000213623048,8768.2998046875,15.260000228881836,2293.080078125,0.66,2.0
2017-02-08,26.9424991607666,1913500.0,1237.5999755859375,67.34049987792969,17.683000564575195,11.449999809265137,2.3510000705718994,100.27999877929688,8769.0498046875,15.199999809265137,2294.669921875,0.66,1.96
2017-02-09,26.836999893188477,587400.0,1235.0999755859375,66.96430206298828,17.719999313354492,10.880000114440918,2.3949999809265137,100.6500015258789,8778.400390625,14.880000114440918,2307.8701171875,0.66,1.99
2017-02-10,26.5310001373291,1183200.0,1234.4000244140625,66.74530029296875,17.91200065612793,10.850000381469728,2.4089999198913574,100.8000030517578,8793.5498046875,14.880000114440918,2316.10009765625,0.66,2.01
2017-02-13,26.456499099731445,770500.0,1224.4000244140625,66.84369659423828,17.804000854492188,11.06999969482422,2.434000015258789,100.95999908447266,8805.0498046875,14.609999656677246,2328.25,0.66,2.0
2017-02-14,26.583999633789062,1317400.0,1223.9000244140625,66.91539764404297,17.871999740600586,10.739999771118164,2.4700000286102295,101.25,8792.2998046875,14.210000038146973,2337.580078125,0.66,2.01
2017-02-15,26.483999252319336,786900.0,1231.699951171875,66.7759017944336,17.94700050354004,11.970000267028809,2.502000093460083,101.18000030517578,8724.7001953125,13.710000038146973,2349.25,0.66,2.06
2017-02-16,26.683500289916992,1350900.0,1240.0,66.8655014038086,18.062999725341797,11.760000228881836,2.450000047683716,100.44000244140624,8778.0,13.75,2347.219970703125,0.66,2.02
2017-02-17,26.86400032043457,1099200.0,1237.5999755859375,67.16480255126953,18.018999099731445,11.489999771118164,2.424999952316284,100.9499969482422,8821.7001953125,13.270000457763672,2351.159912109375,0.66,2.01
2017-02-20,26.774499893188477,582800.0,1237.5999755859375,67.06520080566406,18.018999099731445,11.489999771118164,2.424999952316284,100.9499969482422,8879.2001953125,13.270000457763672,2351.159912109375,0.66,2.01
2017-02-21,26.590499877929688,1092300.0,1237.5,66.96499633789062,17.989999771118164,11.56999969482422,2.427000045776367,101.37000274658205,8907.849609375,13.720000267028809,2365.3798828125,0.66,2.03
2017-02-22,26.87700080871582,2511700.0,1232.0,66.96510314941406,17.941999435424805,11.739999771118164,2.4179999828338623,101.33000183105467,8926.900390625,13.260000228881836,2362.820068359375,0.66,2.04
2017-02-23,26.866500854492188,1246000.0,1250.199951171875,66.91429901123047,18.113000869750977,11.710000038146973,2.388000011444092,101.0500030517578,8939.5,13.68000030517578,2363.81005859375,0.66,2.03
2017-02-27,27.07799911499023,2074200.0,1257.4000244140625,66.63500213623047,18.354000091552734,12.09000015258789,2.36899995803833,101.12999725341795,8896.7001953125,14.4399995803833,2369.75,0.66,2.01
2017-02-28,27.021499633789062,1043800.0,1252.5999755859375,66.69319915771484,18.420000076293945,12.920000076293944,2.3580000400543213,101.12000274658205,8879.599609375,14.300000190734863,2363.639892578125,0.66,2.02
2017-03-01,26.93199920654297,1409600.0,1248.9000244140625,66.7051010131836,18.44300079345703,12.539999961853027,2.4630000591278076,101.77999877929688,8945.7998046875,14.40999984741211,2395.9599609375,0.79,2.03
2017-03-02,26.867000579833984,1416500.0,1231.9000244140625,66.85800170898438,17.704999923706055,11.8100004196167,2.489000082015991,102.1999969482422,8899.75,13.890000343322754,2381.919921875,0.79,2.01
2017-03-03,26.618499755859375,773900.0,1225.5,66.84510040283203,17.69700050354004,10.960000038146973,2.492000102996826,101.54000091552734,8897.5498046875,13.65999984741211,2383.1201171875,0.79,2.04
2017-03-06,26.736499786376953,963500.0,1224.5,66.77300262451172,17.725000381469727,11.239999771118164,2.49399995803833,101.63999938964844,8963.4501953125,13.239999771118164,2375.31005859375,0.79,2.01
2017-03-07,26.561500549316406,610900.0,1215.0999755859375,66.66470336914062,17.492000579833984,11.449999809265137,2.510999917984009,101.80999755859376,8946.900390625,13.220000267028809,2368.389892578125,0.79,2.03
2017-03-08,26.292499542236328,2080100.0,1208.5,66.61620330810547,17.256999969482422,11.859999656677246,2.552000045776367,102.06999969482422,8924.2998046875,13.579999923706056,2362.97998046875,0.79,2.01
2017-03-09,26.246000289916992,1030100.0,1202.4000244140625,66.76499938964844,16.993000030517578,12.300000190734863,2.5980000495910645,101.8499984741211,8927.0,13.619999885559082,2364.8701171875,0.79,2.0
2017-03-10,26.113000869750977,1217200.0,1200.699951171875,66.68049621582031,16.882999420166016,11.65999984741211,2.5820000171661377,101.25,8934.5498046875,13.029999732971191,2372.60009765625,0.79,2.01
2017-03-14,25.958499908447266,1162700.0,1201.9000244140625,66.17009735107422,16.88800048828125,12.300000190734863,2.5950000286102295,101.6999969482422,9087.0,11.56999969482422,2365.449951171875,0.79,1.99
2017-03-15,25.62849998474121,1901700.0,1200.0999755859375,65.77510070800781,16.88800048828125,11.630000114440918,2.507999897003174,100.73999786376952,9084.7998046875,11.229999542236328,2385.260009765625,0.79,2.01
2017-03-16,25.962499618530273,860100.0,1226.5,65.62049865722656,17.29599952697754,11.210000038146973,2.5220000743865967,100.2699966430664,9153.7001953125,11.119999885559082,2381.3798828125,0.79,2.02
2017-03-17,25.989500045776367,1144700.0,1229.800048828125,65.40450286865234,17.378999710083008,11.279999732971191,2.500999927520752,100.3000030517578,9160.0498046875,10.800000190734863,2378.25,0.79,2.01
2017-03-20,26.049999237060547,808500.0,1233.5999755859375,65.46810150146484,17.402999877929688,11.34000015258789,2.4730000495910645,100.41000366210938,9126.849609375,11.350000381469728,2373.469970703125,0.79,2.0
2017-03-21,26.061500549316406,1725700.0,1246.0999755859375,65.33529663085938,17.549999237060547,12.470000267028809,2.436000108718872,99.80999755859376,9121.5,12.130000114440918,2344.02001953125,0.79,1.98
2017-03-22,26.347999572753903,1909300.0,1249.300048828125,65.49500274658203,17.545000076293945,12.8100004196167,2.3959999084472656,99.68000030517578,9030.4501953125,12.279999732971191,2348.449951171875,0.79,1.97
2017-03-23,26.382999420166016,925300.0,1246.9000244140625,65.36499786376953,17.562999725341797,13.119999885559082,2.4179999828338623,99.76000213623048,9086.2998046875,12.579999923706056,2345.9599609375,0.79,1.95
2017-03-24,26.336000442504883,2154800.0,1248.199951171875,65.44439697265625,17.719999313354492,12.960000038146973,2.4000000953674316,99.62999725341795,9108.0,12.0600004196167,2343.97998046875,0.79,1.98
2017-03-27,26.427000045776367,2338100.0,1255.4000244140625,65.39309692382812,18.079999923706055,12.5,2.372999906539917,99.16999816894533,9045.2001953125,12.510000228881836,2341.590087890625,0.79,1.97
2017-03-28,26.332000732421875,1622400.0,1255.300048828125,65.04499816894531,18.225000381469727,11.529999732971191,2.4089999198913574,99.70999908447266,9100.7998046875,12.350000381469728,2358.570068359375,0.79,1.97
2017-03-29,26.288000106811523,1353100.0,1253.4000244140625,65.11000061035156,18.22800064086914,11.420000076293944,2.385999917984009,100.0,9143.7998046875,11.649999618530272,2361.1298828125,0.79,1.98
2017-03-30,26.268999099731445,610000.0,1245.0,64.77999877929688,18.184999465942383,11.539999961853027,2.4159998893737793,100.41000366210938,9173.75,12.09000015258789,2368.06005859375,0.79,1.96
2017-03-31,26.12849998474121,473400.0,1247.300048828125,64.79000091552734,18.23500061035156,12.369999885559082,2.3959999084472656,100.3499984741211,9173.75,12.40999984741211,2362.719970703125,0.79,1.97
2017-04-03,26.082500457763672,1037500.0,1250.800048828125,64.79669952392578,18.19099998474121,12.380000114440918,2.3499999046325684,100.54000091552734,9237.849609375,12.609999656677246,2358.840087890625,0.9,1.96
2017-04-05,26.371000289916992,2622200.0,1245.4000244140625,65.05000305175781,18.166000366210938,12.890000343322754,2.3570001125335693,100.55999755859376,9265.150390625,13.229999542236328,2352.949951171875,0.9,1.97
2017-04-06,26.392499923706055,2308200.0,1250.300048828125,65.04000091552734,18.225000381469727,12.390000343322754,2.3429999351501465,100.66999816894533,9261.9501953125,12.850000381469728,2357.489990234375,0.9,1.95
2017-04-07,26.513999938964844,1341100.0,1254.300048828125,64.58000183105469,18.1299991607666,12.869999885559082,2.372999906539917,101.18000030517578,9198.2998046875,13.449999809265137,2355.5400390625,0.9,1.94
2017-04-10,26.21050071716309,1246400.0,1251.0999755859375,64.26000213623047,17.893999099731445,14.050000190734863,2.361000061035156,101.0199966430664,9181.4501953125,13.75,2357.159912109375,0.9,1.93
2017-04-11,26.260499954223633,2342600.0,1271.199951171875,64.57499694824219,18.232999801635746,15.06999969482422,2.2980000972747803,100.70999908447266,9237.0,15.199999809265137,2353.780029296875,0.9,1.91
2017-04-12,26.600500106811523,2395100.0,1275.300048828125,64.62999725341797,18.27899932861328,15.770000457763672,2.2960000038146973,100.77999877929688,9203.4501953125,16.079999923706055,2344.929931640625,0.9,1.9
2017-04-13,26.77899932861328,1725200.0,1285.9000244140625,64.5,18.48900032043457,15.960000038146973,2.2320001125335693,100.55999755859376,9150.7998046875,16.200000762939453,2328.949951171875,0.9,1.92
2017-04-17,26.804500579833984,2538200.0,1289.4000244140625,64.45369720458984,18.493000030517575,14.65999984741211,2.252000093460083,100.3000030517578,9139.2998046875,16.200000762939453,2349.010009765625,0.9,1.88
2017-04-18,26.79450035095215,3206800.0,1291.699951171875,64.4083023071289,18.250999450683594,14.420000076293944,2.178999900817871,99.5,9105.150390625,15.670000076293944,2342.18994140625,0.9,1.85
2017-04-19,26.681499481201172,3296400.0,1281.4000244140625,64.56999969482422,18.13599967956543,14.93000030517578,2.2019999027252197,99.73999786376952,9103.5,14.5,2338.169921875,0.9,1.85
2017-04-20,26.684499740600582,3260700.0,1281.9000244140625,64.64669799804688,17.992000579833984,14.149999618530272,2.240999937057495,99.77999877929688,9136.400390625,14.539999961853027,2355.840087890625,0.9,1.85
2017-04-21,26.76849937438965,1825900.0,1287.4000244140625,64.66000366210938,17.829999923706055,14.630000114440918,2.236999988555908,99.9800033569336,9119.400390625,15.3100004196167,2348.68994140625,0.9,1.84
2017-04-24,26.548999786376953,864000.0,1275.800048828125,64.63999938964844,17.847999572753906,10.84000015258789,2.2730000019073486,99.08999633789062,9217.9501953125,12.289999961853027,2374.14990234375,0.9,1.87
2017-04-25,26.49250030517578,2644600.0,1265.5999755859375,64.38999938964844,17.58099937438965,10.760000228881836,2.3269999027252197,98.81999969482422,9306.599609375,12.449999809265137,2388.610107421875,0.9,1.91
2017-04-26,26.339500427246097,1914400.0,1262.0999755859375,64.3499984741211,17.35300064086914,10.850000381469728,2.311000108718872,98.95999908447266,9351.849609375,12.020000457763672,2387.449951171875,0.9,1.9
2017-04-27,26.33300018310547,2169100.0,1263.699951171875,64.0199966430664,17.264999389648438,10.359999656677246,2.2960000038146973,99.08000183105467,9342.150390625,11.529999732971191,2388.77001953125,0.9,1.91
2017-04-28,26.40999984741211,4292500.0,1266.0999755859375,64.05999755859375,17.19099998474121,10.81999969482422,2.2820000648498535,99.0500030517578,9304.0498046875,11.600000381469728,2384.199951171875,0.9,1.92
2017-05-02,26.17849922180176,1587300.0,1255.0999755859375,64.18000030517578,16.768999099731445,10.59000015258789,2.2960000038146973,98.9800033569336,9313.7998046875,12.380000114440918,2391.169921875,0.91,1.88
2017-05-03,26.11050033569336,2600500.0,1246.4000244140625,64.06999969482422,16.48699951171875,10.68000030517578,2.309000015258789,99.20999908447266,9311.9501953125,12.539999961853027,2388.1298828125,0.91,1.87
2017-05-04,25.804500579833984,1478300.0,1226.5,64.20999908447266,16.243999481201172,10.460000038146973,2.3559999465942383,98.76000213623048,9359.900390625,12.40999984741211,2389.52001953125,0.91,1.86
2017-05-05,25.923999786376953,1867300.0,1224.800048828125,64.16999816894531,16.21500015258789,10.56999969482422,2.3519999980926514,98.6500015258789,9285.2998046875,12.010000228881836,2399.2900390625,0.91,1.86
2017-05-08,25.72050094604492,1614000.0,1225.300048828125,64.30799865722656,16.198999404907227,9.770000457763672,2.375999927520752,99.1500015258789,9314.0498046875,11.949999809265137,2399.3798828125,0.91,1.86
2017-05-09,25.70549964904785,2195900.0,1214.300048828125,64.41179656982422,16.007999420166016,9.960000038146973,2.4070000648498535,99.58999633789062,9316.849609375,12.100000381469728,2396.919921875,0.91,1.86
2017-05-10,25.67449951171875,1053400.0,1217.300048828125,64.63999938964844,16.150999069213867,10.210000038146973,2.4140000343322754,99.66999816894533,9407.2998046875,11.199999809265137,2399.6298828125,0.91,1.85
2017-05-11,25.518999099731445,2519500.0,1222.699951171875,64.55000305175781,16.208999633789062,10.600000381469728,2.4000000953674316,99.62000274658205,9422.400390625,11.239999771118164,2394.43994140625,0.91,1.88
2017-05-12,25.555500030517575,846800.0,1226.199951171875,64.36000061035156,16.34600067138672,10.399999618530272,2.3350000381469727,99.25,9400.900390625,11.130000114440918,2390.89990234375,0.91,1.84
2017-05-15,25.58550071716309,1473200.0,1228.5999755859375,64.16549682617188,16.56100082397461,10.420000076293944,2.3380000591278076,98.91000366210938,9445.400390625,11.279999732971191,2402.320068359375,0.91,1.82
2017-05-16,25.61750030517578,1795900.0,1235.0,64.03829956054688,16.69300079345703,10.649999618530272,2.3289999961853027,98.11000061035156,9512.25,11.1899995803833,2400.669921875,0.91,1.82
2017-05-17,25.79800033569336,1825700.0,1257.5,63.900001525878906,16.851999282836914,15.59000015258789,2.2160000801086426,97.41999816894533,9525.75,13.029999732971191,2357.030029296875,0.91,1.78
2017-05-18,26.325000762939453,3133900.0,1251.699951171875,64.2300033569336,16.621000289916992,14.65999984741211,2.2330000400543213,97.87999725341795,9429.4501953125,12.949999809265137,2365.719970703125,0.91,1.8
2017-05-19,26.227500915527344,1197800.0,1252.699951171875,64.87110137939453,16.75,12.039999961853027,2.244999885559082,97.1500015258789,9427.900390625,12.039999961853027,2381.72998046875,0.91,1.82
2017-05-22,26.186500549316406,936200.0,1260.699951171875,64.44850158691406,17.14299964904785,10.93000030517578,2.253999948501587,96.9800033569336,9438.25,12.31999969482422,2394.02001953125,0.91,1.82
2017-05-23,26.38599967956543,1521600.0,1254.800048828125,64.50019836425781,17.090999603271484,10.720000267028809,2.2850000858306885,97.3499984741211,9386.150390625,11.890000343322754,2398.419921875,0.91,1.83
2017-05-24,26.239999771118164,1662400.0,1252.4000244140625,64.88520050048828,17.07699966430664,10.020000457763672,2.2660000324249268,97.23999786376952,9360.5498046875,11.75,2404.389892578125,0.91,1.81
2017-05-25,26.116500854492188,920400.0,1255.800048828125,64.76010131835938,17.152000427246094,9.989999771118164,2.255000114440918,97.25,9509.75,11.199999809265137,2415.070068359375,0.91,1.8
2017-05-26,26.308500289916992,1284000.0,1267.5999755859375,64.54540252685547,17.283000946044922,9.8100004196167,2.25,97.4000015258789,9595.099609375,11.59000015258789,2415.820068359375,0.91,1.81
2017-05-29,26.29599952697754,1001600.0,1267.5999755859375,64.51319885253906,17.283000946044922,9.8100004196167,2.25,97.4000015258789,9604.900390625,11.59000015258789,2415.820068359375,0.91,1.81
2017-05-30,26.293500900268555,1719700.0,1262.0999755859375,64.50859832763672,17.38800048828125,10.380000114440918,2.2170000076293945,97.27999877929688,9624.5498046875,11.619999885559082,2412.909912109375,0.91,1.81
2017-05-31,26.184499740600582,963600.0,1272.0,64.61859893798828,17.368000030517578,10.40999984741211,2.196000099182129,96.91999816894533,9621.25,11.81999969482422,2411.800048828125,0.91,1.81
2017-06-01,26.291500091552734,1902800.0,1267.0,64.5000991821289,17.243000030517578,9.890000343322754,2.2170000076293945,97.1999969482422,9616.099609375,11.8100004196167,2430.06005859375,1.04,1.81
2017-06-02,26.179500579833984,803300.0,1276.800048828125,64.37229919433594,17.48699951171875,9.75,2.1589999198913574,96.72000122070312,9653.5,12.09000015258789,2439.070068359375,1.04,1.79
2017-06-05,26.535499572753903,2739700.0,1279.300048828125,64.40499877929688,17.547000885009766,10.06999969482422,2.181999921798706,96.8000030517578,9675.099609375,12.4399995803833,2436.10009765625,1.04,1.79
2017-06-06,26.67200088500977,3742500.0,1294.4000244140625,64.34400177001953,17.677000045776367,10.449999809265137,2.1470000743865967,96.63999938964844,9637.150390625,13.229999542236328,2429.330078125,1.04,1.77
2017-06-07,26.629499435424805,4054300.0,1290.0999755859375,64.42050170898438,17.586999893188477,10.390000343322754,2.177999973297119,96.75,9663.900390625,13.15999984741211,2433.139892578125,1.04,1.78
2017-06-08,26.559499740600582,1189700.0,1276.300048828125,64.41829681396484,17.384000778198242,10.15999984741211,2.194000005722046,96.91999816894533,9647.25,12.619999885559082,2433.7900390625,1.04,1.78
2017-06-09,26.35650062561035,1630800.0,1268.5,64.243896484375,17.19300079345703,10.699999809265137,2.1989998817443848,97.2699966430664,9668.25,12.5,2431.77001953125,1.04,1.78
2017-06-12,26.311500549316406,1807800.0,1266.0999755859375,64.37699890136719,16.913999557495117,11.460000038146973,2.2130000591278076,97.13999938964844,9616.400390625,12.40999984741211,2429.389892578125,1.04,1.75
2017-06-13,26.22450065612793,1599800.0,1265.800048828125,64.46910095214844,16.738000869750977,10.420000076293944,2.2070000171661377,96.9800033569336,9606.900390625,12.15999984741211,2440.35009765625,1.04,1.75
2017-06-14,26.212499618530273,1426600.0,1272.800048828125,64.35749816894531,17.10700035095215,10.640000343322754,2.138000011444092,96.94000244140624,9618.150390625,11.5,2437.919921875,1.04,1.71
2017-06-15,26.16699981689453,716000.0,1252.199951171875,64.16580200195312,16.69099998474121,10.899999618530272,2.1619999408721924,97.43000030517578,9578.0498046875,11.029999732971191,2432.4599609375,1.04,1.67
2017-06-16,26.10650062561035,950800.0,1254.0,64.55999755859375,16.63599967956543,10.380000114440918,2.1570000648498535,97.16000366210938,9588.0498046875,10.15999984741211,2433.14990234375,1.04,1.67
2017-06-19,26.01650047302246,1205300.0,1244.199951171875,64.3949966430664,16.482999801635742,10.369999885559082,2.190000057220459,97.52999877929688,9657.5498046875,10.6899995803833,2453.4599609375,1.04,1.67
2017-06-20,25.98150062561035,978400.0,1241.0,64.48760223388672,16.398000717163086,10.859999656677246,2.1530001163482666,97.75,9653.5,11.140000343322754,2437.030029296875,1.04,1.66
2017-06-21,26.06800079345703,733800.0,1243.4000244140625,64.53050231933594,16.354999542236328,10.75,2.1549999713897705,97.55999755859376,9633.599609375,11.25,2435.610107421875,1.04,1.66
2017-06-22,26.10449981689453,593900.0,1247.5999755859375,64.5416030883789,16.489999771118164,10.479999542236328,2.1530001163482666,97.54000091552734,9630.0,11.239999771118164,2434.5,1.04,1.69
2017-06-23,26.12299919128418,1960000.0,1256.199951171875,64.59100341796875,16.628000259399414,10.020000457763672,2.1440000534057617,97.3000030517578,9574.9501953125,10.859999656677246,2438.300048828125,1.04,1.7
2017-06-27,26.07550048828125,2183200.0,1246.4000244140625,64.42130279541016,16.576000213623047,11.0600004196167,2.197999954223633,96.47000122070312,9511.400390625,11.960000038146973,2419.3798828125,1.04,1.71
2017-06-28,25.992000579833984,1233800.0,1248.0,64.5248031616211,16.71500015258789,10.029999732971191,2.2209999561309814,96.0500030517578,9491.25,11.380000114440918,2440.68994140625,1.04,1.73
2017-06-29,25.836000442504883,589200.0,1244.199951171875,64.51190185546875,16.586000442504883,11.4399995803833,2.2669999599456787,95.62999725341795,9504.099609375,11.210000038146973,2419.699951171875,1.04,1.72
2017-06-30,25.768999099731445,580500.0,1240.699951171875,64.78510284423828,16.56800079345703,11.18000030517578,2.302000045776367,95.66000366210938,9520.900390625,11.0,2423.409912109375,1.04,1.73
2017-07-03,25.679000854492188,607300.0,1217.9000244140625,64.60679626464844,16.03700065612793,11.220000267028809,2.3459999561309814,96.1999969482422,9615.0,11.93000030517578,2429.010009765625,1.15,1.75
2017-07-04,25.43950080871582,1953800.0,1217.9000244140625,64.84269714355469,16.03700065612793,11.220000267028809,2.3459999561309814,96.1999969482422,9613.2998046875,11.93000030517578,2429.010009765625,1.15,1.75
2017-07-05,25.41449928283691,903400.0,1220.4000244140625,64.7688980102539,15.842000007629396,11.06999969482422,2.3340001106262207,96.29000091552734,9637.599609375,11.880000114440918,2432.5400390625,1.15,1.75
2017-07-06,25.476499557495117,808700.0,1222.199951171875,64.79139709472656,15.927000045776367,12.539999961853027,2.369999885559082,95.81999969482422,9674.5498046875,11.720000267028809,2409.75,1.15,1.76
2017-07-07,25.388999938964844,800200.0,1208.5999755859375,64.71330261230469,15.371000289916992,11.1899995803833,2.3929998874664307,96.01000213623048,9665.7998046875,12.539999961853027,2425.179931640625,1.15,1.73
2017-07-10,25.099000930786133,812300.0,1212.0999755859375,64.61170196533203,15.57699966430664,11.109999656677246,2.371000051498413,96.0500030517578,9771.0498046875,12.220000267028809,2427.429931640625,1.15,1.72
2017-07-11,25.155000686645508,838800.0,1213.5999755859375,64.61170196533203,15.696999549865724,10.890000343322754,2.361999988555908,95.73999786376952,9786.0498046875,12.300000190734863,2425.530029296875,1.15,1.75
2017-07-12,25.20949935913086,1951600.0,1218.0999755859375,64.52559661865234,15.83899974822998,10.300000190734863,2.3269999027252197,95.79000091552734,9816.099609375,11.5600004196167,2443.25,1.15,1.76
2017-07-13,25.221500396728516,759600.0,1216.300048828125,64.36499786376953,15.642000198364258,9.899999618530272,2.3480000495910645,95.7300033569336,9891.7001953125,11.289999961853027,2447.830078125,1.15,1.77
2017-07-14,25.18000030517578,688200.0,1226.5999755859375,64.42579650878906,15.883999824523926,9.510000228881836,2.319000005722046,95.11000061035156,9886.349609375,11.109999656677246,2459.27001953125,1.15,1.76
2017-07-17,25.372499465942383,1492700.0,1232.800048828125,64.26730346679688,16.049999237060547,9.81999969482422,2.309000015258789,95.12999725341795,9915.9501953125,11.079999923706056,2459.139892578125,1.15,1.77
2017-07-18,25.453500747680664,1921200.0,1241.0999755859375,64.33000183105469,16.222000122070312,9.890000343322754,2.263000011444092,94.66000366210938,9827.150390625,11.140000343322754,2460.610107421875,1.15,1.76
2017-07-19,25.503000259399418,1307100.0,1241.199951171875,64.3062973022461,16.250999450683594,9.789999961853027,2.2679998874664307,94.8000030517578,9899.599609375,11.079999923706056,2473.830078125,1.15,1.76
2017-07-20,25.47249984741211,577300.0,1244.800048828125,64.26329803466797,16.298999786376953,9.579999923706056,2.2660000324249268,94.2699966430664,9873.2998046875,10.850000381469728,2473.449951171875,1.15,1.77
2017-07-21,25.61199951171875,1581500.0,1254.300048828125,64.32499694824219,16.40999984741211,9.359999656677246,2.2320001125335693,93.94000244140624,9915.25,11.220000267028809,2472.5400390625,1.15,1.76
2017-07-24,25.7814998626709,1224800.0,1253.9000244140625,64.46109771728516,16.398000717163086,9.43000030517578,2.253999948501587,93.9800033569336,9966.400390625,11.800000190734863,2469.909912109375,1.15,1.78
2017-07-25,25.67650032043457,882300.0,1251.699951171875,64.36509704589844,16.496999740600586,9.43000030517578,2.325999975204468,94.0500030517578,9964.5498046875,12.06999969482422,2477.1298828125,1.15,1.81
2017-07-26,25.565000534057617,2319900.0,1249.0,64.4469985961914,16.415000915527344,9.600000381469728,2.2820000648498535,93.66999816894533,10020.650390625,11.630000114440918,2477.830078125,1.15,1.8
2017-07-27,25.77300071716309,1459800.0,1259.5999755859375,64.3447036743164,16.52899932861328,10.109999656677246,2.309999942779541,93.86000061035156,10020.5498046875,11.239999771118164,2475.419921875,1.15,1.83
2017-07-28,25.65449905395508,1473400.0,1268.4000244140625,64.18499755859375,16.663999557495117,10.289999961853027,2.2890000343322754,93.26000213623048,10014.5,11.4399995803833,2472.10009765625,1.15,1.83
2017-07-31,25.709999084472656,1142100.0,1266.5999755859375,64.12349700927734,16.75,10.260000228881836,2.2920000553131104,92.86000061035156,10077.099609375,11.609999656677246,2470.300048828125,1.15,1.82
2017-08-01,25.656999588012695,715400.0,1272.5999755859375,64.18949890136719,16.72800064086914,10.09000015258789,2.250999927520752,93.02999877929688,10114.650390625,11.279999732971191,2476.35009765625,1.16,1.79
2017-08-02,25.60950088500977,663700.0,1271.800048828125,64.05580139160156,16.69700050354004,10.279999732971191,2.26200008392334,92.83000183105467,10081.5,11.239999771118164,2477.570068359375,1.16,1.79
2017-08-03,25.54599952697754,1240700.0,1267.800048828125,63.64059829711914,16.5939998626709,10.4399995803833,2.2279999256134033,92.80999755859376,10013.650390625,11.3100004196167,2472.159912109375,1.16,1.78
2017-08-04,25.809999465942383,1886800.0,1258.300048828125,63.696998596191406,16.222000122070312,10.029999732971191,2.2669999599456787,93.54000091552734,10066.400390625,10.869999885559082,2476.830078125,1.16,1.8
2017-08-07,25.55349922180176,743600.0,1258.199951171875,63.66510009765625,16.22100067138672,9.93000030517578,2.256999969482422,93.43000030517578,10057.400390625,10.729999542236328,2480.909912109375,1.16,1.8
2017-08-08,25.587499618530273,2080800.0,1256.4000244140625,63.830101013183594,16.360000610351562,10.960000038146973,2.2829999923706055,93.63999938964844,9978.5498046875,11.100000381469728,2474.919921875,1.16,1.83
2017-08-09,25.771499633789062,1289100.0,1273.0,63.70289993286133,16.833999633789062,11.109999656677246,2.240999937057495,93.5199966430664,9908.0498046875,12.3100004196167,2474.02001953125,1.16,1.82
2017-08-10,25.963499069213867,2341300.0,1283.699951171875,63.887699127197266,17.035999298095703,16.040000915527344,2.211999893188477,93.4000015258789,9820.25,13.43000030517578,2438.2099609375,1.16,1.8
2017-08-11,26.2189998626709,2568000.0,1287.699951171875,64.13860321044922,17.041000366210938,15.510000228881836,2.188999891281128,93.06999969482422,9710.7998046875,13.449999809265137,2441.320068359375,1.16,1.79
2017-08-14,26.03300094604492,1357000.0,1284.199951171875,64.08100128173828,17.093000411987305,12.329999923706056,2.2190001010894775,93.45999908447266,9794.150390625,12.109999656677246,2465.840087890625,1.16,1.77
2017-08-16,25.7814998626709,1212000.0,1276.9000244140625,64.26300048828125,16.91699981689453,11.739999771118164,2.2260000705718994,93.48999786376952,9897.2998046875,12.579999923706056,2468.110107421875,1.16,1.78
2017-08-17,26.145000457763672,1524400.0,1286.4000244140625,64.1604995727539,17.030000686645508,15.550000190734863,2.1989998817443848,93.62000274658205,9904.150390625,13.34000015258789,2430.010009765625,1.16,1.77
2017-08-18,26.23200035095215,1812800.0,1285.699951171875,64.18890380859375,16.979999542236328,14.260000228881836,2.194000005722046,93.43000030517578,9837.400390625,12.119999885559082,2425.550048828125,1.16,1.76
2017-08-21,26.012500762939453,1311700.0,1290.800048828125,64.07589721679688,16.9950008392334,13.1899995803833,2.180000066757202,93.0999984741211,9754.349609375,13.010000228881836,2428.3701171875,1.16,1.75
2017-08-22,25.96500015258789,1144800.0,1285.0999755859375,64.15750122070312,16.961999893188477,11.350000381469728,2.2149999141693115,93.5500030517578,9765.5498046875,12.489999771118164,2452.510009765625,1.16,1.77
2017-08-23,25.992000579833984,1785900.0,1288.9000244140625,64.05750274658203,17.031999588012695,12.25,2.1710000038146973,93.1500015258789,9852.5,12.68000030517578,2444.0400390625,1.16,1.75
2017-08-24,26.006999969482425,734400.0,1286.5,64.00499725341797,16.95199966430664,12.229999542236328,2.194000005722046,93.27999877929688,9857.0498046875,12.760000228881836,2438.969970703125,1.16,1.75
2017-08-28,26.292499542236328,2407800.0,1309.699951171875,63.99549865722656,17.430999755859375,11.31999969482422,2.1589999198913574,92.20999908447266,9912.7998046875,14.199999809265137,2444.239990234375,1.16,1.75
2017-08-29,26.82749938964844,4226300.0,1313.0999755859375,63.78929901123047,17.422000885009766,11.699999809265137,2.135999917984009,92.3499984741211,9796.0498046875,13.5,2446.300048828125,1.16,1.74
2017-08-30,26.625,1148300.0,1308.0999755859375,63.98680114746094,17.40399932861328,11.220000267028809,2.1429998874664307,92.87999725341795,9884.400390625,12.779999732971191,2457.590087890625,1.16,1.76
2017-08-31,26.525999069213867,1641400.0,1316.199951171875,63.976200103759766,17.479999542236328,10.59000015258789,2.121000051498413,92.66999816894533,9917.900390625,13.260000228881836,2471.64990234375,1.16,1.76
2017-09-01,26.818500518798828,1848500.0,1324.5,63.91189956665039,17.7189998626709,10.130000114440918,2.1570000648498535,92.80999755859376,9974.400390625,12.729999542236328,2476.550048828125,1.15,1.79
2017-09-04,27.128000259399418,2682500.0,1324.5,64.0155029296875,17.7189998626709,10.130000114440918,2.1570000648498535,92.80999755859376,9912.849609375,12.729999542236328,2476.550048828125,1.15,1.79
2017-09-05,27.04750061035156,2163900.0,1339.199951171875,64.02629852294922,17.844999313354492,12.229999542236328,2.069999933242798,92.30999755859376,9952.2001953125,14.300000190734863,2457.85009765625,1.15,1.77
2017-09-06,27.2814998626709,1607000.0,1333.9000244140625,64.0999984741211,17.81599998474121,11.630000114440918,2.1080000400543213,92.29000091552734,9916.2001953125,14.170000076293944,2465.5400390625,1.15,1.78
2017-09-07,27.16950035095215,1729800.0,1345.0999755859375,64.0154037475586,18.016000747680664,11.550000190734863,2.061000108718872,91.52999877929688,9929.900390625,14.489999771118164,2465.10009765625,1.15,1.79
2017-09-08,27.31599998474121,2665200.0,1346.0,63.95009994506836,18.027000427246097,12.119999885559082,2.061000108718872,91.33000183105467,9934.7998046875,13.770000457763672,2461.429931640625,1.15,1.81
2017-09-11,27.08650016784668,1521200.0,1331.0,63.930999755859375,17.80699920654297,10.729999542236328,2.125,91.86000061035156,10006.0498046875,13.279999732971191,2488.110107421875,1.15,1.83
2017-09-12,26.947500228881836,2211800.0,1328.0,63.97999954223633,17.795000076293945,10.579999923706056,2.1710000038146973,91.91000366210938,10093.0498046875,11.5600004196167,2496.47998046875,1.15,1.84
2017-09-13,27.070499420166016,1590200.0,1323.4000244140625,63.98759841918945,17.77199935913086,10.5,2.194999933242798,92.5199966430664,10079.2998046875,11.979999542236328,2498.3701171875,1.15,1.85
2017-09-14,26.90049934387207,755300.0,1324.699951171875,64.11509704589844,17.697999954223633,10.4399995803833,2.197000026702881,92.12000274658205,10086.599609375,12.1899995803833,2495.6201171875,1.15,1.85
2017-09-15,26.98349952697754,1121200.0,1320.4000244140625,64.15499877929688,17.611000061035156,10.170000076293944,2.2019999027252197,91.87000274658205,10085.400390625,12.0600004196167,2500.22998046875,1.15,1.85
2017-09-18,26.75900077819824,1850900.0,1306.300048828125,64.12020111083984,17.070999145507812,10.149999618530272,2.2290000915527344,92.0500030517578,10153.099609375,12.6899995803833,2503.8701171875,1.15,1.87
2017-09-19,26.736000061035156,2399700.0,1306.199951171875,64.2146987915039,17.19499969482422,10.18000030517578,2.243000030517578,91.79000091552734,10147.5498046875,12.270000457763672,2506.64990234375,1.15,1.87
2017-09-20,26.850000381469727,827400.0,1312.0,64.29869842529297,17.250999450683594,9.779999732971191,2.2769999504089355,92.51000213623048,10141.150390625,12.31999969482422,2508.239990234375,1.15,1.85
2017-09-21,26.704999923706055,1860300.0,1290.5999755859375,64.28369903564453,16.937000274658203,9.670000076293944,2.2780001163482666,92.26000213623048,10121.900390625,12.1899995803833,2500.60009765625,1.15,1.83
2017-09-22,26.721500396728516,2241100.0,1293.300048828125,64.80229949951172,16.902999877929688,9.59000015258789,2.26200008392334,92.16999816894533,9964.400390625,12.369999885559082,2502.219970703125,1.15,1.84
2017-09-25,26.75950050354004,1074900.0,1306.800048828125,64.89099884033203,17.05900001525879,10.210000038146973,2.2200000286102295,92.6500015258789,9872.599609375,13.770000457763672,2496.659912109375,1.15,1.84
2017-09-26,27.058000564575195,3304500.0,1297.0,65.26509857177734,16.804000854492188,10.170000076293944,2.2290000915527344,92.97000122070312,9871.5,13.31999969482422,2496.840087890625,1.15,1.84
2017-09-27,26.868999481201172,1048100.0,1283.4000244140625,65.3499984741211,16.74799919128418,9.869999885559082,2.309000015258789,93.36000061035156,9735.75,12.989999771118164,2507.0400390625,1.15,1.87
2017-09-28,26.719499588012695,773700.0,1285.5,65.5250015258789,16.773000717163086,9.550000190734863,2.309000015258789,93.08999633789062,9768.9501953125,11.75,2510.06005859375,1.15,1.87
2017-09-29,26.662500381469727,458900.0,1281.5,65.36000061035156,16.60700035095215,9.510000228881836,2.325999975204468,93.08000183105467,9788.599609375,11.770000457763672,2519.360107421875,1.15,1.84
2017-10-03,26.583499908447266,745900.0,1271.5,65.57170104980469,16.58099937438965,9.510000228881836,2.3340001106262207,93.56999969482422,9859.5,11.380000114440918,2534.580078125,1.15,1.84
2017-10-04,26.531999588012695,1069400.0,1273.699951171875,65.44309997558594,16.562999725341797,9.630000114440918,2.3299999237060547,93.45999908447266,9914.900390625,11.40999984741211,2537.739990234375,1.15,1.85
2017-10-05,26.47699928283691,918700.0,1269.9000244140625,65.01950073242188,16.582000732421875,9.1899995803833,2.3499999046325684,93.95999908447266,9888.7001953125,11.399999618530272,2552.070068359375,1.15,1.86
2017-10-06,26.409000396728516,1489700.0,1271.5999755859375,65.20999908447266,16.733999252319336,9.649999618530272,2.369999885559082,93.8000030517578,9979.7001953125,11.529999732971191,2549.330078125,1.15,1.87
2017-10-09,26.69300079345703,1901900.0,1281.800048828125,65.41419982910156,16.916000366210938,10.329999923706056,2.361000061035156,93.73999786376952,9988.75,11.960000038146973,2544.72998046875,1.15,1.87
2017-10-10,26.76300048828125,1301200.0,1290.5999755859375,65.41459655761719,17.155000686645508,10.079999923706056,2.3450000286102295,93.29000091552734,10016.9501953125,12.220000267028809,2550.639892578125,1.15,1.88
2017-10-11,26.84149932861328,2057800.0,1285.800048828125,65.23889923095703,17.08099937438965,9.850000381469728,2.3450000286102295,92.95999908447266,9984.7998046875,12.130000114440918,2555.239990234375,1.15,1.89
2017-10-12,26.95050048828125,1356900.0,1293.300048828125,65.20539855957031,17.211000442504883,9.90999984741211,2.322999954223633,93.12000274658205,10096.400390625,11.81999969482422,2550.929931640625,1.15,1.89
2017-10-13,26.965499877929688,2028000.0,1301.5,65.0459976196289,17.354999542236328,9.609999656677246,2.2799999713897705,93.08999633789062,10167.4501953125,11.760000228881836,2553.169921875,1.15,1.85
2017-10-16,26.89349937438965,2836200.0,1299.9000244140625,64.6729965209961,17.315000534057617,9.90999984741211,2.306999921798706,93.27999877929688,10230.849609375,12.130000114440918,2557.639892578125,1.15,1.84
2017-10-17,26.79050064086914,4911400.0,1283.0,64.6946029663086,16.98699951171875,10.3100004196167,2.2980000972747803,93.48999786376952,10234.4501953125,11.640000343322754,2559.360107421875,1.15,1.82
2017-10-18,26.603500366210938,1846200.0,1279.9000244140625,64.92870330810547,16.94300079345703,10.06999969482422,2.3389999866485596,93.36000061035156,10210.849609375,11.880000114440918,2561.260009765625,1.15,1.84
2017-10-19,26.87350082397461,1072600.0,1286.9000244140625,65.04010009765625,17.201000213623047,10.050000190734863,2.321000099182129,93.2699966430664,10146.5498046875,11.9399995803833,2562.10009765625,1.15,1.84
2017-10-23,26.554500579833984,1531600.0,1277.699951171875,65.1041030883789,17.02400016784668,11.06999969482422,2.375999927520752,93.94000244140624,10184.849609375,11.6899995803833,2564.97998046875,1.15,1.86
2017-10-24,26.51650047302246,829300.0,1275.0,65.03489685058594,16.906999588012695,11.15999984741211,2.4059998989105225,93.95999908447266,10207.7001953125,11.729999542236328,2569.1298828125,1.15,1.87
2017-10-25,26.467500686645508,1897900.0,1275.4000244140625,65.07949829101562,16.868000030517578,11.229999542236328,2.444000005722046,93.70999908447266,10295.349609375,12.020000457763672,2557.14990234375,1.15,1.88
2017-10-26,26.431499481201172,1753000.0,1266.300048828125,64.83999633789062,16.763999938964844,11.300000190734863,2.4519999027252197,94.61000061035156,10343.7998046875,11.619999885559082,2560.39990234375,1.15,1.89
2017-10-27,26.276500701904297,1548900.0,1268.5,64.5999984741211,16.70199966430664,9.800000190734863,2.427999973297119,94.91999816894533,10323.0498046875,11.479999542236328,2581.070068359375,1.15,1.88
2017-10-30,26.27899932861328,1321100.0,1274.0999755859375,64.87339782714844,16.802000045776367,10.5,2.369999885559082,94.48999786376952,10363.650390625,11.739999771118164,2572.830078125,1.15,1.87
2017-10-31,26.37150001525879,1159200.0,1267.0,64.84239959716797,16.645000457763672,10.18000030517578,2.375999927520752,94.5500030517578,10335.2998046875,11.8100004196167,2575.260009765625,1.15,1.88
2017-11-01,26.33550071716309,1723900.0,1274.0999755859375,64.67009735107422,17.131999969482422,10.199999809265137,2.375999927520752,94.81999969482422,10440.5,11.800000190734863,2579.360107421875,1.16,1.88
2017-11-02,26.27949905395508,1256500.0,1274.9000244140625,64.55509948730469,17.0939998626709,9.93000030517578,2.3469998836517334,94.69000244140624,10423.7998046875,10.949999809265137,2579.85009765625,1.16,1.87
2017-11-03,26.270999908447266,768500.0,1266.5,64.50050354003906,16.79400062561035,9.140000343322754,2.3429999351501465,94.94000244140624,10452.5,10.649999618530272,2587.840087890625,1.16,1.86
2017-11-06,26.15049934387207,1445900.0,1279.4000244140625,64.69339752197266,17.19499969482422,9.399999618530272,2.319999933242798,94.72000122070312,10451.7998046875,10.9399995803833,2591.1298828125,1.16,1.86
2017-11-07,26.39049911499023,2627100.0,1273.699951171875,64.59089660644531,16.905000686645508,9.890000343322754,2.306999921798706,94.91000366210938,10350.150390625,10.979999542236328,2590.639892578125,1.16,1.88
2017-11-08,26.416500091552734,1264200.0,1281.5999755859375,65.16449737548828,17.106000900268555,9.779999732971191,2.325000047683716,94.87000274658205,10303.150390625,11.31999969482422,2594.3798828125,1.16,1.87
2017-11-09,26.437000274658203,1469300.0,1285.5999755859375,64.9104995727539,16.94300079345703,10.5,2.3310000896453857,94.44000244140624,10308.9501953125,11.729999542236328,2584.6201171875,1.16,1.87
2017-11-10,26.52949905395508,1340300.0,1272.4000244140625,64.96800231933594,16.8439998626709,11.289999961853027,2.4000000953674316,94.38999938964844,10321.75,11.68000030517578,2582.300048828125,1.16,1.88
2017-11-13,26.50749969482422,2182300.0,1277.300048828125,65.1603012084961,17.023000717163086,11.5,2.4000000953674316,94.48999786376952,10224.9501953125,11.529999732971191,2584.840087890625,1.16,1.88
2017-11-14,26.431499481201172,1921300.0,1281.5,65.43840026855469,17.052000045776367,11.59000015258789,2.38100004196167,93.83000183105467,10186.599609375,11.609999656677246,2578.8701171875,1.16,1.87
2017-11-15,26.576000213623047,2614600.0,1276.5,65.41339874267578,16.950000762939453,13.130000114440918,2.3350000381469727,93.80999755859376,10118.0498046875,11.75,2564.6201171875,1.16,1.85
2017-11-16,26.412500381469727,1311400.0,1277.4000244140625,65.41339874267578,17.055999755859375,11.760000228881836,2.361000061035156,93.93000030517578,10214.75,11.020000457763672,2585.639892578125,1.16,1.84
2017-11-17,26.464500427246097,2016900.0,1295.800048828125,65.20999908447266,17.357999801635742,11.43000030517578,2.3540000915527344,93.66000366210938,10283.599609375,10.619999885559082,2578.85009765625,1.16,1.86
2017-11-20,26.676000595092773,1730800.0,1274.5999755859375,64.90499877929688,16.82699966430664,10.649999618530272,2.371999979019165,94.08000183105467,10298.75,11.18000030517578,2582.139892578125,1.16,1.85
2017-11-21,26.44499969482422,551100.0,1281.0999755859375,65.0250015258789,16.948999404907227,9.729999542236328,2.36299991607666,93.9499969482422,10326.900390625,10.84000015258789,2599.030029296875,1.16,1.84
2017-11-22,26.45949935913086,1048000.0,1291.5999755859375,64.76129913330078,17.10099983215332,9.880000114440918,2.322000026702881,93.22000122070312,10342.2998046875,10.75,2597.080078125,1.16,1.84
2017-11-23,26.499000549316406,1903800.0,1291.5999755859375,64.7699966430664,17.10099983215332,9.880000114440918,2.322000026702881,93.22000122070312,10348.75,10.75,2597.080078125,1.16,1.84
2017-11-24,26.534000396728516,1104600.0,1286.699951171875,64.57939910888672,16.981000900268555,9.670000076293944,2.3399999141693115,92.76000213623048,10389.7001953125,10.579999923706056,2602.419921875,1.16,1.84
2017-11-27,26.493499755859375,2207400.0,1293.800048828125,64.54499816894531,17.009000778198242,9.869999885559082,2.328000068664551,92.9000015258789,10399.5498046875,10.720000267028809,2601.419921875,1.16,1.83
2017-11-28,26.482500076293945,1171100.0,1294.699951171875,64.43389892578125,16.81100082397461,10.029999732971191,2.3380000591278076,93.26000213623048,10370.25,10.640000343322754,2627.0400390625,1.16,1.84
2017-11-29,26.5,839200.0,1282.0999755859375,64.47000122070312,16.457000732421875,10.699999809265137,2.375999927520752,93.26000213623048,10361.2998046875,11.020000457763672,2626.070068359375,1.16,1.84
2017-11-30,26.300500869750977,1337200.0,1273.199951171875,64.41480255126953,16.381999969482422,11.279999732971191,2.4170000553131104,93.01000213623048,10226.5498046875,11.789999961853027,2647.580078125,1.16,1.86
2017-12-01,26.24650001525879,1005300.0,1278.800048828125,64.49939727783203,16.297000885009766,11.43000030517578,2.361999988555908,92.9000015258789,10121.7998046875,11.390000343322754,2642.219970703125,1.3,1.86
2017-12-04,26.118499755859375,1164600.0,1274.300048828125,64.50900268554688,16.284000396728516,11.68000030517578,2.378999948501587,93.19000244140624,10127.75,11.380000114440918,2639.43994140625,1.3,1.87
2017-12-05,26.173999786376953,1768000.0,1261.5999755859375,64.35140228271484,15.972999572753906,11.329999923706056,2.3559999465942383,93.37999725341795,10118.25,12.279999732971191,2629.570068359375,1.3,1.86
2017-12-06,26.056499481201172,1252200.0,1262.800048828125,64.35690307617188,15.868000030517578,11.020000457763672,2.3299999237060547,93.61000061035156,10044.099609375,11.670000076293944,2629.27001953125,1.3,1.86
2017-12-07,25.88949966430664,1429200.0,1249.800048828125,64.51519775390625,15.71500015258789,10.15999984741211,2.375999927520752,93.8000030517578,10166.7001953125,12.989999771118164,2636.97998046875,1.3,1.87
2017-12-08,25.631999969482425,1481800.0,1245.199951171875,64.54239654541016,15.736000061035156,9.579999923706056,2.382999897003174,93.9000015258789,10265.650390625,11.699999809265137,2651.5,1.3,1.88
2017-12-11,25.64550018310547,1319300.0,1243.699951171875,64.4729995727539,15.696999549865724,9.34000015258789,2.384999990463257,93.87000274658205,10322.25,11.460000038146973,2659.989990234375,1.3,1.88
2017-12-12,25.63800048828125,1083000.0,1238.5,64.3499984741211,15.58199977874756,9.920000076293944,2.4030001163482666,94.0999984741211,10240.150390625,12.140000343322754,2664.110107421875,1.3,1.89
2017-12-13,25.53499984741211,616200.0,1245.4000244140625,64.55000305175781,15.784000396728516,10.18000030517578,2.3489999771118164,93.43000030517578,10192.9501953125,10.869999885559082,2662.85009765625,1.3,1.88
2017-12-14,25.745500564575195,2067300.0,1253.800048828125,64.31999969482422,15.850000381469728,10.489999771118164,2.3459999561309814,93.48999786376952,10252.099609375,10.399999618530272,2652.010009765625,1.3,1.87
2017-12-15,25.643999099731445,2187000.0,1254.300048828125,64.2750015258789,15.977999687194824,9.420000076293944,2.3550000190734863,93.93000030517578,10333.25,9.43000030517578,2675.81005859375,1.3,1.88
2017-12-18,25.63249969482422,1349700.0,1262.199951171875,64.07230377197266,16.1200008392334,9.529999732971191,2.3919999599456787,93.6999969482422,10388.75,9.93000030517578,2690.159912109375,1.3,1.89
2017-12-19,25.721500396728516,2320100.0,1260.699951171875,64.20010375976562,16.06599998474121,10.029999732971191,2.4630000591278076,93.47000122070312,10463.2001953125,10.31999969482422,2681.469970703125,1.3,1.91
2017-12-20,25.739999771118164,1034100.0,1266.0999755859375,64.04759979248047,16.187999725341797,9.720000267028809,2.496999979019165,93.3499984741211,10444.2001953125,9.789999961853027,2679.25,1.3,1.92
2017-12-21,25.754499435424805,3690200.0,1267.300048828125,63.96500015258789,16.152000427246094,9.619999885559082,2.4809999465942383,93.27999877929688,10440.2998046875,9.640000343322754,2684.570068359375,1.3,1.93
2017-12-22,25.79450035095215,2134300.0,1275.4000244140625,64.00969696044922,16.35700035095215,9.899999618530272,2.484999895095825,93.3499984741211,10493.0,10.010000228881836,2683.340087890625,1.3,1.94
2017-12-26,26.003000259399418,1630200.0,1284.0999755859375,64.010498046875,16.520000457763672,10.25,2.4670000076293945,93.26000213623048,10531.5,11.170000076293944,2680.5,1.3,1.94
2017-12-27,26.16550064086914,4088400.0,1287.0,64.0281982421875,16.618999481201172,10.470000267028809,2.4140000343322754,93.02999877929688,10490.75,10.729999542236328,2682.6201171875,1.3,1.94
2017-12-28,26.372499465942383,2225500.0,1294.0999755859375,64.11499786376953,16.832000732421875,10.18000030517578,2.431999921798706,92.5999984741211,10477.900390625,10.43000030517578,2687.5400390625,1.3,1.96
2017-12-29,26.26799964904785,1220000.0,1306.300048828125,64.06199645996094,17.059999465942383,11.039999961853027,2.4049999713897705,92.12000274658205,10530.7001953125,10.960000038146973,2673.610107421875,1.3,1.96
2018-01-01,26.43600082397461,1036000.0,1306.300048828125,63.84080123901367,17.059999465942383,11.039999961853027,2.4049999713897705,92.12000274658205,10530.7001953125,10.960000038146973,2673.610107421875,1.41,1.96
2018-01-02,26.46150016784668,1362700.0,1313.699951171875,63.86759948730469,17.121000289916992,9.770000457763672,2.4649999141693115,91.8499984741211,10442.2001953125,11.960000038146973,2695.81005859375,1.41,2.0
2018-01-03,26.46299934387207,832700.0,1316.199951171875,63.459999084472656,17.184999465942383,9.149999618530272,2.447000026702881,92.16000366210938,10443.2001953125,11.5600004196167,2713.06005859375,1.41,1.98
2018-01-04,26.39699935913086,526900.0,1319.4000244140625,63.41910171508789,17.18899917602539,9.220000267028809,2.453000068664551,91.8499984741211,10504.7998046875,11.800000190734863,2723.989990234375,1.41,2.01
2018-01-05,26.43950080871582,1585000.0,1320.300048828125,63.369598388671875,17.204999923706055,9.220000267028809,2.4760000705718994,91.9499969482422,10558.849609375,11.260000228881836,2743.14990234375,1.41,2.01
2018-01-08,26.47050094604492,1546800.0,1318.5999755859375,63.26499938964844,17.06399917602539,9.520000457763672,2.4800000190734863,92.33000183105467,10623.599609375,11.1899995803833,2747.7099609375,1.41,2.02
2018-01-09,26.538999557495117,2040100.0,1311.699951171875,63.45199966430664,16.93600082397461,10.079999923706056,2.5460000038146973,92.52999877929688,10637.0,10.789999961853027,2751.2900390625,1.41,2.03
2018-01-10,26.519500732421875,2373100.0,1317.4000244140625,63.63610076904297,16.96299934387207,9.81999969482422,2.549999952316284,92.33000183105467,10632.2001953125,10.789999961853027,2748.22998046875,1.41,2.03
2018-01-11,26.618000030517575,868900.0,1320.5999755859375,63.7599983215332,16.893999099731445,9.880000114440918,2.5309998989105225,91.8499984741211,10651.2001953125,10.960000038146973,2767.56005859375,1.41,2.0
2018-01-12,26.782499313354492,1622300.0,1333.4000244140625,63.67210006713867,17.069000244140625,10.15999984741211,2.552000045776367,90.97000122070312,10681.25,11.619999885559082,2786.239990234375,1.41,2.01
2018-01-15,26.948999404907227,2457900.0,1333.4000244140625,63.5885009765625,17.069000244140625,10.15999984741211,2.552000045776367,90.97000122070312,10741.5498046875,11.619999885559082,2786.239990234375,1.41,2.01
2018-01-16,27.05150032043457,3050900.0,1335.4000244140625,63.52119827270508,17.121999740600586,11.65999984741211,2.5439999103546143,90.38999938964844,10700.4501953125,12.09000015258789,2776.419921875,1.41,2.03
2018-01-17,27.01449966430664,1750200.0,1338.0,63.99430084228515,17.104999542236328,11.90999984741211,2.578000068664551,90.54000091552734,10788.5498046875,11.770000457763672,2802.56005859375,1.41,2.04
2018-01-18,26.82900047302246,1725900.0,1326.0,63.82500076293945,16.89299964904785,12.220000267028809,2.611000061035156,90.5,10817.0,12.260000228881836,2798.030029296875,1.41,2.05
2018-01-19,26.94700050354004,1000600.0,1331.9000244140625,63.86759948730469,16.975000381469727,11.270000457763672,2.63700008392334,90.56999969482422,10894.7001953125,11.43000030517578,2810.300048828125,1.41,2.06
2018-01-22,26.900999069213867,2386800.0,1330.9000244140625,63.83209991455078,16.930999755859375,11.029999732971191,2.6649999618530273,90.4000015258789,10966.2001953125,11.65999984741211,2832.969970703125,1.41,2.06
2018-01-23,26.995500564575195,3040100.0,1335.699951171875,63.88010025024414,16.854999542236328,11.100000381469728,2.624000072479248,90.12000274658205,11083.7001953125,11.720000267028809,2839.1298828125,1.41,2.06
2018-01-24,27.13400077819824,1930900.0,1355.9000244140625,63.7504997253418,17.424999237060547,11.470000267028809,2.6540000438690186,89.20999908447266,11086.0,13.380000114440918,2837.5400390625,1.41,2.07
2018-01-25,27.33300018310547,2519600.0,1362.4000244140625,63.57789993286133,17.551000595092773,11.579999923706056,2.621000051498413,89.38999938964844,11069.650390625,13.039999961853027,2839.25,1.41,2.07
2018-01-29,27.14550018310547,2124700.0,1351.5999755859375,63.56999969482422,17.381999969482422,13.84000015258789,2.6989998817443848,89.30999755859375,11130.400390625,13.25,2853.530029296875,1.41,2.09
2018-01-30,27.147499084472656,1270500.0,1335.4000244140625,63.66939926147461,17.01300048828125,14.789999961853027,2.7260000705718994,89.19000244140625,11049.650390625,13.859999656677246,2822.429931640625,1.41,2.1
2018-01-31,27.089000701904297,1795200.0,1339.0,63.769901275634766,17.20400047302246,13.539999961853027,2.7200000286102295,89.12999725341797,11027.7001953125,12.970000267028809,2823.81005859375,1.41,2.11
2018-02-01,27.142499923706055,3051500.0,1344.300048828125,63.665000915527344,17.118000030517578,13.470000267028809,2.7730000019073486,88.66999816894531,11016.900390625,12.31999969482422,2821.97998046875,1.42,2.11
2018-02-02,27.354999542236328,3263400.0,1333.699951171875,63.974998474121094,16.676000595092773,17.309999465942383,2.8540000915527344,89.19999694824219,10760.599609375,13.109999656677246,2762.1298828125,1.42,2.14
2018-02-05,27.184499740600582,1939900.0,1333.0,64.13249969482422,16.638999938964844,37.31999969482422,2.7939999103546143,89.55000305175781,10666.5498046875,14.350000381469728,2648.93994140625,1.42,2.1
2018-02-06,27.36549949645996,3929800.0,1326.0999755859375,64.314697265625,16.54800033569336,29.979999542236328,2.7679998874664307,89.58999633789062,10498.25,13.800000190734863,2695.139892578125,1.42,2.1
2018-02-07,27.100500106811523,4538300.0,1311.5999755859375,63.97999954223633,16.20599937438965,27.729999542236328,2.8440001010894775,90.26000213623048,10476.7001953125,13.619999885559082,2681.659912109375,1.42,2.1
2018-02-08,26.78350067138672,1671400.0,1316.9000244140625,64.19999694824219,16.31399917602539,33.459999084472656,2.8510000705718994,90.2300033569336,10576.849609375,14.850000381469728,2581.0,1.42,2.09
2018-02-09,26.941499710083008,1464600.0,1313.0999755859375,64.44049835205078,16.115999221801758,29.059999465942383,2.8289999961853027,90.44000244140624,10454.9501953125,14.93000030517578,2619.550048828125,1.42,2.05
2018-02-12,27.0,1283100.0,1324.199951171875,64.2113037109375,16.54800033569336,25.61000061035156,2.8570001125335693,90.20999908447266,10539.75,14.369999885559082,2656.0,1.42,2.07
2018-02-14,27.131000518798828,1164700.0,1355.5,64.2500991821289,16.857999801635742,19.260000228881836,2.913000106811523,89.12000274658203,10500.900390625,14.970000267028809,2698.6298828125,1.42,2.09
2018-02-15,27.47249984741211,3518000.0,1352.0999755859375,64.02519989013672,16.777000427246094,19.1299991607666,2.8910000324249268,88.58999633789062,10545.5,15.029999732971191,2731.199951171875,1.42,2.11
2018-02-16,27.63400077819824,2631200.0,1353.199951171875,63.890899658203125,16.69499969482422,19.459999084472656,2.877000093460083,89.0999984741211,10452.2998046875,13.960000038146973,2732.219970703125,1.42,2.09
2018-02-19,27.568500518798828,1562600.0,1353.199951171875,64.37999725341797,16.69499969482422,19.459999084472656,2.877000093460083,89.0999984741211,10378.400390625,13.960000038146973,2732.219970703125,1.42,2.09
2018-02-20,27.503000259399418,1125200.0,1328.800048828125,64.50499725341797,16.424999237060547,20.600000381469727,2.8929998874664307,89.72000122070312,10360.400390625,14.079999923706056,2716.260009765625,1.42,2.1
2018-02-21,27.31450080871582,1074200.0,1330.0,64.86499786376953,16.604000091552734,20.020000457763672,2.943000078201294,90.08000183105467,10397.4501953125,13.829999923706056,2701.330078125,1.42,2.12
2018-02-22,27.292499542236328,1567600.0,1330.5999755859375,64.8949966430664,16.57900047302246,18.719999313354492,2.9170000553131104,89.75,10382.7001953125,13.470000267028809,2703.9599609375,1.42,2.11
2018-02-23,27.315000534057617,1884500.0,1328.199951171875,64.95140075683594,16.47599983215332,16.489999771118164,2.871000051498413,89.87999725341797,10491.0498046875,11.970000267028809,2747.300048828125,1.42,2.12
2018-02-26,27.46150016784668,1287700.0,1330.699951171875,64.7030029296875,16.54199981689453,15.800000190734863,2.8589999675750732,89.81999969482422,10582.599609375,11.890000343322754,2779.60009765625,1.42,2.13
2018-02-27,27.433500289916992,1170500.0,1315.5,64.78040313720703,16.34600067138672,18.59000015258789,2.9079999923706055,90.36000061035156,10554.2998046875,11.760000228881836,2744.280029296875,1.42,2.13
2018-02-28,27.302499771118164,2333800.0,1315.5,64.91000366210938,16.323999404907227,19.850000381469727,2.868000030517578,90.61000061035156,10492.849609375,11.739999771118164,2713.830078125,1.42,2.12
2018-03-01,27.184999465942383,982600.0,1302.9000244140625,65.23999786376953,16.200000762939453,22.469999313354492,2.803999900817871,90.31999969482422,10458.349609375,12.06999969482422,2677.669921875,1.51,2.1
2018-03-05,27.399999618530273,1229000.0,1318.0999755859375,65.18669891357422,16.33799934387207,18.729999542236328,2.88100004196167,90.08000183105467,10358.849609375,11.890000343322754,2720.93994140625,1.51,2.13
2018-03-06,27.298999786376953,1147500.0,1333.5999755859375,65.00370025634766,16.71500015258789,18.36000061035156,2.877000093460083,89.62000274658203,10249.25,12.329999923706056,2728.1201171875,1.51,2.12
2018-03-07,27.440500259399418,2680200.0,1326.0,64.88999938964844,16.42799949645996,17.760000228881836,2.882999897003174,89.63999938964844,10154.2001953125,12.369999885559082,2726.800048828125,1.51,2.13
2018-03-08,27.34749984741211,1779100.0,1319.9000244140625,64.89119720458984,16.43600082397461,16.540000915527344,2.865999937057495,90.12000274658205,10242.650390625,11.56999969482422,2738.969970703125,1.51,2.11
2018-03-09,27.25200080871582,1732100.0,1322.4000244140625,65.09040069580078,16.54599952697754,14.640000343322754,2.8940000534057617,90.08999633789062,10226.849609375,10.9399995803833,2786.570068359375,1.51,2.12
2018-03-12,27.20249938964844,2910300.0,1319.4000244140625,64.96489715576172,16.47100067138672,15.779999732971191,2.869999885559082,89.9000015258789,10421.400390625,11.010000228881836,2783.02001953125,1.51,2.1
2018-03-13,27.1560001373291,1922900.0,1325.9000244140625,64.94550323486328,16.55900001525879,16.350000381469727,2.8480000495910645,89.66000366210938,10426.849609375,10.699999809265137,2765.31005859375,1.51,2.09
2018-03-14,27.25950050354004,2635500.0,1324.4000244140625,64.8281021118164,16.466999053955078,17.229999542236328,2.816999912261963,89.69999694824219,10410.900390625,10.40999984741211,2749.47998046875,1.51,2.07
2018-03-15,27.203500747680664,1349100.0,1316.800048828125,64.83679962158203,16.35300064086914,16.59000015258789,2.825999975204468,90.13999938964844,10360.150390625,10.399999618530272,2747.330078125,1.51,2.08
2018-03-16,27.165000915527344,1610600.0,1311.300048828125,65.01439666748047,16.20199966430664,15.800000190734863,2.8480000495910645,90.2300033569336,10195.150390625,9.880000114440918,2752.010009765625,1.51,2.08
2018-03-19,27.035499572753903,1723500.0,1316.800048828125,65.06500244140625,16.2549991607666,19.020000457763672,2.8450000286102295,89.9000015258789,10094.25,10.989999771118164,2712.919921875,1.51,2.08
2018-03-20,27.15800094604492,1807500.0,1311.0999755859375,65.21009826660156,16.125,18.200000762939453,2.878999948501587,90.37000274658205,10124.349609375,11.010000228881836,2716.93994140625,1.51,2.08
2018-03-21,27.173999786376953,1252800.0,1320.699951171875,65.2323989868164,16.35700035095215,17.860000610351562,2.9070000648498535,89.77999877929688,10155.25,10.90999984741211,2711.929931640625,1.51,2.09
2018-03-22,27.35099983215332,2745500.0,1326.5999755859375,65.06559753417969,16.327999114990234,23.34000015258789,2.8320000171661377,89.86000061035156,10114.75,11.239999771118164,2643.68994140625,1.51,2.08
2018-03-23,27.524999618530273,3248400.0,1349.300048828125,65.16000366210938,16.530000686645508,24.8700008392334,2.8299999237060547,89.44000244140625,9998.0498046875,13.460000038146973,2588.260009765625,1.51,2.07
2018-03-26,27.54400062561035,5235100.0,1354.4000244140625,65.01499938964844,16.631999969482422,21.030000686645508,2.8429999351501465,89.02999877929688,10130.650390625,12.949999809265137,2658.550048828125,1.51,2.08
2018-03-27,27.590499877929688,2075900.0,1341.300048828125,64.69499969482422,16.48900032043457,22.5,2.7860000133514404,89.37000274658203,10184.150390625,12.220000267028809,2612.6201171875,1.51,2.07
2018-03-28,27.45800018310547,1618300.0,1324.199951171875,64.89550018310547,16.204999923706055,22.8700008392334,2.7750000953674316,90.05999755859375,10113.7001953125,11.739999771118164,2605.0,1.51,2.05
2018-04-02,27.45249938964844,1135800.0,1342.0999755859375,65.10549926757812,16.62700080871582,23.6200008392334,2.7320001125335693,90.05000305175781,10211.7998046875,12.859999656677246,2581.8798828125,1.69,2.05
2018-04-03,27.51449966430664,1343200.0,1332.800048828125,65.13999938964844,16.347000122070312,21.100000381469727,2.7839999198913574,90.1999969482422,10245.0,11.800000190734863,2614.449951171875,1.69,2.08
2018-04-04,27.722000122070312,1956000.0,1335.800048828125,64.90499877929688,16.208999633789062,20.059999465942383,2.788000106811523,90.13999938964844,10128.400390625,12.0,2644.68994140625,1.69,2.08
2018-04-05,27.331499099731445,1230900.0,1324.300048828125,64.99500274658203,16.31999969482422,18.940000534057617,2.8320000171661377,90.45999908447266,10325.150390625,11.550000190734863,2662.840087890625,1.69,2.08
2018-04-06,27.23150062561035,5052600.0,1331.9000244140625,64.86150360107422,16.332000732421875,21.489999771118164,2.7750000953674316,90.11000061035156,10331.599609375,11.949999809265137,2604.469970703125,1.69,2.07
2018-04-09,27.375499725341797,1785400.0,1336.300048828125,64.90450286865234,16.499000549316406,21.770000457763672,2.7860000133514404,89.83999633789062,10379.349609375,12.390000343322754,2613.159912109375,1.69,2.07
2018-04-10,27.527999877929688,1681300.0,1342.0,64.87000274658203,16.56599998474121,20.469999313354492,2.796999931335449,89.58999633789062,10402.25,12.779999732971191,2656.8701171875,1.69,2.08
2018-04-11,27.76549911499023,1250900.0,1356.5,64.92530059814453,16.738000869750977,20.239999771118164,2.7899999618530273,89.56999969482422,10417.150390625,14.359999656677246,2642.18994140625,1.69,2.11
2018-04-12,27.858999252319336,1744000.0,1338.4000244140625,65.19000244140625,16.44300079345703,18.489999771118164,2.8340001106262207,89.75,10458.650390625,12.880000114440918,2663.989990234375,1.69,2.13
2018-04-13,27.70050048828125,1141600.0,1344.800048828125,65.27570343017578,16.628000259399414,17.40999984741211,2.8289999961853027,89.80000305175781,10480.599609375,13.359999656677246,2656.300048828125,1.69,2.13
2018-04-16,27.977500915527344,3046600.0,1347.5,65.19560241699219,16.66200065612793,16.559999465942383,2.8320000171661377,89.43000030517578,10528.349609375,13.43000030517578,2677.840087890625,1.69,2.12
2018-04-17,28.016000747680664,1942300.0,1347.199951171875,65.4292984008789,16.77199935913086,15.25,2.813999891281128,89.5199966430664,10548.7001953125,13.06999969482422,2706.389892578125,1.69,2.14
2018-04-18,28.170499801635746,4404800.0,1351.199951171875,65.67500305175781,17.231000900268555,15.600000381469728,2.867000102996826,89.62000274658203,10526.2001953125,13.460000038146973,2708.639892578125,1.69,2.16
2018-04-19,28.106000900268555,1571000.0,1346.800048828125,66.01000213623047,17.222000122070312,15.960000038146973,2.9140000343322754,89.94000244140625,10565.2998046875,12.880000114440918,2693.1298828125,1.69,2.17
2018-04-20,28.04700088500977,771800.0,1336.699951171875,66.11479949951172,17.14699935913086,16.8799991607666,2.950999975204468,90.31999969482422,10564.0498046875,12.140000343322754,2670.139892578125,1.69,2.17
2018-04-23,28.01300048828125,1277800.0,1322.5,66.1968994140625,16.570999145507812,16.34000015258789,2.9730000495910645,90.94000244140624,10584.7001953125,12.130000114440918,2670.2900390625,1.69,2.18
2018-04-24,27.906999588012695,1222100.0,1331.4000244140625,66.54499816894531,16.687000274658203,18.020000457763672,2.9830000400543213,90.7699966430664,10614.349609375,12.239999771118164,2634.56005859375,1.69,2.17
2018-04-25,28.02949905395508,1554900.0,1321.199951171875,66.41410064697266,16.486000061035156,17.84000015258789,3.0239999294281006,91.16999816894533,10570.5498046875,11.970000267028809,2639.39990234375,1.69,2.17
2018-04-26,27.95549964904785,834200.0,1316.300048828125,66.90769958496094,16.488000869750977,16.239999771118164,2.990000009536743,91.55999755859376,10617.7998046875,11.489999771118164,2666.93994140625,1.69,2.18
2018-04-27,27.900999069213867,961400.0,1320.300048828125,66.9000015258789,16.4060001373291,15.40999984741211,2.9570000171661377,91.54000091552734,10692.2998046875,10.989999771118164,2669.909912109375,1.69,2.17
2018-04-30,27.749000549316406,1100200.0,1316.199951171875,66.61000061035156,16.312000274658203,15.93000030517578,2.936000108718872,91.83999633789062,10739.349609375,11.149999618530272,2648.050048828125,1.69,2.17
2018-05-02,27.704500198364254,934900.0,1302.5999755859375,66.7886962890625,16.291000366210938,15.970000267028809,2.9639999866485596,92.51000213623048,10718.0498046875,11.640000343322754,2635.669921875,1.7,2.17
2018-05-03,27.667499542236328,932900.0,1310.699951171875,67.08000183105469,16.36199951171875,15.899999618530272,2.946000099182129,92.41000366210938,10679.650390625,11.460000038146973,2629.72998046875,1.7,2.16
2018-05-04,27.749500274658203,1156900.0,1312.699951171875,66.66000366210938,16.43400001525879,14.770000457763672,2.944000005722046,92.56999969482422,10618.25,10.989999771118164,2663.419921875,1.7,2.16
2018-05-07,27.91200065612793,1266000.0,1312.199951171875,66.81050109863281,16.413000106811523,14.75,2.950000047683716,92.75,10715.5,11.31999969482422,2672.6298828125,1.7,2.17
2018-05-08,27.78849983215332,1096900.0,1312.0,67.1187973022461,16.38800048828125,14.710000038146973,2.9690001010894775,93.12000274658205,10717.7998046875,11.5,2671.919921875,1.7,2.16
2018-05-09,27.844999313354492,1084100.0,1311.300048828125,67.1624984741211,16.45800018310547,13.420000076293944,3.003999948501587,93.04000091552734,10741.7001953125,11.390000343322754,2697.7900390625,1.7,2.18
2018-05-10,28.13599967956543,1575200.0,1320.800048828125,67.62000274658203,16.68000030517578,13.229999542236328,2.9709999561309814,92.6500015258789,10716.5498046875,11.420000076293944,2723.070068359375,1.7,2.17
2018-05-11,28.16950035095215,1404800.0,1319.0,67.38999938964844,16.676000595092773,12.649999618530272,2.9709999561309814,92.54000091552734,10806.5,11.039999961853027,2727.719970703125,1.7,2.15
2018-05-14,28.17300033569336,1012100.0,1316.5,67.3822021484375,16.56999969482422,12.93000030517578,2.994999885559082,92.58999633789062,10806.599609375,11.149999618530272,2730.1298828125,1.7,2.15
2018-05-15,28.070499420166016,1205500.0,1288.9000244140625,67.6780014038086,16.194000244140625,14.630000114440918,3.0799999237060547,93.22000122070312,10801.849609375,11.90999984741211,2711.449951171875,1.7,2.18
2018-05-16,27.66900062561035,3452200.0,1290.199951171875,68.45999908447266,16.297000885009766,13.420000076293944,3.0950000286102295,93.38999938964844,10741.099609375,11.770000457763672,2722.4599609375,1.7,2.17
2018-05-17,27.56100082397461,1398200.0,1288.199951171875,68.05999755859375,16.413000106811523,13.43000030517578,3.1089999675750732,93.47000122070312,10682.7001953125,11.640000343322754,2720.1298828125,1.7,2.16
2018-05-18,27.70400047302246,905700.0,1290.199951171875,68.13999938964844,16.386999130249023,13.420000076293944,3.066999912261963,93.63999938964844,10596.400390625,11.109999656677246,2712.969970703125,1.7,2.15
2018-05-21,27.61199951171875,542000.0,1290.199951171875,67.9749984741211,16.45199966430664,13.079999923706056,3.065000057220459,93.68000030517578,10516.7001953125,11.619999885559082,2733.010009765625,1.7,2.16
2018-05-22,27.77400016784668,677500.0,1291.699951171875,68.4000015258789,16.507999420166016,13.220000267028809,3.065000057220459,93.61000061035156,10536.7001953125,10.899999618530272,2724.43994140625,1.7,2.15
2018-05-23,27.882999420166016,905000.0,1289.300048828125,68.43000030517578,16.33799934387207,12.579999923706056,3.003000020980835,94.01000213623048,10430.349609375,11.18000030517578,2733.2900390625,1.7,2.14
2018-05-24,27.90800094604492,1084200.0,1303.699951171875,68.6500015258789,16.621000289916992,12.529999732971191,2.9809999465942383,93.77999877929688,10513.849609375,10.989999771118164,2727.760009765625,1.7,2.12
2018-05-25,27.80900001525879,890200.0,1303.300048828125,68.26010131835938,16.481000900268555,13.220000267028809,2.930999994277954,94.19000244140624,10605.150390625,10.3100004196167,2721.330078125,1.7,2.09
2018-05-28,27.621000289916992,1012100.0,1303.300048828125,67.7217025756836,16.481000900268555,13.220000267028809,2.930999994277954,94.19000244140624,10688.650390625,10.3100004196167,2721.330078125,1.7,2.09
2018-05-29,27.909500122070312,967700.0,1298.699951171875,67.40280151367188,16.30500030517578,17.020000457763672,2.7679998874664307,94.83000183105467,10633.2998046875,12.329999923706056,2689.860107421875,1.7,2.04
2018-05-30,27.743499755859375,1816500.0,1301.5,68.12999725341797,16.479000091552734,14.9399995803833,2.8420000076293945,94.1500015258789,10614.349609375,10.869999885559082,2724.010009765625,1.7,2.06
2018-05-31,27.781999588012695,784400.0,1300.0999755859375,67.43000030517578,16.402000427246094,15.43000030517578,2.822000026702881,93.98999786376952,10736.150390625,10.920000076293944,2705.27001953125,1.7,2.07
2018-06-01,27.64550018310547,652400.0,1294.800048828125,67.43499755859375,16.38800048828125,13.460000038146973,2.8949999809265137,94.19000244140624,10696.2001953125,10.579999923706056,2734.6201171875,1.82,2.09
2018-06-04,27.52750015258789,755100.0,1293.0999755859375,66.92500305175781,16.378999710083008,12.739999771118164,2.937000036239624,94.0199966430664,10628.5,10.539999961853027,2746.8701171875,1.82,2.12
2018-06-05,27.42849922180176,2907500.0,1297.5,67.05999755859375,16.490999221801758,12.399999618530272,2.9189999103546143,93.88999938964844,10593.150390625,10.460000038146973,2748.800048828125,1.82,2.13
2018-06-06,27.437000274658203,860500.0,1297.0999755859375,67.08999633789062,16.642000198364258,11.640000343322754,2.9749999046325684,93.66000366210938,10684.650390625,10.3100004196167,2772.35009765625,1.82,2.14
2018-06-07,27.541000366210938,718000.0,1298.699951171875,66.8301010131836,16.766000747680664,12.130000114440918,2.933000087738037,93.4000015258789,10768.349609375,10.550000190734863,2770.3701171875,1.82,2.13
2018-06-08,27.719499588012695,1526400.0,1298.0999755859375,67.41000366210938,16.694000244140625,12.18000030517578,2.937000036239624,93.5500030517578,10767.650390625,10.6899995803833,2779.030029296875,1.82,2.11
2018-06-11,27.56999969482422,1058700.0,1298.9000244140625,67.51000213623047,16.905000686645508,12.350000381469728,2.9570000171661377,93.58000183105467,10786.9501953125,10.539999961853027,2782.0,1.82,2.13
2018-06-12,27.537500381469727,2215600.0,1295.0999755859375,67.48999786376953,16.849000930786133,12.34000015258789,2.9570000171661377,93.8000030517578,10842.849609375,10.520000457763672,2786.85009765625,1.82,2.13
2018-06-13,27.58300018310547,928400.0,1296.9000244140625,67.91000366210938,16.952999114990234,12.9399995803833,2.9769999980926514,93.70999908447266,10856.7001953125,10.600000381469728,2775.6298828125,1.82,2.12
2018-06-14,27.72599983215332,1069100.0,1304.0,67.77999877929688,17.22599983215332,12.119999885559082,2.946000099182129,94.7699966430664,10808.0498046875,9.829999923706056,2782.489990234375,1.82,2.12
2018-06-15,27.749500274658203,3209900.0,1274.5999755859375,68.12999725341797,16.45199966430664,11.979999542236328,2.924000024795532,94.79000091552734,10817.7001953125,10.649999618530272,2779.659912109375,1.82,2.12
2018-06-18,27.45199966430664,1460900.0,1276.199951171875,68.05000305175781,16.41200065612793,12.3100004196167,2.9260001182556152,94.75,10799.849609375,9.81999969482422,2773.75,1.82,2.12
2018-06-19,27.550500869750977,1062700.0,1275.5999755859375,68.01000213623047,16.30299949645996,13.350000381469728,2.8929998874664307,95.08999633789062,10710.4501953125,10.989999771118164,2762.590087890625,1.82,2.12
2018-06-20,27.40250015258789,752900.0,1271.199951171875,68.05000305175781,16.288999557495117,12.789999961853027,2.927999973297119,95.05999755859376,10772.0498046875,11.079999923706056,2767.320068359375,1.82,2.12
2018-06-21,27.225000381469727,978600.0,1267.199951171875,68.3499984741211,16.305999755859375,14.640000343322754,2.8970000743865967,94.87000274658205,10741.099609375,11.220000267028809,2749.760009765625,1.82,2.11
2018-06-22,27.229999542236328,779700.0,1267.4000244140625,67.83000183105469,16.43899917602539,13.770000457763672,2.9000000953674316,94.5199966430664,10821.849609375,10.670000076293944,2754.8798828125,1.82,2.12
2018-06-25,27.339000701904297,1556400.0,1265.5999755859375,67.85489654541016,16.308000564575195,17.329999923706055,2.875,94.27999877929688,10762.4501953125,10.829999923706056,2717.070068359375,1.82,2.1
2018-06-26,27.155000686645508,630300.0,1256.5999755859375,68.33999633789062,16.238000869750977,15.920000076293944,2.880000114440918,94.68000030517578,10769.150390625,10.970000267028809,2723.06005859375,1.82,2.12
2018-06-27,27.31450080871582,1223100.0,1252.800048828125,68.36499786376953,16.138999938964844,17.90999984741211,2.8269999027252197,95.29000091552734,10671.400390625,11.010000228881836,2699.6298828125,1.82,2.11
2018-06-28,27.257999420166016,478700.0,1247.800048828125,69.23999786376953,15.951000213623049,16.850000381469727,2.8469998836517334,95.38999938964844,10589.099609375,11.029999732971191,2716.31005859375,1.82,2.1
2018-06-29,27.13050079345703,340400.0,1251.300048828125,68.79669952392578,16.104000091552734,16.09000015258789,2.8489999771118164,94.62999725341795,10714.2998046875,10.75,2718.3701171875,1.82,2.11
2018-07-02,27.144500732421875,788300.0,1239.800048828125,68.43499755859375,15.744000434875488,15.600000381469728,2.865999937057495,94.87000274658205,10657.2998046875,11.75,2726.7099609375,1.91,2.14
2018-07-03,27.201000213623047,1611800.0,1251.5999755859375,68.6948013305664,15.95199966430664,16.139999389648438,2.8380000591278076,94.58999633789062,10699.900390625,11.40999984741211,2713.219970703125,1.91,2.12
2018-07-04,27.25200080871582,822700.0,1251.5999755859375,68.83000183105469,15.95199966430664,16.139999389648438,2.8380000591278076,94.58999633789062,10769.900390625,11.40999984741211,2713.219970703125,1.91,2.12
2018-07-05,27.256000518798828,970900.0,1257.300048828125,68.9800033569336,16.007999420166016,14.970000267028809,2.8399999141693115,94.47000122070312,10749.75,11.31999969482422,2736.610107421875,1.91,2.13
2018-07-06,27.326499938964844,665000.0,1254.300048828125,69.06999969482422,15.980999946594238,13.369999885559082,2.8310000896453857,94.04000091552734,10772.650390625,10.649999618530272,2759.820068359375,1.91,2.12
2018-07-09,27.35650062561035,728800.0,1258.0999755859375,68.75499725341797,16.05299949645996,12.6899995803833,2.859999895095825,94.08000183105467,10852.900390625,10.550000190734863,2784.169921875,1.91,2.13
2018-07-10,27.23699951171875,1026500.0,1253.800048828125,68.65979766845703,16.003000259399414,12.640000343322754,2.872999906539917,94.11000061035156,10947.25,10.6899995803833,2793.840087890625,1.91,2.13
2018-07-11,27.211999893188477,819500.0,1242.800048828125,68.9000015258789,15.732000350952148,13.630000114440918,2.8420000076293945,94.72000122070312,10948.2998046875,11.25,2774.02001953125,1.91,2.11
2018-07-12,26.957500457763672,751900.0,1245.0,68.72000122070312,15.89799976348877,12.579999923706056,2.8529999256134033,94.80999755859376,11023.2001953125,10.81999969482422,2798.2900390625,1.91,2.1
2018-07-13,26.863500595092773,897200.0,1239.5999755859375,68.54000091552734,15.73900032043457,12.18000030517578,2.8310000896453857,94.75,11018.900390625,10.989999771118164,2801.31005859375,1.91,2.11
2018-07-16,27.00149917602539,764600.0,1238.0999755859375,68.48670196533203,15.734999656677246,12.829999923706056,2.8580000400543213,94.51000213623048,10936.849609375,11.460000038146973,2798.429931640625,1.91,2.1
2018-07-17,26.86599922180176,680900.0,1225.699951171875,68.72000122070312,15.54599952697754,12.0600004196167,2.864000082015991,94.97000122070312,11008.0498046875,11.789999961853027,2809.550048828125,1.91,2.09
2018-07-18,26.56800079345703,661300.0,1226.300048828125,68.35600280761719,15.503000259399414,12.100000381469728,2.875,95.08000183105467,10980.4501953125,12.149999618530272,2815.6201171875,1.91,2.09
2018-07-19,26.602500915527344,1250600.0,1222.4000244140625,68.6155014038086,15.34000015258789,12.869999885559082,2.8469998836517334,95.16999816894533,10957.099609375,12.65999984741211,2804.489990234375,1.91,2.09
2018-07-20,26.642000198364254,550500.0,1229.5,68.93509674072266,15.489999771118164,12.859999656677246,2.8949999809265137,94.45999908447266,11010.2001953125,12.100000381469728,2801.830078125,1.91,2.11
2018-07-23,26.82799911499023,675800.0,1224.0,68.7332992553711,15.368000030517578,12.619999885559082,2.9649999141693115,94.66999816894533,11084.75,12.220000267028809,2806.97998046875,1.91,2.11
2018-07-24,26.73150062561035,1365500.0,1223.9000244140625,69.19999694824219,15.463000297546388,12.40999984741211,2.9489998817443848,94.61000061035156,11134.2998046875,11.739999771118164,2820.39990234375,1.91,2.11
2018-07-25,26.750999450683594,1173600.0,1231.4000244140625,68.80999755859375,15.532999992370604,12.289999961853027,2.936000108718872,94.36000061035156,11132.0,11.649999618530272,2846.070068359375,1.91,2.13
2018-07-26,26.666000366210938,734400.0,1225.300048828125,68.83999633789062,15.437999725341797,12.140000343322754,2.9749999046325684,94.75,11167.2998046875,11.43000030517578,2837.43994140625,1.91,2.11
2018-07-27,26.54050064086914,1129300.0,1222.5999755859375,68.73999786376953,15.435999870300291,13.029999732971191,2.9600000381469727,94.68000030517578,11278.349609375,11.050000190734863,2818.820068359375,1.91,2.12
2018-07-30,26.603500366210938,679800.0,1221.300048828125,68.61499786376953,15.475000381469728,14.260000228881836,2.9749999046325684,94.36000061035156,11319.5498046875,11.18000030517578,2802.60009765625,1.91,2.13
2018-07-31,26.503999710083008,709500.0,1223.699951171875,68.68499755859375,15.5,12.829999923706056,2.9639999866485596,94.48999786376952,11356.5,11.210000038146973,2816.2900390625,1.91,2.12
2018-08-01,26.520999908447266,1023800.0,1217.9000244140625,68.4968032836914,15.394000053405762,13.149999618530272,3.003000020980835,94.62000274658205,11346.2001953125,10.90999984741211,2813.360107421875,1.91,2.13
2018-08-02,26.44849967956543,957900.0,1210.5999755859375,68.30709838867188,15.32900047302246,12.1899995803833,2.986000061035156,95.16999816894533,11244.7001953125,11.079999923706056,2827.219970703125,1.91,2.12
2018-08-03,26.340999603271484,764300.0,1214.199951171875,68.6155014038086,15.406000137329102,11.640000343322754,2.953000068664551,95.13999938964844,11360.7998046875,10.770000457763672,2840.35009765625,1.91,2.12
2018-08-06,26.35950088500977,1517100.0,1208.5999755859375,68.50499725341797,15.291999816894531,11.270000457763672,2.937999963760376,95.36000061035156,11387.099609375,11.020000457763672,2850.39990234375,1.91,2.11
2018-08-07,26.38450050354004,1164400.0,1209.5999755859375,68.80999755859375,15.31700038909912,10.93000030517578,2.9730000495910645,95.22000122070312,11389.4501953125,11.109999656677246,2858.449951171875,1.91,2.13
2018-08-08,26.344499588012695,753400.0,1212.5999755859375,68.59600067138672,15.37600040435791,10.850000381469728,2.9709999561309814,95.0999984741211,11450.0,11.43000030517578,2857.699951171875,1.91,2.11
2018-08-09,26.331499099731445,789000.0,1211.9000244140625,68.45500183105469,15.418999671936035,11.270000457763672,2.934999942779541,95.5,11470.7001953125,10.989999771118164,2853.580078125,1.91,2.11
2018-08-10,26.37299919128418,1160100.0,1211.0999755859375,69.0999984741211,15.265999794006348,13.15999984741211,2.8570001125335693,96.36000061035156,11429.5,11.779999732971191,2833.280029296875,1.91,2.09
2018-08-13,26.56399917602539,683300.0,1191.300048828125,69.08499908447266,14.95300006866455,14.779999732971191,2.877000093460083,96.38999938964844,11355.75,11.729999542236328,2821.929931640625,1.91,2.1
2018-08-14,26.440000534057617,1120800.0,1193.0,69.9490966796875,15.024999618530272,13.3100004196167,2.8949999809265137,96.7300033569336,11435.099609375,11.880000114440918,2839.9599609375,1.91,2.09
2018-08-16,26.288999557495117,1237300.0,1176.199951171875,70.66000366210938,14.696999549865724,13.449999809265137,2.871000051498413,96.6500015258789,11385.0498046875,13.390000343322754,2840.68994140625,1.91,2.08
2018-08-17,26.21150016784668,760900.0,1176.5,70.00499725341797,14.616000175476074,12.640000343322754,2.872999906539917,96.0999984741211,11470.75,12.890000343322754,2850.1298828125,1.91,2.08
2018-08-20,26.21649932861328,2114900.0,1186.800048828125,69.78500366210938,14.654999732971191,12.489999771118164,2.822999954223633,95.9000015258789,11551.75,12.399999618530272,2857.050048828125,1.91,2.07
2018-08-21,26.38249969482422,1692600.0,1192.5999755859375,69.73999786376953,14.75100040435791,12.859999656677246,2.8440001010894775,95.26000213623048,11570.900390625,11.859999656677246,2862.9599609375,1.91,2.08
2018-08-23,26.35099983215332,1793500.0,1187.0,69.79000091552734,14.527000427246094,12.40999984741211,2.821000099182129,95.62000274658205,11582.75,11.600000381469728,2856.97998046875,1.91,2.09
2018-08-24,26.420000076293945,1649100.0,1206.300048828125,70.2750015258789,14.779000282287598,11.989999771118164,2.825999975204468,95.1500015258789,11557.099609375,11.710000038146973,2874.68994140625,1.91,2.09
2018-08-27,26.688499450683594,1216900.0,1209.0,69.76499938964844,14.843999862670898,12.15999984741211,2.8480000495910645,94.77999877929688,11691.9501953125,11.770000457763672,2896.739990234375,1.91,2.11
2018-08-28,26.940500259399418,2493200.0,1207.4000244140625,69.94499969482422,14.767000198364258,12.5,2.884000062942505,94.72000122070312,11738.5,11.460000038146973,2897.52001953125,1.91,2.11
2018-08-29,26.903499603271484,750800.0,1204.5,70.54000091552734,14.687999725341797,12.25,2.884000062942505,94.5999984741211,11691.900390625,11.25,2914.0400390625,1.91,2.12
2018-08-30,26.983999252319336,1436600.0,1197.699951171875,70.91000366210938,14.47700023651123,13.529999732971191,2.859999895095825,94.72000122070312,11676.7998046875,11.40999984741211,2901.1298828125,1.91,2.1
2018-08-31,27.04750061035156,1270300.0,1200.300048828125,71.40499877929688,14.437999725341797,12.859999656677246,2.8529999256134033,95.13999938964844,11680.5,10.960000038146973,2901.52001953125,1.91,2.08
2018-09-03,26.88249969482422,1427800.0,1200.300048828125,70.99500274658203,14.437999725341797,12.859999656677246,2.8529999256134033,95.13999938964844,11582.349609375,10.960000038146973,2901.52001953125,1.95,2.08
2018-09-04,26.93400001525879,1326100.0,1192.699951171875,71.06999969482422,14.060999870300291,13.15999984741211,2.9019999504089355,95.41999816894533,11520.2998046875,11.420000076293944,2896.719970703125,1.95,2.1
2018-09-05,26.988500595092773,1054400.0,1194.9000244140625,71.75,14.118000030517578,13.90999984741211,2.9019999504089355,95.12999725341795,11476.9501953125,11.239999771118164,2888.60009765625,1.95,2.09
2018-09-06,27.24449920654297,1495500.0,1197.9000244140625,71.88999938964844,14.074999809265137,14.649999618530272,2.878999948501587,95.0199966430664,11536.900390625,11.539999961853027,2878.050048828125,1.95,2.08
2018-09-07,27.09149932861328,3086000.0,1193.5999755859375,71.93890380859375,14.06700038909912,14.880000114440918,2.941999912261963,95.37000274658205,11589.099609375,11.300000190734863,2871.679931640625,1.95,2.1
2018-09-10,27.183000564575195,2049000.0,1193.0,72.09500122070312,14.07900047302246,14.15999984741211,2.937000036239624,95.1500015258789,11438.099609375,11.329999923706056,2877.1298828125,1.95,2.1
2018-09-11,27.29750061035156,1107800.0,1195.4000244140625,72.44499969482422,14.052000045776367,13.220000267028809,2.9769999980926514,95.05999755859376,11287.5,11.260000228881836,2887.889892578125,1.95,2.12
2018-09-12,27.2810001373291,1508300.0,1204.699951171875,72.98999786376953,14.19200038909912,13.140000343322754,2.9630000591278076,94.8000030517578,11369.900390625,11.18000030517578,2888.919921875,1.95,2.12
2018-09-14,27.18549919128418,1050700.0,1195.0,72.02749633789062,14.041999816894531,12.06999969482422,2.99399995803833,94.9800033569336,11515.2001953125,10.84000015258789,2904.97998046875,1.95,2.1
2018-09-17,27.316499710083008,1551000.0,1199.699951171875,72.09500122070312,14.121999740600586,13.68000030517578,3.000999927520752,94.51000213623048,11377.75,10.850000381469728,2888.800048828125,1.95,2.1
2018-09-18,27.464000701904297,812700.0,1196.800048828125,72.53479766845703,14.083999633789062,12.789999961853027,3.0480000972747803,94.62000274658205,11278.900390625,10.779999732971191,2904.31005859375,1.95,2.13
2018-09-19,27.49850082397461,2047500.0,1202.199951171875,73.12000274658203,14.189000129699709,11.75,3.0829999446868896,94.5500030517578,11234.349609375,10.8100004196167,2907.949951171875,1.95,2.15
2018-09-21,27.39800071716309,2065100.0,1196.199951171875,71.72000122070312,14.269000053405762,11.68000030517578,3.068000078201294,94.22000122070312,11143.099609375,10.760000228881836,2929.669921875,1.95,2.15
2018-09-24,27.3439998626709,2068300.0,1199.300048828125,72.2300033569336,14.25100040435791,12.199999809265137,3.078000068664551,94.26000213623048,10967.400390625,10.970000267028809,2919.3701171875,1.95,2.16
2018-09-25,27.347999572753903,1766600.0,1200.0,73.30000305175781,14.39799976348877,12.420000076293944,3.1019999980926514,94.12999725341795,11067.4501953125,10.829999923706056,2915.56005859375,1.95,2.16
2018-09-26,27.296499252319336,1725800.0,1194.0,73.08999633789062,14.30500030517578,12.890000343322754,3.061000108718872,94.19000244140624,11053.7998046875,10.760000228881836,2905.969970703125,1.95,2.14
2018-09-27,27.24850082397461,1336800.0,1182.300048828125,72.7699966430664,14.201000213623049,12.40999984741211,3.055999994277954,95.0,10977.5498046875,10.859999656677246,2914.0,1.95,2.15
2018-09-28,27.027999877929688,1859500.0,1191.5,72.94999694824219,14.623000144958496,12.119999885559082,3.055999994277954,95.19000244140624,10930.4501953125,10.739999771118164,2913.97998046875,1.95,2.14
2018-10-01,27.16699981689453,1964800.0,1187.0999755859375,72.50499725341797,14.42199993133545,12.0,3.0799999237060547,95.3000030517578,11008.2998046875,11.029999732971191,2924.590087890625,2.19,2.14
2018-10-03,27.993499755859375,5693600.0,1198.300048828125,73.27999877929688,14.59000015258789,11.609999656677246,3.1610000133514404,95.76000213623048,10858.25,11.210000038146973,2925.510009765625,2.19,2.16
2018-10-04,27.787500381469727,1225900.0,1197.199951171875,73.8499984741211,14.510000228881836,14.220000267028809,3.197000026702881,95.75,10599.25,11.59000015258789,2901.610107421875,2.19,2.16
2018-10-05,27.881500244140625,2424400.0,1201.199951171875,74.22000122070312,14.569000244140623,14.81999969482422,3.2249999046325684,95.62000274658205,10316.4501953125,11.640000343322754,2885.570068359375,2.19,2.16
2018-10-08,27.736000061035156,1091900.0,1184.4000244140625,73.76300048828125,14.258999824523926,15.6899995803833,3.2330000400543213,95.7699966430664,10348.0498046875,12.479999542236328,2884.429931640625,2.19,2.16
2018-10-09,27.661500930786133,1068600.0,1187.199951171875,73.88999938964844,14.32900047302246,15.949999809265137,3.2079999446868896,95.68000030517578,10301.0498046875,12.029999732971191,2880.340087890625,2.19,2.17
2018-10-10,27.72450065612793,1374900.0,1189.300048828125,74.55000305175781,14.255000114440918,22.959999084472656,3.2249999046325684,95.51000213623048,10460.099609375,12.510000228881836,2785.679931640625,2.19,2.16
2018-10-11,27.968000411987305,1776600.0,1223.5,74.5999984741211,14.53499984741211,24.979999542236328,3.132999897003174,95.0199966430664,10234.650390625,13.56999969482422,2728.3701171875,2.19,2.12
2018-10-12,28.142000198364254,1676100.0,1218.0999755859375,74.16000366210938,14.564000129699709,21.309999465942383,3.1410000324249268,95.22000122070312,10472.5,12.760000228881836,2767.1298828125,2.19,2.12
2018-10-15,28.50149917602539,2050600.0,1226.4000244140625,73.6760025024414,14.656000137329102,21.299999237060547,3.163000106811523,95.06999969482422,10512.5,13.130000114440918,2750.7900390625,2.19,2.13
2018-10-16,28.29450035095215,1143100.0,1227.300048828125,74.08000183105469,14.630000114440918,17.6200008392334,3.1559998989105225,95.0500030517578,10584.75,12.199999809265137,2809.919921875,2.19,2.13
2018-10-17,28.35199928283691,3234800.0,1223.699951171875,73.45549774169922,14.592000007629396,17.399999618530273,3.178999900817871,95.58000183105467,10453.0498046875,12.140000343322754,2809.2099609375,2.19,2.13
2018-10-19,28.565500259399418,1614900.0,1225.300048828125,74.16000366210938,14.57900047302246,19.88999938964844,3.197999954223633,95.70999908447266,10303.5498046875,11.760000228881836,2767.780029296875,2.19,2.11
2018-10-22,28.357999801635746,2150100.0,1221.199951171875,73.46499633789062,14.522000312805176,19.63999938964844,3.196000099182129,96.01000213623048,10245.25,11.68000030517578,2755.8798828125,2.19,2.11
2018-10-23,28.491500854492188,2337800.0,1233.4000244140625,73.8594970703125,14.727999687194824,20.709999084472656,3.1659998893737793,95.95999908447266,10146.7998046875,12.3100004196167,2740.68994140625,2.19,2.09
2018-10-24,28.350500106811523,1051400.0,1227.800048828125,73.22129821777344,14.611000061035156,25.229999542236328,3.124000072479248,96.43000030517578,10224.75,13.109999656677246,2656.10009765625,2.19,2.07
2018-10-25,28.368999481201172,917600.0,1229.0999755859375,73.22049713134766,14.5649995803833,24.219999313354492,3.135999917984009,96.68000030517578,10124.900390625,12.300000190734863,2705.570068359375,2.19,2.05
2018-10-26,28.50200080871582,881900.0,1232.5,73.22019958496094,14.635000228881836,24.15999984741211,3.0769999027252197,96.36000061035156,10030.0,12.920000076293944,2658.68994140625,2.19,2.06
2018-10-29,28.350500106811523,845900.0,1224.5,73.125,14.376999855041504,24.700000762939453,3.086999893188477,96.58000183105467,10250.849609375,12.979999542236328,2641.25,2.19,2.06
2018-10-30,28.24099922180176,1190800.0,1222.5999755859375,73.5905990600586,14.402999877929688,23.350000381469727,3.109999895095825,97.01000213623048,10198.400390625,12.300000190734863,2682.6298828125,2.19,2.05
2018-10-31,28.370500564575195,850800.0,1212.300048828125,73.6500015258789,14.229000091552734,21.229999542236328,3.1589999198913574,97.12999725341795,10386.599609375,12.079999923706056,2711.739990234375,2.19,2.05
2018-11-01,28.431499481201172,452900.0,1236.0,74.06999969482422,14.729000091552734,19.34000015258789,3.1440000534057617,96.27999877929688,10380.4501953125,12.600000381469728,2740.3701171875,2.2,2.02
2018-11-02,28.204999923706055,1559500.0,1230.9000244140625,73.30999755859375,14.70699977874756,19.510000228881836,3.2139999866485596,96.54000091552734,10553.0,12.5,2723.06005859375,2.2,2.06
2018-11-05,28.44099998474121,5376500.0,1229.800048828125,72.90499877929688,14.604000091552734,19.959999084472656,3.200999975204468,96.3499984741211,10524.0,12.390000343322754,2738.31005859375,2.2,2.06
2018-11-06,28.3174991607666,888300.0,1223.800048828125,72.86000061035156,14.458000183105469,19.90999984741211,3.2139999866485596,96.31999969482422,10530.0,12.470000267028809,2755.449951171875,2.2,2.07
2018-11-07,28.30299949645996,1117200.0,1226.199951171875,73.2300033569336,14.527999877929688,16.360000610351562,3.2130000591278076,96.0,10598.400390625,11.229999542236328,2813.889892578125,2.2,2.07
2018-11-09,28.00749969482422,1161700.0,1206.4000244140625,72.9000015258789,14.102999687194824,17.360000610351562,3.188999891281128,96.91000366210938,10585.2001953125,11.4399995803833,2781.010009765625,2.2,2.04
2018-11-12,27.70400047302246,1426600.0,1201.300048828125,72.47000122070312,13.973999977111816,20.450000762939453,3.186000108718872,97.54000091552734,10482.2001953125,12.130000114440918,2726.219970703125,2.2,2.04
2018-11-13,27.690000534057617,1072600.0,1199.199951171875,73.18000030517578,13.95199966430664,20.020000457763672,3.1449999809265137,97.3000030517578,10582.5,12.1899995803833,2722.179931640625,2.2,2.02
2018-11-14,27.700000762939453,792800.0,1207.9000244140625,72.55000305175781,14.05500030517578,21.25,3.119999885559082,96.8000030517578,10576.2998046875,12.880000114440918,2701.580078125,2.2,2.0
2018-11-15,27.614999771118164,567300.0,1212.800048828125,72.4000015258789,14.237000465393066,19.979999542236328,3.118000030517578,96.93000030517578,10616.7001953125,12.119999885559082,2730.199951171875,2.2,2.0
2018-11-16,27.511499404907227,559000.0,1220.800048828125,71.8917007446289,14.357999801635742,18.13999938964844,3.0739998817443848,96.47000122070312,10682.2001953125,12.050000190734863,2736.27001953125,2.2,2.02
2018-11-19,27.53300094604492,1106300.0,1223.0999755859375,71.7750015258789,14.380999565124512,20.100000381469727,3.056999921798706,96.19000244140624,10763.400390625,12.56999969482422,2690.72998046875,2.2,1.99
2018-11-20,27.5310001373291,348900.0,1219.0,71.69000244140625,14.246999740600586,22.479999542236328,3.0480000972747803,96.80999755859376,10656.2001953125,12.630000114440918,2641.889892578125,2.2,1.97
2018-11-21,27.513500213623047,282000.0,1225.800048828125,71.41500091552734,14.479999542236328,20.799999237060547,3.061000108718872,96.70999908447266,10600.0498046875,12.119999885559082,2649.929931640625,2.2,1.97
2018-11-22,27.50200080871582,287600.0,1225.800048828125,71.29499816894531,14.479999542236328,20.799999237060547,3.061000108718872,96.70999908447266,10526.75,12.119999885559082,2649.929931640625,2.2,1.97
2018-11-26,27.292999267578125,593900.0,1220.199951171875,70.66999816894531,14.18299961090088,18.899999618530273,3.072000026702881,97.06999969482422,10628.599609375,11.829999923706056,2673.449951171875,2.2,1.96
2018-11-27,27.24799919128418,1453600.0,1211.199951171875,70.80999755859375,14.062000274658203,19.020000457763672,3.055000066757202,97.37000274658205,10685.599609375,12.010000228881836,2682.169921875,2.2,1.91
2018-11-28,27.010499954223633,2274300.0,1221.4000244140625,70.87999725341797,14.303000450134276,18.489999771118164,3.0439999103546143,96.79000091552734,10728.849609375,11.43000030517578,2743.7900390625,2.2,1.94
2018-11-29,27.111000061035156,523100.0,1224.0999755859375,70.5999984741211,14.27299976348877,18.790000915527344,3.0350000858306885,96.77999877929688,10858.7001953125,11.390000343322754,2737.800048828125,2.2,1.98
2018-11-30,26.98550033569336,945600.0,1220.199951171875,69.91999816894531,14.093999862670898,18.06999969482422,3.013000011444092,97.2699966430664,10876.75,11.260000228881836,2760.169921875,2.2,1.97
2018-12-03,27.263500213623047,715400.0,1233.9000244140625,69.76000213623047,14.380999565124512,16.440000534057617,2.992000102996826,97.04000091552734,10883.75,10.93000030517578,2790.3701171875,2.27,1.96
2018-12-04,27.545499801635746,712400.0,1241.0999755859375,70.48500061035156,14.520999908447266,20.739999771118164,2.924000024795532,96.97000122070312,10869.5,11.630000114440918,2700.06005859375,2.27,1.94
2018-12-05,27.387500762939453,519300.0,1241.0999755859375,70.62999725341797,14.520999908447266,20.739999771118164,2.924000024795532,96.97000122070312,10782.900390625,11.630000114440918,2700.06005859375,2.27,1.94
2018-12-06,27.631999969482425,983000.0,1238.0999755859375,70.87000274658203,14.390000343322754,21.190000534057617,2.875999927520752,96.80999755859376,10601.150390625,11.609999656677246,2695.949951171875,2.27,1.9
2018-12-07,27.526500701904297,730500.0,1246.800048828125,70.75,14.571999549865724,23.229999542236328,2.8499999046325684,96.51000213623048,10693.7001953125,12.220000267028809,2633.080078125,2.27,1.89
2018-12-10,28.10099983215332,2258100.0,1243.699951171875,71.36499786376953,14.477999687194824,22.63999938964844,2.8559999465942383,97.22000122070312,10488.4501953125,12.039999961853027,2637.719970703125,2.27,1.86
2018-12-11,28.18199920654297,4081100.0,1241.9000244140625,72.7300033569336,14.49899959564209,21.760000228881836,2.878999948501587,97.38999938964844,10549.150390625,11.460000038146973,2636.780029296875,2.27,1.83
2018-12-12,28.045499801635746,2250700.0,1244.4000244140625,72.62000274658203,14.725000381469728,21.459999084472656,2.9059998989105225,97.04000091552734,10737.599609375,11.289999961853027,2651.070068359375,2.27,1.83
2018-12-13,27.933000564575195,1738700.0,1242.699951171875,72.1500015258789,14.729000091552734,20.649999618530273,2.9110000133514404,97.05999755859376,10791.5498046875,10.6899995803833,2650.5400390625,2.27,1.83
2018-12-14,27.86599922180176,1442300.0,1237.0,71.5469970703125,14.512999534606934,21.6299991607666,2.8910000324249268,97.44000244140624,10805.4501953125,10.770000457763672,2599.949951171875,2.27,1.82
2018-12-17,27.82200050354004,627300.0,1247.4000244140625,71.91000366210938,14.638999938964844,24.520000457763672,2.8570001125335693,97.0999984741211,10888.349609375,11.75,2545.93994140625,2.27,1.81
2018-12-18,27.71699905395508,801500.0,1249.199951171875,71.58999633789062,14.585000038146973,25.579999923706055,2.825000047683716,97.13999938964844,10908.7001953125,12.18000030517578,2546.159912109375,2.27,1.81
2018-12-19,27.57349967956543,645500.0,1252.0999755859375,70.56999969482422,14.70199966430664,25.579999923706055,2.7780001163482666,97.04000091552734,10967.2998046875,11.399999618530272,2506.9599609375,2.27,1.8
2018-12-20,27.58449935913086,535400.0,1263.5999755859375,70.68550109863281,14.753000259399414,28.3799991607666,2.7890000343322754,96.27999877929688,10951.7001953125,12.449999809265137,2467.419921875,2.27,1.76
2018-12-21,27.732500076293945,1225400.0,1253.800048828125,70.30000305175781,14.583000183105469,30.11000061035156,2.7920000553131104,96.95999908447266,10754.0,11.970000267028809,2416.6201171875,2.27,1.77
2018-12-24,27.87700080871582,3454900.0,1267.5,70.13999938964844,14.701000213623049,36.06999969482422,2.749000072479248,96.5500030517578,10663.5,14.800000190734863,2351.10009765625,2.27,1.75
2018-12-26,27.98550033569336,2388300.0,1269.199951171875,70.23999786376953,15.003999710083008,30.40999984741211,2.796999931335449,97.0500030517578,10729.849609375,14.470000267028809,2467.699951171875,2.27,1.77
2018-12-27,28.045499801635746,700300.0,1277.300048828125,70.1500015258789,15.190999984741213,29.959999084472656,2.743000030517578,96.4800033569336,10779.7998046875,15.18000030517578,2488.830078125,2.27,1.74
2018-12-28,28.149499893188477,1577300.0,1279.9000244140625,69.98999786376953,15.326000213623049,28.34000015258789,2.736000061035156,96.38999938964844,10859.900390625,14.5600004196167,2485.739990234375,2.27,1.73
2018-12-31,28.02050018310547,1251800.0,1278.300048828125,69.92250061035156,15.43299961090088,25.420000076293945,2.686000108718872,96.16999816894533,10862.5498046875,13.479999542236328,2506.85009765625,2.27,1.71
2019-01-01,28.17799949645996,897800.0,1278.300048828125,69.70999908447266,15.43299961090088,25.420000076293945,2.686000108718872,96.16999816894533,10862.5498046875,13.479999542236328,2506.85009765625,2.4,1.71
2019-01-02,28.28849983215332,1030500.0,1281.0,69.70999908447266,15.541999816894531,23.219999313354492,2.6610000133514404,96.81999969482422,10792.5,13.18000030517578,2510.030029296875,2.4,1.7
2019-01-03,28.47050094604492,1521200.0,1291.800048828125,69.95999908447266,15.706000328063965,25.450000762939453,2.553999900817871,96.30999755859376,10672.25,13.770000457763672,2447.889892578125,2.4,1.68
2019-01-04,28.29800033569336,1355000.0,1282.699951171875,70.30000305175781,15.69499969482422,21.3799991607666,2.6589999198913574,96.19000244140624,10727.349609375,12.039999961853027,2531.93994140625,2.4,1.76
2019-01-07,28.22450065612793,1115600.0,1286.800048828125,69.5250015258789,15.668999671936035,21.399999618530273,2.681999921798706,95.70999908447266,10771.7998046875,11.65999984741211,2549.68994140625,2.4,1.78
2019-01-08,28.163999557495117,651700.0,1283.199951171875,69.80999755859375,15.62600040435791,20.469999313354492,2.7160000801086426,95.9000015258789,10802.150390625,11.15999984741211,2574.409912109375,2.4,1.82
2019-01-09,28.336000442504883,1054800.0,1289.300048828125,70.33000183105469,15.652999877929688,19.979999542236328,2.7279999256134033,95.22000122070312,10855.150390625,11.6899995803833,2584.9599609375,2.4,1.83
2019-01-10,28.57900047302246,1526800.0,1284.699951171875,70.55049896240234,15.560999870300291,19.5,2.7309999465942383,95.54000091552734,10821.599609375,10.949999809265137,2596.639892578125,2.4,1.81
2019-01-11,28.534000396728516,1307100.0,1287.0999755859375,70.72000122070312,15.57699966430664,18.190000534057617,2.700999975204468,95.66999816894533,10794.9501953125,11.0,2596.260009765625,2.4,1.83
2019-01-14,28.61000061035156,1434800.0,1289.0999755859375,70.37000274658203,15.609000205993652,19.06999969482422,2.7100000381469727,95.58999633789062,10737.599609375,11.0600004196167,2582.610107421875,2.4,1.81
2019-01-15,28.621000289916992,1635600.0,1286.199951171875,71.08499908447266,15.54599952697754,18.600000381469727,2.7109999656677246,95.97000122070312,10886.7998046875,11.0600004196167,2610.300048828125,2.4,1.81
2019-01-16,28.713499069213867,1540200.0,1291.5999755859375,71.09249877929688,15.564000129699709,19.040000915527344,2.7309999465942383,96.05999755859376,10890.2998046875,11.079999923706056,2616.10009765625,2.4,1.82
2019-01-17,28.812999725341797,1560600.0,1291.0,71.36499786376953,15.467000007629396,18.059999465942383,2.749000072479248,96.06999969482422,10905.2001953125,10.899999618530272,2635.9599609375,2.4,1.79
2019-01-18,28.64800071716309,655500.0,1281.300048828125,71.03019714355469,15.329999923706056,17.799999237060547,2.7839999198913574,96.33999633789062,10906.9501953125,11.119999885559082,2670.7099609375,2.4,1.83
2019-01-21,28.582500457763672,1385700.0,1281.300048828125,71.2300033569336,15.329999923706056,17.799999237060547,2.7839999198913574,96.33999633789062,10961.849609375,11.119999885559082,2670.7099609375,2.4,1.83
2019-01-22,28.72699928283691,1223900.0,1282.5,71.5,15.258999824523926,20.799999237060547,2.7300000190734863,96.3000030517578,10922.75,10.770000457763672,2632.89990234375,2.4,1.79
2019-01-23,28.73150062561035,823900.0,1283.0999755859375,71.2302017211914,15.31700038909912,19.520000457763672,2.755000114440918,96.12000274658205,10831.5,10.609999656677246,2638.699951171875,2.4,1.8
2019-01-24,28.58650016784668,520200.0,1279.0999755859375,71.15730285644531,15.23799991607666,18.88999938964844,2.711999893188477,96.5999984741211,10849.7998046875,10.369999885559082,2642.330078125,2.4,1.77
2019-01-25,28.66950035095215,889000.0,1297.4000244140625,70.98999786376953,15.638999938964844,17.420000076293945,2.753000020980835,95.79000091552734,10780.5498046875,11.119999885559082,2664.760009765625,2.4,1.79
2019-01-28,28.982500076293945,2306000.0,1302.4000244140625,70.9749984741211,15.708999633789062,18.8700008392334,2.74399995803833,95.75,10661.5498046875,11.039999961853027,2643.85009765625,2.4,1.78
2019-01-29,29.16699981689453,1661700.0,1308.199951171875,71.09010314941406,15.78600025177002,19.1299991607666,2.711999893188477,95.81999969482422,10652.2001953125,11.25,2640.0,2.4,1.78
2019-01-30,29.236000061035156,1805100.0,1309.9000244140625,71.62000274658203,15.880000114440918,17.65999984741211,2.694999933242798,95.33999633789062,10651.7998046875,11.140000343322754,2681.050048828125,2.4,1.84
2019-01-31,29.348499298095703,1033200.0,1319.699951171875,71.12000274658203,16.02199935913086,16.56999969482422,2.634999990463257,95.58000183105467,10830.9501953125,10.739999771118164,2704.10009765625,2.4,1.85
2019-02-01,29.467500686645508,1760600.0,1316.9000244140625,71.19999694824219,15.880000114440918,16.139999389648438,2.690999984741211,95.58000183105467,10893.650390625,10.119999885559082,2706.530029296875,2.4,1.88
2019-02-04,29.465499877929688,1801600.0,1314.300048828125,71.45169830322266,15.836999893188477,15.729999542236328,2.7239999771118164,95.8499984741211,10912.25,10.109999656677246,2724.8701171875,2.4,1.87
2019-02-05,29.5049991607666,1012600.0,1314.199951171875,71.68499755859375,15.789999961853027,15.56999969482422,2.7019999027252197,96.0999984741211,10934.349609375,10.140000343322754,2737.699951171875,2.4,1.87
2019-02-06,29.63999938964844,9528800.0,1309.5,71.7699966430664,15.656000137329102,15.380000114440918,2.7019999027252197,96.41999816894533,11062.4501953125,9.760000228881836,2731.610107421875,2.4,1.86
2019-02-07,29.29400062561035,955500.0,1309.4000244140625,71.54049682617188,15.675000190734863,16.3700008392334,2.6519999504089355,96.51000213623048,11069.400390625,9.720000267028809,2706.050048828125,2.4,1.84
2019-02-08,29.214000701904297,761900.0,1313.699951171875,71.58000183105469,15.77299976348877,15.720000267028809,2.631999969482422,96.63999938964844,10943.599609375,9.890000343322754,2707.8798828125,2.4,1.82
2019-02-11,29.301000595092773,1069100.0,1307.0,71.1500015258789,15.656999588012695,15.970000267028809,2.6610000133514404,97.05999755859376,10888.7998046875,10.18000030517578,2709.800048828125,2.4,1.82
2019-02-12,29.20549964904785,718800.0,1309.199951171875,71.2300033569336,15.65999984741211,15.43000030517578,2.684000015258789,96.70999908447266,10831.400390625,10.029999732971191,2744.72998046875,2.4,1.83
2019-02-14,29.20549964904785,579100.0,1309.800048828125,70.86509704589844,15.5,16.219999313354492,2.6570000648498535,96.9800033569336,10746.0498046875,9.920000076293944,2745.72998046875,2.4,1.85
2019-02-15,29.46699905395508,1196300.0,1318.0999755859375,71.01000213623047,15.722999572753906,14.90999984741211,2.6659998893737793,96.91999816894533,10724.400390625,10.15999984741211,2775.60009765625,2.4,1.86
2019-02-18,29.69499969482422,1044500.0,1318.0999755859375,71.31999969482422,15.722999572753906,14.90999984741211,2.6659998893737793,96.91999816894533,10640.9501953125,10.15999984741211,2775.60009765625,2.4,1.86
2019-02-19,29.771499633789062,730100.0,1340.0999755859375,71.69999694824219,15.946999549865724,14.880000114440918,2.6470000743865967,96.5199966430664,10604.349609375,11.390000343322754,2779.760009765625,2.4,1.87
2019-02-20,29.920499801635746,2199600.0,1343.300048828125,71.5999984741211,16.156999588012695,14.020000457763672,2.6540000438690186,96.4499969482422,10735.4501953125,10.920000076293944,2784.699951171875,2.4,1.89
2019-02-21,29.68600082397461,735800.0,1323.5,71.30000305175781,15.791000366210938,14.460000038146973,2.687999963760376,96.61000061035156,10789.849609375,10.289999961853027,2774.8798828125,2.4,1.91
2019-02-22,29.5049991607666,859000.0,1329.199951171875,71.18499755859375,15.907999992370604,13.510000228881836,2.6549999713897705,96.51000213623048,10791.650390625,10.020000457763672,2792.669921875,2.4,1.91
2019-02-25,29.569000244140625,1038800.0,1325.9000244140625,71.03099822998047,15.824999809265137,14.850000381469728,2.6730000972747803,96.41000366210938,10880.099609375,9.90999984741211,2796.110107421875,2.4,1.92
2019-02-26,29.536500930786133,1147700.0,1325.0999755859375,71.08999633789062,15.82699966430664,15.170000076293944,2.635999917984009,96.0,10835.2998046875,9.859999656677246,2793.89990234375,2.4,1.92
2019-02-27,29.59600067138672,1065900.0,1317.699951171875,70.94000244140625,15.67199993133545,14.699999809265137,2.693000078201294,96.1500015258789,10806.650390625,9.720000267028809,2792.3798828125,2.4,1.93
2019-02-28,29.502500534057617,889800.0,1312.800048828125,71.19000244140625,15.538000106811523,14.779999732971191,2.7109999656677246,96.16000366210938,10792.5,9.520000457763672,2784.489990234375,2.4,1.95
2019-03-01,29.073999404907227,1245600.0,1296.4000244140625,70.81600189208984,15.168999671936035,13.56999969482422,2.755000114440918,96.52999877929688,10863.5,10.199999809265137,2803.68994140625,2.41,1.96
2019-03-05,28.475500106811523,1600900.0,1282.0,70.9000015258789,15.020000457763672,14.739999771118164,2.7219998836517334,96.8499984741211,10987.4501953125,10.1899995803833,2789.64990234375,2.41,1.93
2019-03-06,28.520999908447266,1158500.0,1284.9000244140625,70.74250030517578,15.003000259399414,15.739999771118164,2.691999912261963,96.87000274658205,11053.0,10.130000114440918,2771.449951171875,2.41,1.91
2019-03-07,28.324499130249023,1226400.0,1283.800048828125,70.36499786376953,14.960000038146973,16.59000015258789,2.635999917984009,97.66999816894533,11058.2001953125,10.359999656677246,2748.929931640625,2.41,1.9
2019-03-08,28.4685001373291,839900.0,1297.0,70.48750305175781,15.272000312805176,16.049999237060547,2.625,97.37000274658205,11035.400390625,10.510000228881836,2743.070068359375,2.41,1.9
2019-03-11,28.50200080871582,962800.0,1288.800048828125,69.98690032958984,15.196999549865724,14.329999923706056,2.6429998874664307,97.22000122070312,11168.0498046875,10.18000030517578,2783.300048828125,2.41,1.91
2019-03-12,28.35849952697754,5945300.0,1296.300048828125,69.79010009765625,15.338000297546388,13.770000457763672,2.6050000190734863,96.94000244140624,11301.2001953125,10.079999923706056,2791.52001953125,2.41,1.9
2019-03-13,28.59550094604492,945400.0,1307.5,69.84500122070312,15.380999565124512,13.40999984741211,2.611000061035156,96.5500030517578,11341.7001953125,10.140000343322754,2810.919921875,2.41,1.92
2019-03-14,28.35950088500977,883300.0,1293.4000244140625,69.72630310058594,15.10099983215332,13.5,2.630000114440918,96.79000091552734,11343.25,10.079999923706056,2808.47998046875,2.41,1.94
2019-03-15,28.349000930786133,721400.0,1301.800048828125,69.3373031616211,15.253000259399414,12.880000114440918,2.5929999351501465,96.5999984741211,11426.849609375,10.010000228881836,2822.47998046875,2.41,1.94
2019-03-18,28.114500045776367,1223200.0,1300.300048828125,68.9530029296875,15.25100040435791,13.100000381469728,2.6019999980926514,96.5199966430664,11462.2001953125,9.789999961853027,2832.93994140625,2.41,1.96
2019-03-19,28.34550094604492,1043700.0,1305.0,68.61799621582031,15.300999641418455,13.5600004196167,2.614000082015991,96.37999725341795,11532.400390625,9.81999969482422,2832.570068359375,2.41,1.95
2019-03-20,28.132999420166016,1225300.0,1300.5,69.31749725341797,15.244999885559082,13.90999984741211,2.5350000858306885,95.76000213623048,11521.0498046875,10.149999618530272,2824.22998046875,2.41,1.96
2019-03-22,28.391000747680664,1432600.0,1311.5999755859375,68.93000030517578,15.345000267028809,16.479999542236328,2.4549999237060547,96.6500015258789,11456.900390625,10.3100004196167,2800.7099609375,2.41,1.9
2019-03-25,28.39349937438965,1963800.0,1321.9000244140625,69.1604995727539,15.506999969482422,16.329999923706055,2.4200000762939453,96.56999969482422,11354.25,10.770000457763672,2798.360107421875,2.41,1.88
2019-03-26,28.34600067138672,1034100.0,1314.300048828125,68.92340087890625,15.371000289916992,14.68000030517578,2.4140000343322754,96.73999786376952,11483.25,10.18000030517578,2818.4599609375,2.41,1.86
2019-03-27,28.381999969482425,1024700.0,1309.9000244140625,69.42749786376953,15.23900032043457,15.149999618530272,2.374000072479248,96.7699966430664,11445.0498046875,10.359999656677246,2805.3701171875,2.41,1.84
2019-03-28,28.25149917602539,1005200.0,1289.800048828125,69.37000274658203,14.92099952697754,14.43000030517578,2.388999938964844,97.1999969482422,11570.0,10.350000381469728,2815.43994140625,2.41,1.83
2019-04-01,28.092500686645508,1411700.0,1288.4000244140625,69.43000030517578,15.050999641418455,13.399999618530272,2.496999979019165,97.25,11669.150390625,10.130000114440918,2867.18994140625,2.42,1.9
2019-04-02,27.996000289916992,1246600.0,1290.0,69.19529724121094,15.017999649047852,13.359999656677246,2.4809999465942383,97.36000061035156,11713.2001953125,9.8100004196167,2867.239990234375,2.42,1.9
2019-04-03,27.882999420166016,1379100.0,1289.9000244140625,68.91020202636719,15.059000015258787,13.739999771118164,2.5169999599456787,97.08999633789062,11643.9501953125,9.6899995803833,2873.39990234375,2.42,1.91
2019-04-04,28.03949928283691,1346500.0,1289.0,68.8499984741211,15.041000366210938,13.579999923706056,2.51200008392334,97.30999755859376,11598.0,9.920000076293944,2879.389892578125,2.42,1.9
2019-04-05,28.03499984741211,745000.0,1290.4000244140625,68.97039794921875,15.04300022125244,12.81999969482422,2.500999927520752,97.4000015258789,11665.9501953125,9.649999618530272,2892.739990234375,2.42,1.9
2019-04-08,28.29750061035156,826700.0,1297.0999755859375,69.16000366210938,15.17300033569336,13.18000030517578,2.5190000534057617,97.0500030517578,11604.5,9.710000038146973,2895.77001953125,2.42,1.91
2019-04-09,28.2549991607666,1007700.0,1303.5,69.55249786376953,15.16800022125244,14.279999732971191,2.499000072479248,97.01000213623048,11671.9501953125,9.550000190734863,2878.199951171875,2.42,1.91
2019-04-10,28.27899932861328,631500.0,1309.0999755859375,69.26180267333984,15.201000213623049,13.300000190734863,2.4769999980926514,96.9499969482422,11584.2998046875,9.449999809265137,2888.2099609375,2.42,1.94
2019-04-11,28.21649932861328,687600.0,1288.5999755859375,69.14019775390625,14.824000358581545,13.020000457763672,2.503999948501587,97.18000030517578,11596.7001953125,9.59000015258789,2888.320068359375,2.42,1.94
2019-04-12,28.173999786376953,671800.0,1290.5999755859375,69.43000030517578,14.920000076293944,12.010000228881836,2.559999942779541,96.97000122070312,11643.4501953125,9.279999732971191,2907.409912109375,2.42,1.95
2019-04-15,28.019500732421875,832900.0,1286.800048828125,69.16100311279297,14.947999954223633,12.31999969482422,2.552999973297119,96.94000244140624,11690.349609375,9.56999969482422,2905.580078125,2.42,1.94
2019-04-16,28.03949928283691,903900.0,1272.5999755859375,69.80999755859375,14.890999794006348,12.18000030517578,2.5920000076293945,97.04000091552734,11787.150390625,9.779999732971191,2907.06005859375,2.42,1.96
2019-04-18,27.930500030517575,1175900.0,1271.9000244140625,69.4010009765625,14.937000274658203,12.09000015258789,2.559999942779541,97.47000122070312,11752.7998046875,8.960000038146973,2905.030029296875,2.42,1.95
2019-04-22,28.000499725341797,554900.0,1273.5,69.36000061035156,14.95699977874756,12.420000076293944,2.5899999141693115,97.27999877929688,11594.4501953125,9.5600004196167,2907.969970703125,2.42,1.95
2019-04-23,27.96649932861328,642400.0,1269.300048828125,70.0625,14.77299976348877,12.279999732971191,2.569999933242798,97.56999969482422,11575.9501953125,9.539999961853027,2933.679931640625,2.42,1.95
2019-04-24,27.957000732421875,617300.0,1275.5,69.75800323486328,14.89799976348877,13.140000343322754,2.5220000743865967,98.0999984741211,11726.150390625,9.479999542236328,2927.25,2.42,1.96
2019-04-25,28.194499969482425,956100.0,1275.800048828125,70.0958023071289,14.861000061035156,13.25,2.5339999198913574,98.1999969482422,11641.7998046875,9.350000381469728,2926.169921875,2.42,1.98
2019-04-26,28.1564998626709,1285700.0,1284.9000244140625,70.16000366210938,15.001999855041504,12.729999542236328,2.505000114440918,98.01000213623048,11754.650390625,9.279999732971191,2939.8798828125,2.42,1.97
2019-04-30,28.15250015258789,800700.0,1282.800048828125,69.81179809570312,14.899999618530272,13.119999885559082,2.509000062942505,97.4800033569336,11748.150390625,9.31999969482422,2945.830078125,2.42,1.95
2019-05-02,27.811500549316406,1155900.0,1269.699951171875,69.63289642333984,14.539999961853027,14.420000076293944,2.552000045776367,97.83000183105467,11724.75,9.079999923706056,2917.52001953125,2.39,1.89
2019-05-03,27.7810001373291,662600.0,1279.199951171875,69.42440032958984,14.906999588012695,12.869999885559082,2.5309998989105225,97.5199966430664,11712.25,8.890000343322754,2945.639892578125,2.39,1.91
2019-05-06,28.00749969482422,1467900.0,1281.699951171875,69.16799926757812,14.857000350952148,15.4399995803833,2.5,97.5199966430664,11598.25,9.260000228881836,2932.469970703125,2.39,1.91
2019-05-07,28.022499084472656,5259700.0,1283.5,69.40029907226562,14.859999656677246,19.31999969482422,2.447999954223633,97.62999725341795,11497.900390625,9.739999771118164,2884.050048828125,2.39,1.87
2019-05-08,28.062999725341797,1212800.0,1279.4000244140625,69.91000366210938,14.791999816894531,19.399999618530273,2.4820001125335693,97.62000274658205,11359.4501953125,9.779999732971191,2879.419921875,2.39,1.87
2019-05-09,28.114999771118164,1645200.0,1283.5,70.01000213623047,14.70699977874756,19.100000381469727,2.4570000171661377,97.37000274658205,11301.7998046875,9.960000038146973,2870.719970703125,2.39,1.85
2019-05-10,28.10950088500977,683500.0,1285.699951171875,70.41000366210938,14.72599983215332,16.040000915527344,2.4549999237060547,97.33000183105467,11278.900390625,9.329999923706056,2881.39990234375,2.39,1.88
2019-05-13,28.261499404907227,1083400.0,1300.0999755859375,69.92250061035156,14.713000297546388,20.549999237060547,2.4049999713897705,97.31999969482422,11148.2001953125,10.510000228881836,2811.8701171875,2.39,1.85
2019-05-14,28.554000854492188,2511900.0,1294.699951171875,70.61699676513672,14.751999855041504,18.059999465942383,2.4189999103546143,97.52999877929688,11222.0498046875,9.760000228881836,2834.409912109375,2.39,1.86
2019-05-15,28.570999145507812,1382800.0,1296.300048828125,70.30699920654297,14.751999855041504,16.440000534057617,2.378999948501587,97.56999969482422,11157.0,9.449999809265137,2850.9599609375,2.39,1.83
2019-05-16,28.36750030517578,1859400.0,1285.0,70.20919799804688,14.479000091552734,15.289999961853027,2.4049999713897705,97.83999633789062,11257.099609375,9.15999984741211,2876.320068359375,2.39,1.84
2019-05-17,28.26449966430664,1013600.0,1274.5,70.23500061035156,14.347999572753906,15.960000038146973,2.3929998874664307,98.0,11407.150390625,9.15999984741211,2859.530029296875,2.39,1.81
2019-05-20,27.895000457763672,781200.0,1276.0999755859375,70.28150177001953,14.409000396728516,16.309999465942383,2.4159998893737793,97.93000030517578,11828.25,9.15999984741211,2840.22998046875,2.39,1.81
2019-05-21,27.92449951171875,955000.0,1272.0,70.12750244140625,14.373000144958496,14.949999809265137,2.4260001182556152,98.05999755859376,11709.099609375,8.989999771118164,2864.360107421875,2.39,1.83
2019-05-22,27.895000457763672,595900.0,1273.5999755859375,70.12750244140625,14.413999557495115,14.75,2.3929998874664307,98.11000061035156,11737.900390625,9.039999961853027,2856.27001953125,2.39,1.79
2019-05-23,28.01499938964844,1817400.0,1284.800048828125,69.97250366210938,14.57699966430664,16.920000076293945,2.2960000038146973,97.8499984741211,11657.0498046875,9.470000267028809,2822.239990234375,2.39,1.73
2019-05-24,27.99250030517578,591600.0,1283.0,69.94499969482422,14.520000457763672,15.850000381469728,2.3239998817443848,97.61000061035156,11844.099609375,9.0,2826.06005859375,2.39,1.76
2019-05-27,28.09600067138672,938500.0,1283.0,69.36000061035156,14.520000457763672,15.850000381469728,2.3239998817443848,97.61000061035156,11924.75,9.0,2826.06005859375,2.39,1.76
2019-05-28,28.10099983215332,499600.0,1276.5,69.72000122070312,14.281000137329102,17.5,2.2679998874664307,97.95999908447266,11928.75,9.199999809265137,2802.389892578125,2.39,1.73
2019-05-29,28.20199966430664,1092100.0,1280.5999755859375,69.875,14.371999740600586,17.899999618530273,2.236000061035156,98.13999938964844,11861.099609375,8.880000114440918,2783.02001953125,2.39,1.75
2019-05-30,28.040000915527344,820600.0,1287.0999755859375,69.81500244140625,14.460000038146973,17.299999237060547,2.2269999980926514,98.13999938964844,11945.900390625,9.300000190734863,2788.860107421875,2.39,1.74
2019-05-31,28.381999969482425,1626200.0,1305.800048828125,69.9800033569336,14.529999732971191,18.709999084472656,2.1419999599456787,97.75,11922.7998046875,10.329999923706056,2752.06005859375,2.39,1.74
2019-06-03,28.534500122070312,1390900.0,1322.699951171875,69.5696029663086,14.70300006866455,18.86000061035156,2.0810000896453857,97.13999938964844,12088.5498046875,11.789999961853027,2744.449951171875,2.38,1.73
2019-06-04,28.644500732421875,2160600.0,1323.4000244140625,69.16190338134766,14.732000350952148,16.969999313354492,2.11899995803833,97.06999969482422,12021.650390625,10.65999984741211,2803.27001953125,2.38,1.74
2019-06-06,28.951499938964844,3702300.0,1337.5999755859375,69.625,14.868000030517578,15.93000030517578,2.124000072479248,97.02999877929688,11843.75,11.619999885559082,2843.489990234375,2.38,1.73
2019-06-07,28.9064998626709,1034000.0,1341.199951171875,69.36000061035156,14.994000434875488,16.299999237060547,2.0840001106262207,96.61000061035156,11870.650390625,11.40999984741211,2873.340087890625,2.38,1.74
2019-06-10,28.795499801635746,1758800.0,1324.699951171875,69.34500122070312,14.604999542236328,15.9399995803833,2.1429998874664307,96.76000213623048,11922.7001953125,10.869999885559082,2886.72998046875,2.38,1.73
2019-06-11,28.600500106811523,1020100.0,1326.4000244140625,69.52349853515625,14.706000328063965,15.989999771118164,2.140000104904175,96.69000244140624,11965.599609375,10.520000457763672,2885.719970703125,2.38,1.72
2019-06-12,28.78300094604492,2072600.0,1331.9000244140625,69.3864974975586,14.722000122070312,15.90999984741211,2.127000093460083,97.0,11906.2001953125,11.0600004196167,2879.840087890625,2.38,1.71
2019-06-13,28.826000213623047,929000.0,1339.199951171875,69.69999694824219,14.871000289916992,15.81999969482422,2.0910000801086426,97.01000213623048,11914.0498046875,11.68000030517578,2891.639892578125,2.38,1.68
2019-06-14,29.242000579833984,2383800.0,1340.0999755859375,69.80000305175781,14.781999588012695,15.279999732971191,2.0929999351501465,97.56999969482422,11823.2998046875,11.899999618530272,2886.97998046875,2.38,1.63
2019-06-17,28.9375,1254100.0,1338.699951171875,69.77050018310547,14.814000129699709,15.350000381469728,2.0859999656677246,97.55999755859376,11672.150390625,11.989999771118164,2889.669921875,2.38,1.61
2019-06-18,29.04750061035156,1981700.0,1346.5999755859375,70.11250305175781,14.979999542236328,15.149999618530272,2.059999942779541,97.63999938964844,11691.5,12.399999618530272,2917.75,2.38,1.64
2019-06-19,29.017000198364254,1367400.0,1344.5999755859375,69.76499938964844,14.94499969482422,14.329999923706056,2.0290000438690186,97.12000274658205,11691.4501953125,12.40999984741211,2926.4599609375,2.38,1.67
2019-06-20,29.75900077819824,2396100.0,1392.9000244140625,69.87000274658203,15.468999862670898,14.75,2.000999927520752,96.62999725341795,11831.75,15.6899995803833,2954.179931640625,2.38,1.74
2019-06-21,29.76499938964844,2338600.0,1396.199951171875,69.77999877929688,15.27299976348877,15.399999618530272,2.068000078201294,96.22000122070312,11724.099609375,15.539999961853027,2950.4599609375,2.38,1.73
2019-06-24,30.006999969482425,2149500.0,1414.300048828125,69.56990051269531,15.368000030517578,15.260000228881836,2.0209999084472656,95.9800033569336,11699.650390625,16.799999237060547,2945.35009765625,2.38,1.71
2019-06-25,30.41699981689453,3138900.0,1414.9000244140625,69.60250091552734,15.291000366210938,16.280000686645508,1.99399995803833,96.16000366210938,11796.4501953125,17.079999923706055,2917.3798828125,2.38,1.67
2019-06-26,29.84749984741211,2104300.0,1411.5999755859375,69.63749694824219,15.282999992370604,16.209999084472656,2.049000024795532,96.20999908447266,11847.5498046875,15.880000114440918,2913.780029296875,2.38,1.7
2019-06-27,29.78350067138672,2320500.0,1408.4000244140625,69.60250091552734,15.204999923706056,15.81999969482422,2.005000114440918,96.19000244140624,11841.5498046875,15.56999969482422,2924.919921875,2.38,1.68
2019-06-28,29.97949981689453,2010200.0,1409.699951171875,69.32499694824219,15.253000259399414,15.079999923706056,2.0,96.12999725341795,11788.849609375,15.989999771118164,2941.760009765625,2.38,1.69
2019-07-01,29.586000442504883,2187100.0,1385.5999755859375,68.94049835205078,15.105999946594238,14.0600004196167,2.0339999198913574,96.83999633789062,11865.599609375,14.079999923706056,2964.330078125,2.4,1.69
2019-07-02,29.628000259399418,1424200.0,1404.5999755859375,69.1675033569336,15.154000282287598,12.93000030517578,1.97599995136261,96.7300033569336,11910.2998046875,15.800000190734863,2973.010009765625,2.4,1.65
2019-07-03,30.15049934387207,1951500.0,1417.699951171875,69.0824966430664,15.251999855041504,12.56999969482422,1.9529999494552612,96.7699966430664,11916.75,15.890000343322754,2995.820068359375,2.4,1.65
2019-07-04,29.94499969482422,836000.0,1417.699951171875,69.00749969482422,15.251999855041504,12.56999969482422,1.9529999494552612,96.7699966430664,11946.75,15.890000343322754,2995.820068359375,2.4,1.65
2019-07-05,30.246000289916992,4518700.0,1396.699951171875,68.73999786376953,14.91800022125244,13.279999732971191,2.0480000972747803,97.25,11811.150390625,15.06999969482422,2990.409912109375,2.4,1.69
2019-07-08,30.293500900268555,2021200.0,1397.0,68.44000244140625,14.972000122070312,13.960000038146973,2.0339999198913574,97.37999725341795,11558.599609375,12.989999771118164,2975.949951171875,2.4,1.7
2019-07-09,30.02199935913086,1245100.0,1397.5,68.8499984741211,15.067999839782717,14.09000015258789,2.053999900817871,97.48999786376952,11555.900390625,13.449999809265137,2979.6298828125,2.4,1.71
2019-07-10,30.16200065612793,580400.0,1410.0999755859375,68.76499938964844,15.147000312805176,13.029999732971191,2.061000108718872,97.0999984741211,11498.900390625,15.010000228881836,2993.070068359375,2.4,1.74
2019-07-11,30.587499618530273,2053400.0,1404.300048828125,68.36759948730469,15.06700038909912,12.93000030517578,2.119999885559082,97.0500030517578,11582.900390625,13.640000343322754,2999.909912109375,2.4,1.77
2019-07-12,30.32799911499023,1482900.0,1409.9000244140625,68.66999816894531,15.16100025177002,12.390000343322754,2.1059999465942383,96.80999755859376,11552.5,14.649999618530272,3013.77001953125,2.4,1.77
2019-07-15,30.51499938964844,1263700.0,1411.4000244140625,68.55030059814453,15.289999961853027,12.68000030517578,2.0920000076293945,96.93000030517578,11588.349609375,14.899999618530272,3014.300048828125,2.4,1.77
2019-07-16,30.546499252319336,878500.0,1409.199951171875,68.74749755859375,15.600000381469728,12.859999656677246,2.121999979019165,97.4000015258789,11662.599609375,14.31999969482422,3004.0400390625,2.4,1.8
2019-07-17,30.486499786376953,974200.0,1421.300048828125,68.8949966430664,15.892999649047852,13.970000267028809,2.061000108718872,97.22000122070312,11687.5,16.020000457763672,2984.419921875,2.4,1.75
2019-07-18,30.962499618530273,4956500.0,1426.0999755859375,68.78600311279297,16.1200008392334,13.529999732971191,2.038000106811523,96.79000091552734,11596.900390625,17.450000762939453,2995.110107421875,2.4,1.79
2019-07-19,31.183500289916992,2992300.0,1425.0999755859375,68.8499984741211,16.117000579833984,14.449999809265137,2.0480000972747803,97.1500015258789,11419.25,15.829999923706056,2976.610107421875,2.4,1.8
2019-07-22,30.864500045776367,2283500.0,1425.300048828125,68.83000183105469,16.34000015258789,13.529999732971191,2.0429999828338623,97.26000213623048,11346.2001953125,14.890000343322754,2985.030029296875,2.4,1.79
2019-07-23,30.78350067138672,1702000.0,1420.0999755859375,69.16000366210938,16.405000686645508,12.609999656677246,2.0739998817443848,97.70999908447266,11331.0498046875,14.279999732971191,3005.469970703125,2.4,1.81
2019-07-24,30.826000213623047,1319700.0,1422.800048828125,69.0199966430664,16.554000854492188,12.06999969482422,2.049999952316284,97.7300033569336,11271.2998046875,14.550000190734863,3019.56005859375,2.4,1.79
2019-07-25,30.83550071716309,763100.0,1413.9000244140625,69.18499755859375,16.339000701904297,12.739999771118164,2.0739998817443848,97.81999969482422,11252.150390625,13.539999961853027,3003.669921875,2.4,1.8
2019-07-26,30.684499740600582,742700.0,1418.5,69.15049743652344,16.325000762939453,12.15999984741211,2.0810000896453857,98.01000213623048,11284.2998046875,12.3100004196167,3025.860107421875,2.4,1.78
2019-07-29,30.66900062561035,610600.0,1419.5999755859375,68.87000274658203,16.368000030517578,12.829999923706056,2.055000066757202,98.04000091552734,11189.2001953125,13.59000015258789,3020.969970703125,2.4,1.77
2019-07-30,30.78949928283691,959500.0,1429.699951171875,68.94999694824219,16.4950008392334,13.9399995803833,2.061000108718872,98.0500030517578,11085.400390625,14.510000228881836,3013.179931640625,2.4,1.78
2019-07-31,30.6564998626709,1122400.0,1426.0999755859375,69.07749938964844,16.34600067138672,16.1200008392334,2.0209999084472656,98.5199966430664,11118.0,13.210000038146973,2980.3798828125,2.4,1.76
2019-08-01,30.45549964904785,1937100.0,1420.9000244140625,69.40499877929688,16.121000289916992,17.8700008392334,1.8940000534057615,98.38999938964844,10980.0,16.010000228881836,2953.56005859375,2.13,1.7
2019-08-02,31.270000457763672,3676200.0,1445.5999755859375,69.29720306396484,16.222000122070312,17.610000610351562,1.8550000190734863,98.0999984741211,10997.349609375,15.0,2932.050048828125,2.13,1.66
2019-08-05,31.97100067138672,6467700.0,1464.5999755859375,69.65689849853516,16.344999313354492,24.59000015258789,1.7350000143051147,97.5,10862.599609375,16.90999984741211,2844.739990234375,2.13,1.6
2019-08-06,32.17100143432617,3719800.0,1472.4000244140625,71.5199966430664,16.405000686645508,20.170000076293945,1.7389999628067017,97.62999725341795,10948.25,16.020000457763672,2881.77001953125,2.13,1.62
2019-08-07,32.6510009765625,3415800.0,1507.300048828125,71.2300033569336,17.1560001373291,19.489999771118164,1.684000015258789,97.54000091552734,10855.5,18.15999984741211,2883.97998046875,2.13,1.62
2019-08-08,32.60449981689453,6442400.0,1497.699951171875,71.16510009765625,16.900999069213867,16.90999984741211,1.715999960899353,97.62000274658205,11032.4501953125,17.530000686645508,2938.090087890625,2.13,1.65
2019-08-09,32.72549819946289,3821000.0,1496.5999755859375,70.47090148925781,16.89699935913086,17.969999313354492,1.7339999675750732,97.48999786376952,11109.650390625,16.639999389648438,2918.64990234375,2.13,1.66
2019-08-13,33.30550003051758,3582000.0,1502.199951171875,71.58000183105469,16.95599937438965,17.520000457763672,1.6799999475479126,97.80999755859376,10925.849609375,17.920000076293945,2926.320068359375,2.13,1.63
2019-08-14,32.777000427246094,3841900.0,1515.9000244140625,71.08000183105469,17.253000259399414,22.100000381469727,1.5809999704360962,97.98999786376952,11029.400390625,18.190000534057617,2840.60009765625,2.13,1.57
2019-08-16,32.90299987792969,2853900.0,1512.5,71.72000122070312,17.09600067138672,18.469999313354492,1.5390000343322754,98.13999938964844,11047.7998046875,16.860000610351562,2888.679931640625,2.13,1.54
2019-08-19,32.94300079345703,1723600.0,1500.4000244140625,71.13200378417969,16.913999557495117,16.8799991607666,1.5980000495910645,98.3499984741211,11053.900390625,14.9399995803833,2923.64990234375,2.13,1.56
2019-08-20,33.18550109863281,2155600.0,1504.5999755859375,71.99500274658203,17.121999740600586,17.5,1.5609999895095823,98.19000244140624,11017.0,15.420000076293944,2900.510009765625,2.13,1.53
2019-08-21,32.949501037597656,3907700.0,1504.5999755859375,71.80999755859375,17.125,15.800000190734863,1.5770000219345093,98.3000030517578,10918.7001953125,15.130000114440918,2924.429931640625,2.13,1.54
2019-08-22,33.199501037597656,1977500.0,1497.300048828125,71.43779754638672,17.013999938964844,16.68000030517578,1.6100000143051147,98.16999816894533,10741.349609375,15.350000381469728,2922.949951171875,2.13,1.55
2019-08-23,33.09149932861328,2298000.0,1526.5999755859375,71.92040252685547,17.395000457763672,19.8700008392334,1.527999997138977,97.63999938964844,10829.349609375,18.36000061035156,2847.110107421875,2.13,1.54
2019-08-26,33.96049880981445,4581200.0,1526.300048828125,71.50250244140625,17.624000549316406,19.31999969482422,1.5449999570846558,98.08000183105467,11057.849609375,17.540000915527344,2878.3798828125,2.13,1.54
2019-08-27,33.94900131225586,3498800.0,1541.0,72.16000366210938,18.138999938964844,20.309999465942383,1.4900000095367432,98.0,11105.349609375,17.34000015258789,2869.159912109375,2.13,1.55
2019-08-28,34.21149826049805,2756600.0,1537.800048828125,71.53500366210938,18.304000854492188,19.350000381469727,1.465999960899353,98.20999908447266,11046.099609375,16.829999923706055,2887.93994140625,2.13,1.55
2019-08-29,34.22249984741211,3659100.0,1526.5,72.08499908447266,18.16699981689453,17.8799991607666,1.5160000324249268,98.51000213623048,10948.2998046875,16.309999465942383,2924.580078125,2.13,1.59
2019-08-30,33.79949951171875,2849300.0,1519.0999755859375,71.6801986694336,18.184999465942383,18.979999542236328,1.50600004196167,98.91999816894533,11023.25,15.449999809265137,2926.4599609375,2.13,1.55
2019-09-03,34.45199966430664,2834400.0,1545.9000244140625,71.96209716796875,19.07900047302246,19.65999984741211,1.465999960899353,98.9499969482422,10797.900390625,16.860000610351562,2906.27001953125,2.04,1.5
2019-09-04,34.576499938964844,5414100.0,1550.300048828125,72.45999908447266,19.391000747680664,17.329999923706055,1.4589999914169312,98.4499969482422,10844.650390625,17.270000457763672,2937.780029296875,2.04,1.51
2019-09-05,34.513999938964844,2864700.0,1515.4000244140625,71.95570373535156,18.6560001373291,16.270000457763672,1.565000057220459,98.41000366210938,10847.900390625,15.720000267028809,2976.0,2.04,1.56
2019-09-06,33.52450180053711,4107100.0,1506.199951171875,72.22000122070312,17.968000411987305,15.0,1.5499999523162842,98.38999938964844,10946.2001953125,14.75,2978.7099609375,2.04,1.54
2019-09-09,33.6870002746582,3163600.0,1502.199951171875,71.66999816894531,18.018999099731445,15.270000457763672,1.621999979019165,98.27999877929688,11003.0498046875,14.760000228881836,2978.429931640625,2.04,1.57
2019-09-11,33.33150100708008,2685500.0,1494.4000244140625,71.85900115966797,18.0310001373291,14.609999656677246,1.7330000400543213,98.6500015258789,11035.7001953125,14.949999809265137,3000.929931640625,2.04,1.6
2019-09-12,33.14799880981445,1834800.0,1498.699951171875,71.56009674072266,18.041000366210938,14.220000267028809,1.7910000085830688,98.30999755859376,10982.7998046875,15.06999969482422,3009.570068359375,2.04,1.63
2019-09-13,33.12350082397461,1565200.0,1490.9000244140625,71.28500366210938,17.43600082397461,13.739999771118164,1.902999997138977,98.26000213623048,11075.900390625,14.9399995803833,3007.389892578125,2.04,1.67
2019-09-16,33.25,2676400.0,1503.0999755859375,71.02069854736328,17.900999069213867,14.670000076293944,1.840999960899353,98.6500015258789,11003.5,16.06999969482422,2997.9599609375,2.04,1.67
2019-09-17,33.36399841308594,1122400.0,1505.0999755859375,71.74909973144531,18.016000747680664,14.4399995803833,1.812000036239624,98.26000213623048,10817.599609375,15.90999984741211,3005.699951171875,2.04,1.66
2019-09-18,33.11949920654297,1505400.0,1507.5,71.70999908447266,17.795000076293945,13.949999809265137,1.7860000133514404,98.5999984741211,10840.650390625,15.100000381469728,3006.72998046875,2.04,1.59
2019-09-19,32.79800033569336,4806900.0,1498.4000244140625,71.5425033569336,17.773000717163086,14.050000190734863,1.77400004863739,98.2699966430664,10704.7998046875,15.130000114440918,3006.7900390625,2.04,1.61
2019-09-20,32.81800079345703,3606900.0,1507.300048828125,71.71749877929688,17.738000869750977,15.31999969482422,1.7549999952316284,98.51000213623048,11274.2001953125,16.790000915527344,2992.070068359375,2.04,1.61
2019-09-23,33.08250045776367,7162400.0,1523.699951171875,71.19159698486328,18.600000381469727,14.90999984741211,1.7079999446868896,98.5999984741211,11600.2001953125,16.920000076293945,2991.780029296875,2.04,1.61
2019-09-24,33.08649826049805,2336800.0,1532.0999755859375,70.78959655761719,18.517000198364254,17.049999237060547,1.6349999904632568,98.33999633789062,11588.2001953125,17.219999313354492,2966.60009765625,2.04,1.58
2019-09-25,33.345001220703125,2845300.0,1504.5999755859375,71.28500366210938,17.961999893188477,15.960000038146973,1.7319999933242798,99.04000091552734,11440.2001953125,15.619999885559082,2984.8701171875,2.04,1.6
2019-09-26,32.98649978637695,2035600.0,1507.5,71.30999755859375,17.801000595092773,16.06999969482422,1.684999942779541,99.20999908447266,11571.2001953125,15.109999656677246,2977.6201171875,2.04,1.57
2019-09-27,33.02149963378906,1942800.0,1499.0999755859375,71.21499633789062,17.552000045776367,17.219999313354492,1.6749999523162842,99.11000061035156,11512.400390625,14.960000038146973,2961.7900390625,2.04,1.53
2019-09-30,32.97249984741211,1982500.0,1465.699951171875,70.49870300292969,16.898000717163086,16.239999771118164,1.6749999523162842,99.37999725341795,11474.4501953125,15.369999885559082,2976.739990234375,2.04,1.53
2019-10-01,32.640499114990234,1493100.0,1482.0,70.92250061035156,17.20199966430664,18.559999465942383,1.6440000534057615,99.12999725341795,11359.900390625,15.609999656677246,2940.25,1.83,1.52
2019-10-03,33.354000091552734,4240900.0,1507.0999755859375,71.1416015625,17.584999084472656,19.1200008392334,1.5360000133514404,98.86000061035156,11314.0,16.329999923706055,2910.6298828125,1.83,1.48
2019-10-04,33.640499114990234,1547100.0,1506.199951171875,71.0199966430664,17.540000915527344,17.040000915527344,1.5149999856948853,98.80999755859376,11174.75,15.260000228881836,2952.010009765625,1.83,1.5
2019-10-07,33.60350036621094,1703200.0,1497.699951171875,70.81500244140625,17.457000732421875,17.860000610351562,1.5529999732971191,98.98999786376952,11126.400390625,15.4399995803833,2938.7900390625,1.83,1.51
2019-10-09,33.72249984741211,2143900.0,1506.0999755859375,71.20999908447266,17.72800064086914,18.63999938964844,1.5889999866485596,99.12000274658205,11313.2998046875,15.729999542236328,2919.39990234375,1.83,1.49
2019-10-10,33.827999114990234,989900.0,1494.800048828125,71.41000366210938,17.520000457763672,17.56999969482422,1.6579999923706057,98.70999908447266,11234.5498046875,15.699999809265137,2938.1298828125,1.83,1.52
2019-10-11,33.6614990234375,1954000.0,1482.699951171875,70.9800033569336,17.461999893188477,15.579999923706056,1.7519999742507937,98.3000030517578,11305.0498046875,15.720000267028809,2970.27001953125,1.83,1.56
2019-10-14,33.746498107910156,2669500.0,1491.699951171875,70.91400146484375,17.634000778198242,14.56999969482422,1.7330000400543213,98.4499969482422,11341.150390625,15.649999618530272,2966.14990234375,1.83,1.56
2019-10-15,33.92499923706055,939300.0,1477.5999755859375,71.45249938964844,17.308000564575195,13.539999961853027,1.7710000276565552,98.29000091552734,11428.2998046875,15.079999923706056,2995.679931640625,1.83,1.56
2019-10-16,33.734500885009766,899400.0,1488.0,71.76000213623047,17.35099983215332,13.68000030517578,1.7480000257492063,98.01000213623048,11464.0,14.9399995803833,2989.68994140625,1.83,1.57
2019-10-17,33.787498474121094,959400.0,1492.300048828125,71.62000274658203,17.535999298095703,13.789999961853027,1.756999969482422,97.61000061035156,11586.349609375,14.84000015258789,2997.949951171875,1.83,1.59
2019-10-18,33.76300048828125,821600.0,1488.199951171875,71.42250061035156,17.50200080871582,14.25,1.746999979019165,97.27999877929688,11661.849609375,14.850000381469728,2986.199951171875,1.83,1.6
2019-10-22,33.665000915527344,1294700.0,1481.699951171875,71.1050033569336,17.437000274658203,14.460000038146973,1.7680000066757202,97.52999877929688,11588.349609375,13.670000076293944,2995.989990234375,1.83,1.61
2019-10-23,33.792999267578125,6504000.0,1489.9000244140625,71.07499694824219,17.517000198364258,14.010000228881836,1.758999943733215,97.47000122070312,11604.099609375,13.229999542236328,3004.52001953125,1.83,1.61
2019-10-24,33.701499938964844,1964800.0,1498.9000244140625,70.71499633789062,17.73900032043457,13.710000038146973,1.7660000324249268,97.62999725341795,11582.599609375,13.970000267028809,3010.2900390625,1.83,1.62
2019-10-25,34.28150177001953,7035400.0,1499.5,71.19000244140625,17.861000061035156,12.649999618530272,1.8009999990463257,97.83000183105467,11583.900390625,13.479999542236328,3022.550048828125,1.83,1.65
2019-10-27,34.13399887084961,1558100.0,1499.5,71.19000244140625,17.861000061035156,12.649999618530272,1.8009999990463257,97.83000183105467,11583.900390625,13.479999542236328,3022.550048828125,1.83,1.65
2019-10-29,33.71049880981445,4651800.0,1487.0,70.73500061035156,17.770999908447266,13.199999809265137,1.8350000381469729,97.69000244140624,11786.849609375,13.460000038146973,3036.889892578125,1.83,1.61
2019-10-30,33.65999984741211,1434300.0,1493.199951171875,70.88459777832031,17.815000534057617,12.329999923706056,1.7979999780654907,97.6500015258789,11844.099609375,13.170000076293944,3046.77001953125,1.83,1.57
2019-10-31,34.06549835205078,1470500.0,1511.4000244140625,70.98999786376953,18.013999938964844,13.220000267028809,1.690999984741211,97.3499984741211,11877.4501953125,13.390000343322754,3037.56005859375,1.83,1.54
2019-11-01,34.18000030517578,1489900.0,1508.0,70.97000122070312,18.003999710083008,12.300000190734863,1.7280000448226929,97.23999786376952,11890.599609375,12.859999656677246,3066.909912109375,1.55,1.59
2019-11-04,34.1870002746582,1405300.0,1508.0,70.51210021972656,18.013999938964844,12.829999923706056,1.7860000133514404,97.51000213623048,11941.2998046875,12.449999809265137,3078.27001953125,1.55,1.64
2019-11-05,34.09149932861328,1541400.0,1480.800048828125,71.0,17.516000747680664,13.100000381469728,1.866000056266785,97.9800033569336,11917.2001953125,12.43000030517578,3074.6201171875,1.55,1.68
2019-11-06,33.86199951171875,1497700.0,1490.199951171875,70.8949966430664,17.558000564575195,12.619999885559082,1.8140000104904177,97.9499969482422,11966.0498046875,12.039999961853027,3076.780029296875,1.55,1.66
2019-11-07,33.7869987487793,1123500.0,1464.199951171875,71.0,16.969999313354492,12.729999542236328,1.9259999990463257,98.13999938964844,12012.0498046875,12.350000381469728,3085.179931640625,1.55,1.69
2019-11-08,33.50450134277344,2103100.0,1461.300048828125,71.37650299072266,16.783000946044922,12.06999969482422,1.9329999685287476,98.3499984741211,11908.150390625,12.270000457763672,3093.080078125,1.55,1.71
2019-11-11,33.553001403808594,1100600.0,1455.5,71.37650299072266,16.761999130249023,12.6899995803833,1.9429999589920044,98.1999969482422,11913.4501953125,12.869999885559082,3087.010009765625,1.55,1.71
2019-11-13,33.82550048828125,1411700.0,1461.699951171875,71.77999877929688,16.898000717163086,13.0,1.8700000047683716,98.37000274658205,11840.4501953125,11.5600004196167,3094.0400390625,1.55,1.66
2019-11-14,33.84149932861328,1036600.0,1471.800048828125,72.1415023803711,17.01300048828125,13.050000190734863,1.815000057220459,98.16000366210938,11872.099609375,11.829999923706056,3096.6298828125,1.55,1.62
2019-11-15,33.53850173950195,1231600.0,1467.300048828125,71.95580291748047,16.933000564575195,12.050000190734863,1.8339999914169312,98.0,11895.4501953125,11.229999542236328,3120.4599609375,1.55,1.63
2019-11-18,33.43000030517578,1190400.0,1470.9000244140625,71.70580291748047,16.985000610351562,12.460000038146973,1.8079999685287476,97.79000091552734,11884.5,11.550000190734863,3122.030029296875,1.55,1.63
2019-11-19,33.708499908447266,1139600.0,1473.300048828125,71.93509674072266,17.10300064086914,12.859999656677246,1.7860000133514404,97.86000061035156,11940.099609375,11.5,3120.179931640625,1.55,1.63
2019-11-20,33.85300064086914,1424800.0,1473.300048828125,71.85099792480469,17.100000381469727,12.779999732971191,1.7380000352859497,97.93000030517578,11999.099609375,11.550000190734863,3108.4599609375,1.55,1.6
2019-11-21,33.702999114990234,1666600.0,1463.0999755859375,71.76820373535156,17.049999237060547,13.130000114440918,1.7719999551773071,97.98999786376952,11968.400390625,11.369999885559082,3103.5400390625,1.55,1.63
2019-11-22,33.707000732421875,703500.0,1463.0999755859375,71.7405014038086,16.985000610351562,12.34000015258789,1.77400004863739,98.2699966430664,11914.400390625,11.31999969482422,3110.2900390625,1.55,1.62
2019-11-25,33.38850021362305,1275900.0,1456.5999755859375,71.78260040283203,16.871000289916992,11.869999885559082,1.7640000581741333,98.31999969482422,12073.75,11.149999618530272,3133.639892578125,1.55,1.62
2019-11-26,33.32149887084961,950000.0,1459.800048828125,71.67949676513672,17.030000686645508,11.539999961853027,1.7400000095367432,98.25,12037.7001953125,10.760000228881836,3140.52001953125,1.55,1.62
2019-11-27,33.2869987487793,826000.0,1453.4000244140625,71.42839813232422,16.91200065612793,11.75,1.7669999599456787,98.41000366210938,12100.7001953125,10.300000190734863,3153.6298828125,1.55,1.63
2019-11-28,33.33649826049805,835300.0,1453.4000244140625,71.22810363769531,16.91200065612793,11.75,1.7669999599456787,98.41000366210938,12151.150390625,10.300000190734863,3153.6298828125,1.55,1.63
2019-11-29,33.41350173950195,963200.0,1465.5999755859375,71.54740142822266,16.9689998626709,12.619999885559082,1.7760000228881836,98.2699966430664,12056.0498046875,10.710000038146973,3140.97998046875,1.55,1.61
2019-12-02,33.40850067138672,819600.0,1462.300048828125,71.7229995727539,16.836000442504883,14.90999984741211,1.8359999656677248,97.86000061035156,12048.2001953125,10.770000457763672,3113.8701171875,1.55,1.65
2019-12-03,33.484500885009766,564200.0,1478.199951171875,71.625,17.125,15.960000038146973,1.7089999914169312,97.73999786376952,11994.2001953125,12.149999618530272,3093.199951171875,1.55,1.63
2019-12-04,33.756500244140625,2137100.0,1474.0,71.95999908447266,16.797000885009766,14.800000190734863,1.781000018119812,97.6500015258789,12043.2001953125,11.56999969482422,3112.760009765625,1.55,1.66
2019-12-05,33.66550064086914,1031800.0,1476.9000244140625,71.4801025390625,16.941999435424805,14.520000457763672,1.7970000505447388,97.41000366210938,12018.400390625,11.25,3117.429931640625,1.55,1.67
2019-12-06,33.62200164794922,644200.0,1459.0999755859375,71.38500213623047,16.481000900268555,13.619999885559082,1.8420000076293943,97.6999969482422,11921.5,10.729999542236328,3145.909912109375,1.55,1.69
2019-12-09,33.23550033569336,1110700.0,1459.300048828125,71.28679656982422,16.531999588012695,15.859999656677246,1.8289999961853027,97.63999938964844,11937.5,10.75,3135.9599609375,1.55,1.69
2019-12-10,33.20650100708008,784200.0,1462.5999755859375,70.96019744873047,16.59600067138672,15.68000030517578,1.8329999446868896,97.41000366210938,11856.7998046875,10.329999923706056,3132.52001953125,1.55,1.71
2019-12-11,33.27199935913086,664500.0,1469.4000244140625,71.01000213623047,16.743999481201172,14.989999771118164,1.7899999618530271,97.16000366210938,11910.150390625,10.8100004196167,3141.6298828125,1.55,1.69
2019-12-12,33.287498474121094,616000.0,1466.699951171875,70.72930145263672,16.844999313354492,13.9399995803833,1.8969999551773071,97.4000015258789,11971.7998046875,10.949999809265137,3168.570068359375,1.55,1.72
2019-12-13,33.22050094604492,551200.0,1475.5999755859375,70.55989837646484,16.91200065612793,12.630000114440918,1.819000005722046,97.16999816894533,12086.7001953125,10.390000343322754,3168.800048828125,1.55,1.7
2019-12-16,33.44300079345703,792800.0,1475.0,70.68900299072266,17.018999099731445,12.140000343322754,1.8919999599456787,97.06999969482422,12053.9501953125,10.390000343322754,3191.449951171875,1.55,1.73
2019-12-17,33.50299835205078,698200.0,1474.5999755859375,70.92050170898438,16.97800064086914,12.289999961853027,1.8890000581741333,97.20999908447266,12165.0,10.029999732971191,3192.52001953125,1.55,1.75
2019-12-18,33.59600067138672,438600.0,1472.5999755859375,71.21499633789062,16.952999114990234,12.579999923706056,1.924000024795532,97.41000366210938,12221.650390625,10.039999961853027,3191.139892578125,1.55,1.76
2019-12-23,33.650001525878906,909544.0,1482.5,71.02400207519531,17.402999877929688,12.609999656677246,1.934999942779541,97.66000366210938,12262.75,10.5600004196167,3224.010009765625,1.55,1.75
2019-12-24,33.75,730093.0,1499.0999755859375,71.21070098876953,17.756999969482422,12.670000076293944,1.909999966621399,97.6500015258789,12214.5498046875,11.93000030517578,3223.3798828125,1.55,1.75
2019-12-26,34.0,2032537.0,1509.300048828125,71.54000091552734,17.893999099731445,12.649999618530272,1.9049999713897705,97.58999633789062,12126.5498046875,13.329999923706056,3239.909912109375,1.55,1.74
2019-12-27,34.150001525878906,1074987.0,1513.800048828125,71.30030059814453,17.849000930786133,13.43000030517578,1.8739999532699585,96.91999816894533,12245.7998046875,12.31999969482422,3240.02001953125,1.55,1.73
2019-12-30,34.29999923706055,893791.0,1514.5,71.31300354003906,17.908000946044922,14.81999969482422,1.8949999809265137,96.73999786376952,12255.849609375,12.5600004196167,3221.2900390625,1.55,1.75
2019-12-31,34.45000076293945,909421.0,1519.5,71.31099700927734,17.827999114990234,13.779999732971191,1.919000029563904,96.38999938964844,12168.4501953125,12.630000114440918,3230.780029296875,1.55,1.77
2020-01-01,34.349998474121094,847673.0,1519.5,71.27580261230469,17.827999114990234,13.779999732971191,1.919000029563904,96.38999938964844,12182.5,12.630000114440918,3230.780029296875,1.55,1.77
2020-01-02,34.349998474121094,710354.0,1524.5,71.0250015258789,17.965999603271484,12.470000267028809,1.881999969482422,96.8499984741211,12282.2001953125,12.699999809265137,3257.85009765625,1.55,1.8
2020-01-03,35.400001525878906,2322978.0,1549.199951171875,71.41500091552734,18.06800079345703,14.020000457763672,1.787999987602234,96.83999633789062,12226.650390625,13.460000038146973,3234.85009765625,1.55,1.77
2020-01-06,36.150001525878906,8276750.0,1566.199951171875,71.73100280761719,18.097000122070312,13.850000381469728,1.8109999895095823,96.66999816894533,11993.0498046875,14.210000038146973,3246.280029296875,1.55,1.75
2020-01-07,35.5,2634222.0,1571.800048828125,71.78700256347656,18.31599998474121,13.789999961853027,1.8270000219345093,96.9800033569336,12052.9501953125,14.010000228881836,3237.179931640625,1.55,1.74
2020-01-08,36.099998474121094,5032103.0,1557.4000244140625,72.16000366210938,18.08799934387207,13.449999809265137,1.8739999532699585,97.3000030517578,12025.349609375,13.670000076293944,3253.050048828125,1.55,1.75
2020-01-09,35.04999923706055,2183753.0,1551.699951171875,71.41190338134766,17.860000610351562,12.539999961853027,1.8580000400543213,97.4499969482422,12215.900390625,12.539999961853027,3274.699951171875,1.55,1.74
2020-01-10,34.95000076293945,1219529.0,1557.5,71.19429779052734,18.03300094604492,12.5600004196167,1.825000047683716,97.36000061035156,12256.7998046875,12.270000457763672,3265.35009765625,1.55,1.76
2020-01-13,34.75,3557668.0,1548.4000244140625,70.9530029296875,17.926000595092773,12.31999969482422,1.8480000495910645,97.3499984741211,12329.5498046875,10.90999984741211,3288.1298828125,1.55,1.77
2020-01-14,34.75,1336531.0,1542.4000244140625,70.71890258789062,17.673999786376953,12.390000343322754,1.8179999589920044,97.37000274658205,12362.2998046875,11.020000457763672,3283.14990234375,1.55,1.77
2020-01-15,35.04999923706055,1080717.0,1552.0999755859375,70.84510040283203,17.92300033569336,12.420000076293944,1.787999987602234,97.2300033569336,12343.2998046875,11.75,3289.2900390625,1.55,1.75
2020-01-16,35.0,1260631.0,1549.0,70.71800231933594,17.875,12.31999969482422,1.809000015258789,97.31999969482422,12355.5,11.380000114440918,3316.81005859375,1.55,1.74
2020-01-17,34.95000076293945,820973.0,1558.800048828125,70.94560241699219,18.01300048828125,12.100000381469728,1.8359999656677248,97.61000061035156,12352.349609375,11.3100004196167,3329.6201171875,1.55,1.75
2020-01-20,35.22999954223633,925057.0,1558.800048828125,71.03469848632812,18.01300048828125,12.100000381469728,1.8359999656677248,97.61000061035156,12224.5498046875,11.3100004196167,3329.6201171875,1.55,1.75
2020-01-21,35.130001068115234,1407302.0,1556.4000244140625,71.03099822998047,17.750999450683594,12.850000381469728,1.7690000534057615,97.52999877929688,12169.849609375,11.479999542236328,3320.7900390625,1.55,1.74
2020-01-22,35.290000915527344,1583074.0,1555.300048828125,71.16999816894531,17.770999908447266,12.90999984741211,1.7690000534057615,97.52999877929688,12106.900390625,11.15999984741211,3321.75,1.55,1.72
2020-01-23,35.209999084472656,968621.0,1564.5999755859375,71.0781021118164,17.773000717163086,12.979999542236328,1.7400000095367432,97.69000244140624,12180.349609375,11.609999656677246,3325.5400390625,1.55,1.7
2020-01-24,35.400001525878906,1927549.0,1571.0999755859375,71.32099914550781,18.05699920654297,14.5600004196167,1.680999994277954,97.8499984741211,12248.25,12.479999542236328,3295.469970703125,1.55,1.68
2020-01-27,35.849998474121094,1306403.0,1576.800048828125,71.32499694824219,18.0,18.229999542236328,1.6050000190734863,97.95999908447266,12119.0,12.899999618530272,3243.6298828125,1.55,1.63
2020-01-28,35.720001220703125,744755.0,1569.199951171875,71.44000244140625,17.402000427246094,16.280000686645508,1.6410000324249268,98.0199966430664,12055.7998046875,11.890000343322754,3276.239990234375,1.55,1.65
2020-01-29,35.61000061035156,598669.0,1569.800048828125,71.23040008544922,17.430999755859375,16.389999389648438,1.593999981880188,97.98999786376952,12129.5,12.09000015258789,3273.39990234375,1.55,1.64
2020-01-30,35.93000030517578,1246645.0,1583.5,71.30000305175781,17.95199966430664,15.489999771118164,1.5579999685287476,97.87000274658205,12035.7998046875,12.229999542236328,3283.659912109375,1.55,1.64
2020-01-31,35.869998931884766,1330339.0,1582.9000244140625,71.63999938964844,17.972000122070312,18.84000015258789,1.5199999809265137,97.38999938964844,11962.099609375,13.5,3225.52001953125,1.55,1.65
2020-02-03,35.90999984741211,2151872.0,1577.199951171875,71.49649810791016,17.639999389648438,17.969999313354492,1.5199999809265137,97.8000030517578,11707.900390625,12.479999542236328,3248.919921875,1.58,1.63
2020-02-04,35.58000183105469,1300422.0,1550.4000244140625,71.31410217285156,17.527999877929688,16.049999237060547,1.6030000448226929,97.95999908447266,11979.650390625,12.010000228881836,3297.590087890625,1.58,1.64
2020-02-05,35.310001373291016,1744465.0,1557.800048828125,71.0999984741211,17.569000244140625,15.149999618530272,1.64900004863739,98.2699966430664,12089.150390625,11.31999969482422,3334.68994140625,1.58,1.66
2020-02-06,35.58000183105469,673255.0,1565.0999755859375,71.18000030517578,17.788999557495117,14.960000038146973,1.6440000534057615,98.5,12137.9501953125,11.449999809265137,3345.780029296875,1.58,1.67
2020-02-07,35.70000076293945,855832.0,1568.5999755859375,71.47000122070312,17.665000915527344,15.470000267028809,1.5779999494552612,98.68000030517578,12098.349609375,11.300000190734863,3327.7099609375,1.58,1.66
2020-02-10,35.95000076293945,997613.0,1574.699951171875,71.5155029296875,17.757999420166016,15.039999961853027,1.5470000505447388,98.83000183105467,12031.5,11.90999984741211,3352.090087890625,1.58,1.66
2020-02-11,35.81999969482422,538313.0,1565.5999755859375,71.27999877929688,17.572999954223633,15.18000030517578,1.590000033378601,98.72000122070312,12107.900390625,11.479999542236328,3357.75,1.58,1.65
2020-02-12,35.7599983215332,754076.0,1567.4000244140625,71.27529907226562,17.47800064086914,13.739999771118164,1.6299999952316284,99.0500030517578,12201.2001953125,11.06999969482422,3379.449951171875,1.58,1.66
2020-02-13,35.95000076293945,777100.0,1575.0999755859375,71.29620361328125,17.600000381469727,14.149999618530272,1.6169999837875366,99.06999969482422,12174.650390625,11.59000015258789,3373.93994140625,1.58,1.67
2020-02-14,35.849998474121094,607034.0,1582.699951171875,71.26850128173828,17.71500015258789,13.68000030517578,1.5880000591278076,99.12000274658205,12113.4501953125,11.619999885559082,3380.159912109375,1.58,1.66
2020-02-17,35.93000030517578,1117666.0,1582.699951171875,71.51480102539062,17.71500015258789,13.68000030517578,1.5880000591278076,99.12000274658205,12045.7998046875,11.619999885559082,3380.159912109375,1.58,1.66
2020-02-18,36.13999938964844,864267.0,1600.0,71.34919738769531,18.131000518798828,14.829999923706056,1.555999994277954,99.45999908447266,11992.5,13.020000457763672,3370.2900390625,1.58,1.65
2020-02-19,36.709999084472656,1416101.0,1607.5,71.57499694824219,18.29199981689453,14.380000114440918,1.5700000524520874,99.5999984741211,12125.900390625,13.34000015258789,3386.14990234375,1.58,1.65
2020-02-20,36.81999969482422,1950317.0,1616.5999755859375,71.82749938964844,18.30900001525879,15.5600004196167,1.524999976158142,99.87000274658205,12080.849609375,13.350000381469728,3373.22998046875,1.58,1.63
2020-02-24,38.58000183105469,11623173.0,1672.4000244140625,71.88680267333984,18.868000030517575,25.030000686645508,1.3769999742507937,99.29000091552734,11829.400390625,17.579999923706055,3225.889892578125,1.58,1.59
2020-02-25,37.439998626708984,3518558.0,1646.9000244140625,72.04669952392578,18.183000564575195,27.850000381469727,1.3300000429153442,98.97000122070312,11797.900390625,18.1299991607666,3128.2099609375,1.58,1.53
2020-02-26,37.52000045776367,2451716.0,1640.0,71.87000274658203,17.826000213623047,27.559999465942383,1.309999942779541,99.0,11678.5,16.479999542236328,3116.389892578125,1.58,1.54
2020-02-27,37.380001068115234,1974132.0,1640.0,71.66339874267578,17.658000946044922,39.15999984741211,1.2990000247955322,98.44000244140624,11633.2998046875,18.049999237060547,2978.760009765625,1.58,1.53
2020-02-28,37.369998931884766,4492262.0,1564.0999755859375,71.93000030517578,16.386999130249023,40.11000061035156,1.1269999742507937,98.12999725341795,11201.75,21.270000457763672,2954.219970703125,1.58,1.41
2020-03-02,37.029998779296875,5738746.0,1592.300048828125,72.1500015258789,16.679000854492188,33.41999816894531,1.0880000591278076,97.36000061035156,11132.75,18.979999542236328,3090.22998046875,0.65,1.41
2020-03-03,37.119998931884766,1974229.0,1642.0999755859375,72.82499694824219,17.128999710083008,36.81999969482422,1.0099999904632568,97.1500015258789,11303.2998046875,22.010000228881836,3003.3701171875,0.65,1.45
2020-03-04,38.099998474121094,5213172.0,1641.0999755859375,73.34200286865234,17.187000274658203,31.989999771118164,0.9919999837875366,97.33999633789062,11251.0,18.549999237060547,3130.1201171875,0.65,1.46
2020-03-05,38.040000915527344,2939616.0,1666.4000244140625,74.0425033569336,17.341999053955078,39.619998931884766,0.9259999990463256,96.81999969482422,11269.0,22.43000030517578,3023.93994140625,0.65,1.4
2020-03-06,39.04999923706055,5247298.0,1670.800048828125,73.8551025390625,17.214000701904297,41.939998626708984,0.7059999704360962,95.9499969482422,10989.4501953125,25.1200008392334,2972.3701171875,0.65,1.31
2020-03-09,38.459999084472656,7071815.0,1674.5,73.99530029296875,17.000999450683594,54.459999084472656,0.4990000128746032,94.9000015258789,10451.4501953125,31.290000915527344,2746.56005859375,0.65,0.99
2020-03-11,38.18000030517578,3035045.0,1641.4000244140625,74.20500183105469,16.729000091552734,53.900001525878906,0.8199999928474426,96.51000213623048,10458.400390625,26.739999771118164,2741.3798828125,0.65,0.96
2020-03-12,37.959999084472656,6534641.0,1589.300048828125,74.76000213623047,15.961000442504885,75.47000122070312,0.8489999771118164,97.47000122070312,9590.150390625,30.18000030517578,2480.639892578125,0.65,0.92
2020-03-13,36.619998931884766,5230638.0,1515.699951171875,75.30000305175781,14.456000328063965,57.83000183105469,0.9509999752044678,98.75,9955.2001953125,37.43000030517578,2711.02001953125,0.65,0.9
2020-03-16,35.66999816894531,5151567.0,1485.9000244140625,73.90399932861328,12.772000312805176,82.69000244140625,0.7279999852180481,98.08999633789062,9197.400390625,41.43000030517578,2386.1298828125,0.65,0.73
2020-03-17,34.83000183105469,5183689.0,1524.9000244140625,75.15499877929688,12.468999862670898,75.91000366210938,0.996999979019165,99.58000183105467,8967.0498046875,45.27000045776367,2529.18994140625,0.65,0.63
2020-03-18,35.439998626708984,5425946.0,1477.300048828125,74.01239776611328,11.734999656677246,76.44999694824219,1.2660000324249268,101.16000366210938,8468.7998046875,48.97999954223633,2398.10009765625,0.65,0.63
2020-03-19,35.209999084472656,9473342.0,1478.5999755859375,74.98200225830078,12.097000122070312,72.0,1.11899995803833,102.76000213623048,8263.4501953125,39.47999954223633,2409.389892578125,0.65,0.5
2020-03-20,36.11000061035156,4056061.0,1484.0,75.15969848632812,12.348999977111816,66.04000091552734,0.9380000233650208,102.81999969482422,8745.4501953125,36.810001373291016,2304.919921875,0.65,0.75
2020-03-23,35.02000045776367,6150889.0,1567.0,75.62210083007812,13.225000381469728,61.59000015258789,0.7639999985694885,102.48999786376952,7610.25,41.15999984741211,2237.39990234375,0.65,0.8
2020-03-24,36.38999938964844,2820437.0,1660.199951171875,76.50599670410156,14.229000091552734,61.66999816894531,0.8159999847412109,101.73999786376952,7801.0498046875,40.40999984741211,2447.330078125,0.65,0.97
2020-03-25,36.9900016784668,2961433.0,1632.300048828125,77.26000213623047,14.836999893188477,63.95000076293945,0.8579999804496765,101.0500030517578,8317.849609375,40.560001373291016,2475.56005859375,0.65,1.07
2020-03-26,36.720001220703125,1561408.0,1650.0999755859375,75.84549713134766,14.640000343322754,61.0,0.8109999895095825,99.41999816894533,8641.4501953125,37.47999954223633,2630.070068359375,0.65,1.07
2020-03-27,38.16999816894531,2869165.0,1623.9000244140625,74.72560119628906,14.498000144958496,65.54000091552734,0.7490000128746033,98.37000274658205,8660.25,34.88999938964844,2541.469970703125,0.65,0.94
2020-03-30,39.7400016784668,5715512.0,1622.0,75.46499633789062,14.074000358581545,57.08000183105469,0.6700000166893005,99.18000030517578,8281.099609375,30.420000076293945,2626.64990234375,0.65,0.95
2020-03-31,38.209999084472656,6297696.0,1583.4000244140625,75.4000015258789,14.097999572753906,53.540000915527344,0.6980000138282776,99.0500030517578,8597.75,29.190000534057617,2584.590087890625,0.65,0.87
2020-04-01,38.2400016784668,4212139.0,1578.199951171875,75.32499694824219,13.925999641418455,57.060001373291016,0.6349999904632568,99.66999816894533,8253.7998046875,30.260000228881836,2470.5,0.05,0.91
2020-04-03,38.790000915527344,3007540.0,1633.699951171875,77.13999938964844,14.435999870300291,46.79999923706055,0.5870000123977661,100.58000183105467,8083.7998046875,31.850000381469727,2488.64990234375,0.05,1.08
2020-04-07,39.66999816894531,5852867.0,1664.800048828125,75.96489715576172,15.42199993133545,46.70000076293945,0.7360000014305115,99.9800033569336,8792.2001953125,34.27000045776367,2659.409912109375,0.05,1.17
2020-04-08,39.790000915527344,2555063.0,1665.4000244140625,76.66000366210938,15.147000312805176,43.349998474121094,0.7639999985694885,100.12000274658205,8748.75,29.979999542236328,2749.97998046875,0.05,1.19
2020-04-09,40.790000915527344,4632820.0,1736.199951171875,75.95899963378906,15.994999885559082,41.66999816894531,0.7289999723434448,99.5199966430664,9111.900390625,27.59000015258789,2789.820068359375,0.05,1.23
2020-04-13,42.4900016784668,14075705.0,1744.800048828125,76.16649627685547,15.479000091552734,41.16999816894531,0.7490000128746033,99.3499984741211,8993.849609375,28.40999984741211,2761.6298828125,0.05,1.26
2020-04-15,42.66999816894531,14911018.0,1727.199951171875,75.93099975585938,15.446999549865724,40.84000015258789,0.6380000114440918,99.45999908447266,8925.2998046875,27.38999938964844,2783.360107421875,0.05,1.19
2020-04-16,43.2599983215332,6369582.0,1720.4000244140625,77.2125015258789,15.564000129699709,40.11000061035156,0.609000027179718,100.02999877929688,8992.7998046875,27.739999771118164,2799.550048828125,0.05,1.03
2020-04-17,42.470001220703125,7653079.0,1689.199951171875,77.56999969482422,15.237000465393066,38.150001525878906,0.6539999842643738,99.77999877929688,9266.75,26.959999084472656,2874.56005859375,0.05,1.01
2020-04-20,41.54999923706055,8873604.0,1701.5999755859375,76.55999755859375,15.555999755859377,43.83000183105469,0.6259999871253967,99.95999908447266,9261.849609375,28.010000228881836,2823.159912109375,0.05,0.94
2020-04-21,42.04999923706055,10579322.0,1678.199951171875,77.20999908447266,14.817999839782717,45.40999984741211,0.5709999799728394,100.26000213623048,8981.4501953125,30.6200008392334,2736.56005859375,0.05,0.96
2020-04-22,42.61000061035156,12788706.0,1728.699951171875,76.96939849853516,15.277000427246094,41.97999954223633,0.6190000176429749,100.38999938964844,9187.2998046875,30.440000534057617,2799.31005859375,0.05,1.06
2020-04-23,42.61000061035156,8551819.0,1733.300048828125,76.4000015258789,15.347999572753906,41.380001068115234,0.6129999756813049,100.43000030517578,9313.900390625,30.25,2797.800048828125,0.05,1.05
2020-04-24,42.689998626708984,10678444.0,1723.5,76.42250061035156,15.253999710083008,35.93000030517578,0.5960000157356262,100.37999725341795,9154.400390625,29.219999313354492,2836.739990234375,0.05,1.11
2020-04-27,42.560001373291016,9709362.0,1711.9000244140625,76.27149963378906,15.201000213623049,33.290000915527344,0.656000018119812,100.04000091552734,9282.2998046875,26.75,2878.47998046875,0.05,1.17
2020-04-28,42.68000030517578,8072517.0,1710.5,76.1863021850586,15.161999702453612,33.56999969482422,0.6100000143051147,99.87000274658205,9380.900390625,24.43000030517578,2863.389892578125,0.05,1.14
2020-04-29,42.369998931884766,9462485.0,1703.4000244140625,76.46499633789062,15.15999984741211,31.229999542236328,0.6269999742507935,99.56999969482422,9553.349609375,24.15999984741211,2939.510009765625,0.05,1.14
2020-04-30,42.56999969482422,8171964.0,1684.199951171875,75.25849914550781,14.89799976348877,34.150001525878906,0.621999979019165,99.0199966430664,9859.900390625,24.239999771118164,2912.429931640625,0.05,1.07
2020-05-04,42.72999954223633,11703023.0,1706.9000244140625,75.60050201416016,14.722000122070312,35.970001220703125,0.6370000243186951,99.4800033569336,9293.5,23.68000030517578,2842.739990234375,0.05,1.07
2020-05-05,41.540000915527344,18040087.0,1704.4000244140625,75.8499984741211,15.057000160217283,33.61000061035156,0.6570000052452087,99.70999908447266,9205.599609375,24.969999313354492,2868.43994140625,0.05,1.1
2020-05-06,41.36000061035156,8367423.0,1684.199951171875,76.16999816894531,14.987000465393066,34.119998931884766,0.7110000252723694,100.08999633789062,9270.900390625,24.469999313354492,2848.419921875,0.05,1.1
2020-05-07,41.060001373291016,5742999.0,1721.800048828125,76.15129852294922,15.562000274658203,31.440000534057617,0.6309999823570251,99.88999938964844,9199.0498046875,26.149999618530273,2881.18994140625,0.05,1.08
2020-05-08,41.5099983215332,7390061.0,1709.9000244140625,76.08000183105469,15.739999771118164,27.979999542236328,0.6819999814033508,99.7300033569336,9251.5,24.88999938964844,2929.800048828125,0.05,1.12
2020-05-11,41.16999816894531,3811118.0,1695.300048828125,75.5250015258789,15.63599967956543,27.56999969482422,0.7260000109672546,100.23999786376952,9239.2001953125,23.549999237060547,2930.18994140625,0.05,1.13
2020-05-12,41.2400016784668,5082199.0,1704.4000244140625,76.30999755859375,15.687000274658203,33.040000915527344,0.6779999732971191,99.93000030517578,9196.5498046875,22.450000762939453,2870.1201171875,0.05,1.09
2020-05-13,40.970001220703125,5547979.0,1713.9000244140625,75.68000030517578,15.663000106811523,35.279998779296875,0.6489999890327454,100.23999786376952,9383.5498046875,22.709999084472656,2820.0,0.05,1.07
2020-05-14,41.4900016784668,4380966.0,1738.0999755859375,75.42620086669922,16.13599967956543,32.61000061035156,0.6190000176429749,100.47000122070312,9142.75,24.149999618530273,2852.5,0.05,1.06
2020-05-15,41.79999923706055,8820023.0,1753.4000244140625,75.48500061035156,17.04599952697754,31.88999938964844,0.6399999856948853,100.4000015258789,9136.849609375,23.6299991607666,2863.699951171875,0.05,1.09
2020-05-18,42.540000915527344,9740587.0,1731.800048828125,75.81999969482422,17.464000701904297,29.299999237060547,0.7440000176429749,99.66999816894533,8823.25,22.809999465942383,2953.909912109375,0.05,1.17
2020-05-19,41.369998931884766,12342885.0,1744.199951171875,75.60009765625,17.892000198364258,30.530000686645508,0.7110000252723694,99.37000274658205,8879.099609375,21.329999923706055,2922.93994140625,0.05,1.15
2020-05-20,41.880001068115234,5203224.0,1750.5999755859375,76.0,18.00200080871582,27.989999771118164,0.6800000071525574,99.12000274658205,9066.5498046875,20.1200008392334,2971.610107421875,0.05,1.16
2020-05-21,41.43000030517578,4088417.0,1720.5,75.77999877929688,17.334999084472656,29.530000686645508,0.6769999861717224,99.37000274658205,9106.25,19.739999771118164,2948.510009765625,0.05,1.14
2020-05-22,41.650001525878906,5020238.0,1734.5999755859375,75.625,17.663999557495117,28.15999984741211,0.6570000052452087,99.86000061035156,9039.25,18.950000762939453,2955.449951171875,0.05,1.12
2020-05-26,41.20000076293945,4392509.0,1704.800048828125,76.11000061035156,17.565000534057617,28.010000228881836,0.6980000138282776,98.91000366210938,9029.0498046875,18.56999969482422,2991.77001953125,0.05,1.13
2020-05-27,40.650001525878906,4750842.0,1710.300048828125,75.81999969482422,17.68600082397461,27.6200008392334,0.6800000071525574,99.05999755859376,9314.9501953125,18.510000228881836,3036.1298828125,0.05,1.14
2020-05-28,41.189998626708984,3871821.0,1713.300048828125,76.12999725341797,17.895000457763672,28.59000015258789,0.7049999833106995,98.37999725341795,9490.099609375,18.100000381469727,3029.72998046875,0.05,1.18
2020-05-29,40.9900016784668,3922287.0,1751.699951171875,75.95999908447266,18.440000534057617,27.510000228881836,0.6480000019073486,98.33999633789062,9580.2998046875,18.149999618530273,3044.31005859375,0.05,1.15
2020-06-01,41.209999084472656,3418850.0,1750.300048828125,75.51319885253906,18.76799964904785,28.229999542236328,0.6620000004768372,97.83000183105467,9826.150390625,18.059999465942383,3055.72998046875,0.08,1.18
2020-06-02,41.18000030517578,2170976.0,1734.0,75.7300033569336,18.207000732421875,26.84000015258789,0.6800000071525574,97.66999816894533,9979.099609375,18.100000381469727,3080.820068359375,0.08,1.18
2020-06-03,40.880001068115234,4911477.0,1704.800048828125,75.06580352783203,17.92099952697754,25.65999984741211,0.7609999775886536,97.27999877929688,10061.5498046875,18.469999313354492,3122.8701171875,0.08,1.21
2020-06-04,40.810001373291016,3356069.0,1727.4000244140625,75.54499816894531,18.02400016784668,25.809999465942383,0.8199999928474426,96.68000030517578,10029.099609375,18.049999237060547,3112.35009765625,0.08,1.22
2020-06-05,41.189998626708984,6175913.0,1683.0,75.49089813232422,17.44300079345703,24.520000457763672,0.9039999842643738,96.94000244140624,10142.150390625,18.170000076293945,3193.929931640625,0.08,1.27
2020-06-08,40.650001525878906,4777835.0,1705.0999755859375,75.5177001953125,17.868000030517578,25.809999465942383,0.8840000033378601,96.62000274658205,10167.4501953125,17.940000534057617,3232.389892578125,0.08,1.28
2020-06-09,41.0,3136127.0,1721.9000244140625,75.625,17.77400016784668,27.56999969482422,0.8289999961853027,96.31999969482422,10046.650390625,19.0,3207.179931640625,0.08,1.26
2020-06-10,41.209999084472656,2834185.0,1720.699951171875,75.50980377197266,17.775999069213867,27.56999969482422,0.7480000257492065,95.95999908447266,10116.150390625,20.75,3190.139892578125,0.08,1.27
2020-06-11,41.72999954223633,3837691.0,1739.800048828125,75.875,17.868999481201172,40.790000915527344,0.652999997138977,96.7300033569336,9902.0,23.040000915527344,3002.10009765625,0.08,1.21
2020-06-12,41.79999923706055,4973091.0,1737.300048828125,76.38999938964844,17.461999893188477,36.09000015258789,0.6990000009536743,97.31999969482422,9972.900390625,20.38999938964844,3041.31005859375,0.08,1.21
2020-06-15,41.40999984741211,4984858.0,1727.199951171875,75.95680236816406,17.378999710083008,34.400001525878906,0.7020000219345093,96.68000030517578,9813.7001953125,20.11000061035156,3066.590087890625,0.08,1.23
2020-06-16,41.849998474121094,4033697.0,1736.5,75.97799682617188,17.631999969482422,33.66999816894531,0.7559999823570251,96.95999908447266,9914.0,19.290000915527344,3124.739990234375,0.08,1.27
2020-06-17,41.650001525878906,2610533.0,1735.5999755859375,76.65499877929688,17.756999969482422,33.470001220703125,0.7329999804496765,97.16000366210938,9881.150390625,18.8799991607666,3113.489990234375,0.08,1.26
2020-06-18,41.84000015258789,1965875.0,1731.0999755859375,76.55000305175781,17.493000030517578,32.939998626708984,0.6940000057220459,97.41999816894533,10091.650390625,18.309999465942383,3115.340087890625,0.08,1.28
2020-06-19,41.7400016784668,2827909.0,1753.0,76.40039825439453,17.832000732421875,35.119998931884766,0.6970000267028809,97.62000274658205,10244.400390625,18.270000457763672,3097.739990234375,0.08,1.3
2020-06-22,42.290000915527344,2700068.0,1766.4000244140625,76.2520980834961,17.886999130249023,31.770000457763672,0.7039999961853027,97.04000091552734,10311.2001953125,19.549999237060547,3117.860107421875,0.08,1.34
2020-06-23,42.220001220703125,3277348.0,1782.0,75.78980255126953,18.051000595092773,31.3700008392334,0.7089999914169312,96.69000244140624,10471.0,20.510000228881836,3131.2900390625,0.08,1.38
2020-06-24,42.70000076293945,3645433.0,1775.0999755859375,75.60780334472656,17.658000946044922,33.84000015258789,0.6840000152587891,97.1500015258789,10305.2998046875,20.010000228881836,3050.330078125,0.08,1.33
2020-06-25,42.310001373291016,4227768.0,1770.5999755859375,75.97000122070312,17.882999420166016,32.220001220703125,0.6740000247955322,97.43000030517578,10288.900390625,19.729999542236328,3083.760009765625,0.08,1.33
2020-06-26,42.33000183105469,3155433.0,1780.300048828125,75.53980255126953,18.02300071716309,34.72999954223633,0.6359999775886536,97.5,10383.0,20.520000457763672,3009.050048828125,0.08,1.32
2020-06-29,42.4900016784668,4710173.0,1781.199951171875,75.61979675292969,17.979999542236328,31.780000686645508,0.6359999775886536,97.54000091552734,10312.400390625,19.260000228881836,3053.239990234375,0.08,1.34
2020-06-30,42.61000061035156,4643078.0,1800.5,75.69999694824219,18.541000366210938,30.43000030517578,0.652999997138977,97.38999938964844,10302.099609375,19.649999618530273,3100.2900390625,0.08,1.34
2020-07-01,43.0,5122878.0,1779.9000244140625,75.75,18.132999420166016,28.6200008392334,0.6819999814033508,97.1999969482422,10430.0498046875,18.850000381469727,3115.860107421875,0.09,1.37
2020-07-02,42.2400016784668,9372143.0,1790.0,75.45490264892578,18.243999481201172,27.68000030517578,0.6690000295639038,97.31999969482422,10551.7001953125,17.700000762939453,3130.010009765625,0.09,1.41
2020-07-03,42.20000076293945,5033262.0,1790.0,74.72100067138672,18.243999481201172,27.68000030517578,0.6690000295639038,97.31999969482422,10607.349609375,17.700000762939453,3130.010009765625,0.09,1.41
2020-07-06,42.27000045776367,4200837.0,1793.5,74.6792984008789,18.503999710083008,27.940000534057617,0.6840000152587891,96.79000091552734,10763.650390625,17.420000076293945,3179.719970703125,0.09,1.45
2020-07-07,42.41999816894531,4575743.0,1809.9000244140625,74.60759735107422,18.628000259399418,29.43000030517578,0.6499999761581421,96.87999725341795,10799.650390625,17.3700008392334,3145.320068359375,0.09,1.43
2020-07-08,43.0099983215332,3921852.0,1820.5999755859375,75.125,19.08099937438965,28.079999923706055,0.652999997138977,96.43000030517578,10705.75,17.739999771118164,3169.93994140625,0.09,1.42
2020-07-09,43.33000183105469,8012371.0,1803.800048828125,74.93990325927734,18.881999969482425,29.260000228881836,0.6050000190734863,96.6999969482422,10813.4501953125,17.389999389648438,3152.050048828125,0.09,1.39
2020-07-10,43.20000076293945,5042313.0,1801.9000244140625,75.33999633789062,18.982999801635746,27.290000915527344,0.6330000162124634,96.6500015258789,10768.0498046875,16.639999389648438,3185.0400390625,0.09,1.41
2020-07-13,43.2599983215332,6116073.0,1814.0999755859375,75.15850067138672,19.708999633789062,32.189998626708984,0.6399999856948853,96.45999908447266,10802.7001953125,16.530000686645508,3155.219970703125,0.09,1.42
2020-07-14,43.119998931884766,4056093.0,1813.4000244140625,75.44999694824219,19.451000213623047,29.520000457763672,0.6150000095367432,96.26000213623048,10607.349609375,16.0,3197.52001953125,0.09,1.41
2020-07-15,43.220001220703125,4185282.0,1813.800048828125,75.57499694824219,19.684999465942383,27.760000228881836,0.6299999952316284,96.08000183105467,10618.2001953125,15.359999656677246,3226.56005859375,0.09,1.41
2020-07-16,43.119998931884766,2666756.0,1800.300048828125,75.1249008178711,19.496999740600582,28.0,0.6119999885559082,96.3499984741211,10739.9501953125,15.369999885559082,3215.570068359375,0.09,1.41
2020-07-17,42.880001068115234,2576273.0,1810.0,75.17449951171875,19.684999465942383,25.68000030517578,0.628000020980835,95.94000244140624,10901.7001953125,15.09000015258789,3224.72998046875,0.09,1.46
2020-07-20,43.06999969482422,3563045.0,1817.4000244140625,74.89730072021484,20.124000549316406,24.459999084472656,0.6200000047683716,95.83000183105467,11022.2001953125,15.300000190734863,3251.840087890625,0.09,1.46
2020-07-21,43.2599983215332,4043974.0,1843.9000244140625,74.98999786376953,21.496999740600582,24.84000015258789,0.6069999933242798,95.12000274658205,11162.25,16.670000076293945,3257.300048828125,0.09,1.48
2020-07-22,43.880001068115234,6064181.0,1865.0999755859375,74.7699966430664,23.08300018310547,24.31999969482422,0.5950000286102295,94.97000122070312,11132.599609375,22.450000762939453,3276.02001953125,0.09,1.48
2020-07-23,44.5,7020665.0,1890.0,74.81999969482422,22.94499969482422,26.079999923706055,0.5820000171661377,94.69000244140624,11215.4501953125,21.989999771118164,3235.659912109375,0.09,1.49
2020-07-24,44.91999816894531,5814893.0,1897.5,74.80729675292969,22.808000564575195,25.84000015258789,0.5889999866485596,94.44000244140624,11194.150390625,21.61000061035156,3215.6298828125,0.09,1.51
2020-07-27,46.45000076293945,12586380.0,1931.0,74.75980377197266,24.47599983215332,24.739999771118164,0.609000027179718,93.66999816894533,11131.7998046875,25.520000457763672,3239.409912109375,0.09,1.52
2020-07-28,46.0099983215332,13068766.0,1944.5999755859375,75.0,24.266000747680664,25.440000534057617,0.5809999704360962,93.76000213623048,11300.5498046875,28.959999084472656,3218.43994140625,0.09,1.51
2020-07-29,46.52000045776367,10039533.0,1953.4000244140625,75.08999633789062,24.292999267578125,24.100000381469727,0.5789999961853027,93.26000213623048,11202.849609375,26.790000915527344,3258.43994140625,0.09,1.53
2020-07-30,46.54999923706055,9145840.0,1942.300048828125,74.8311996459961,23.34000015258789,24.760000228881836,0.5410000085830688,93.0199966430664,11102.150390625,24.1299991607666,3246.219970703125,0.09,1.52
2020-07-31,47.13999938964844,10546068.0,1962.800048828125,74.98999786376953,24.18899917602539,24.459999084472656,0.5360000133514404,93.48999786376952,11073.4501953125,24.459999084472656,3271.1201171875,0.09,1.55
2020-08-03,47.290000915527344,9004685.0,1966.0,74.91780090332031,24.38999938964844,24.280000686645508,0.5630000233650208,93.5,10891.599609375,23.559999465942383,3294.610107421875,0.1,1.58
2020-08-04,47.2599983215332,7100222.0,2021.0,75.33000183105469,26.011999130249023,23.760000228881836,0.5149999856948853,93.37999725341795,11095.25,26.299999237060547,3306.510009765625,0.1,1.57
2020-08-05,48.5099983215332,13044772.0,2049.300048828125,75.25,26.87700080871582,22.989999771118164,0.5429999828338623,92.83000183105467,11101.650390625,25.690000534057617,3327.77001953125,0.1,1.61
2020-08-06,48.900001525878906,13141425.0,2069.39990234375,74.8822021484375,28.386999130249023,22.649999618530273,0.5360000133514404,92.79000091552734,11200.150390625,27.36000061035156,3349.159912109375,0.1,1.63
2020-08-07,49.16999816894531,13869052.0,2028.0,74.8998031616211,27.53300094604492,22.209999084472656,0.5619999766349792,93.44000244140624,11214.0498046875,26.219999313354492,3351.280029296875,0.1,1.61
2020-08-10,48.400001525878906,8048968.0,2039.699951171875,75.0248031616211,29.249000549316406,22.1299991607666,0.5740000009536743,93.58000183105467,11270.150390625,23.88999938964844,3360.469970703125,0.1,1.61
2020-08-11,47.29999923706055,10757180.0,1946.300048828125,75.0999984741211,26.03700065612793,24.030000686645508,0.6579999923706055,93.62999725341795,11322.5,27.479999542236328,3333.68994140625,0.1,1.63
2020-08-12,45.68000030517578,24729976.0,1949.0,74.9000015258789,25.954999923706055,22.280000686645508,0.6700000166893005,93.44000244140624,11308.400390625,25.850000381469727,3380.35009765625,0.1,1.67
2020-08-13,45.9900016784668,5994190.0,1970.4000244140625,74.77210235595703,27.694000244140625,22.1299991607666,0.7160000205039978,93.33999633789062,11300.4501953125,25.81999969482422,3373.429931640625,0.1,1.67
2020-08-14,46.31999969482422,9799980.0,1949.800048828125,75.02999877929688,26.065000534057617,22.049999237060547,0.7089999914169312,93.0999984741211,11178.400390625,23.530000686645508,3372.85009765625,0.1,1.65
2020-08-17,46.150001525878906,5561159.0,1998.699951171875,74.90280151367188,27.64299964904785,21.350000381469727,0.6830000281333923,92.8499984741211,11247.099609375,26.350000381469727,3381.989990234375,0.1,1.66
2020-08-18,47.310001373291016,5533905.0,2013.0999755859375,75.0,28.048999786376953,21.510000228881836,0.6690000295639038,92.2699966430664,11385.349609375,26.459999084472656,3389.780029296875,0.1,1.68
2020-08-19,46.880001068115234,8588663.0,1970.300048828125,74.79499816894531,27.315000534057617,22.540000915527344,0.675000011920929,92.88999938964844,11408.400390625,28.149999618530273,3374.85009765625,0.1,1.67
2020-08-20,45.68000030517578,9339545.0,1946.5,74.966796875,27.121999740600582,22.719999313354492,0.6439999938011169,92.79000091552734,11312.2001953125,25.90999984741211,3385.510009765625,0.1,1.62
2020-08-21,45.720001220703125,4681163.0,1947.0,74.9999008178711,26.707000732421875,22.540000915527344,0.6399999856948853,93.25,11371.599609375,25.959999084472656,3397.159912109375,0.1,1.64
2020-08-24,45.5,6267983.0,1939.199951171875,74.92179870605469,26.58799934387207,22.3700008392334,0.6460000276565552,93.3000030517578,11466.4501953125,23.86000061035156,3431.280029296875,0.1,1.67
2020-08-25,44.93000030517578,5565496.0,1923.0999755859375,74.4000015258789,26.253999710083008,22.030000686645508,0.6819999814033508,93.0199966430664,11472.25,22.760000228881836,3443.6201171875,0.1,1.7
2020-08-26,44.79999923706055,4307525.0,1952.5,74.45249938964844,27.43000030517578,23.270000457763672,0.6869999766349792,93.01000213623048,11549.599609375,24.790000915527344,3478.72998046875,0.1,1.72
2020-08-27,45.04999923706055,4856293.0,1932.5999755859375,74.24009704589844,27.010000228881836,24.469999313354492,0.7459999918937683,93.01000213623048,11559.25,23.079999923706055,3484.550048828125,0.1,1.73
2020-08-28,45.099998474121094,5272331.0,1974.9000244140625,73.77449798583984,27.61000061035156,22.959999084472656,0.7289999723434448,92.37000274658205,11647.599609375,23.190000534057617,3508.010009765625,0.1,1.77
2020-08-31,45.34000015258789,6393016.0,1978.5999755859375,73.12830352783203,28.437000274658203,26.40999984741211,0.6930000185966492,92.13999938964844,11387.5,24.31999969482422,3500.31005859375,0.1,1.8
2020-09-01,45.459999084472656,3643259.0,1978.9000244140625,73.66999816894531,28.486000061035156,26.1200008392334,0.671999990940094,92.33999633789062,11470.25,23.0,3526.64990234375,0.09,1.76
2020-09-02,45.0,8118495.0,1944.699951171875,73.2699966430664,27.249000549316406,26.56999969482422,0.6510000228881836,92.8499984741211,11535.0,23.56999969482422,3580.840087890625,0.09,1.73
2020-09-03,44.439998626708984,6577335.0,1937.800048828125,73.24849700927734,26.73500061035156,33.599998474121094,0.621999979019165,92.73999786376952,11527.4501953125,23.68000030517578,3455.06005859375,0.09,1.65
2020-09-04,44.720001220703125,5851028.0,1934.300048828125,73.4478988647461,26.576000213623047,30.75,0.7210000157356262,92.72000122070312,11333.849609375,21.979999542236328,3426.9599609375,0.09,1.7
2020-09-07,44.75,3982936.0,1934.300048828125,73.29029846191406,26.576000213623047,30.75,0.7210000157356262,92.72000122070312,11355.0498046875,21.979999542236328,3426.9599609375,0.09,1.7
2020-09-08,44.81999969482422,3822328.0,1943.199951171875,73.6500015258789,26.86400032043457,31.459999084472656,0.6840000152587891,93.4800033569336,11317.349609375,22.489999771118164,3331.840087890625,0.09,1.68
2020-09-09,44.939998626708984,5055324.0,1954.9000244140625,73.78679656982422,26.954999923706055,28.809999465942383,0.703000009059906,93.26000213623048,11278.0,21.65999984741211,3398.9599609375,0.09,1.71
2020-09-10,45.220001220703125,4369712.0,1964.300048828125,73.55000305175781,27.163000106811523,29.709999084472656,0.6850000023841858,93.33999633789062,11449.25,21.260000228881836,3339.18994140625,0.09,1.69
2020-09-11,45.16999816894531,3962996.0,1947.9000244140625,73.52729797363281,26.73900032043457,26.8700008392334,0.6690000295639038,93.33000183105467,11464.4501953125,20.200000762939453,3340.969970703125,0.09,1.65
2020-09-14,45.029998779296875,4020075.0,1963.699951171875,73.47859954833984,27.229000091552734,25.850000381469727,0.6710000038146973,93.06999969482422,11440.0498046875,20.90999984741211,3383.5400390625,0.09,1.65
2020-09-15,45.560001373291016,2858344.0,1966.199951171875,73.61499786376953,27.34600067138672,25.59000015258789,0.6790000200271606,93.0500030517578,11521.7998046875,20.31999969482422,3401.199951171875,0.09,1.67
2020-09-16,45.380001068115234,3333331.0,1970.5,73.80000305175781,27.354999542236328,26.040000915527344,0.6869999766349792,93.20999908447266,11604.5498046875,20.079999923706055,3385.489990234375,0.09,1.68
2020-09-17,44.97999954223633,2308252.0,1949.9000244140625,73.55069732666016,26.98500061035156,26.459999084472656,0.6840000152587891,92.97000122070312,11516.099609375,19.950000762939453,3357.010009765625,0.09,1.66
2020-09-18,45.31999969482422,3443941.0,1962.0999755859375,73.58360290527344,27.027999877929688,25.829999923706055,0.6940000057220459,92.93000030517578,11504.9501953125,20.219999313354492,3319.469970703125,0.09,1.67
2020-09-21,45.0,4295068.0,1910.5999755859375,73.53479766845703,24.298999786376953,27.780000686645508,0.6710000038146973,93.54000091552734,11250.5498046875,21.600000381469727,3281.06005859375,0.09,1.62
2020-09-22,44.2599983215332,7158365.0,1907.5999755859375,73.57980346679688,24.441999435424805,26.86000061035156,0.6639999747276306,93.98999786376952,11153.650390625,21.6299991607666,3315.570068359375,0.09,1.62
2020-09-23,43.97999954223633,6836271.0,1868.4000244140625,73.50299835205078,23.013999938964844,28.579999923706055,0.6759999990463257,94.38999938964844,11131.849609375,23.43000030517578,3236.919921875,0.09,1.6
2020-09-24,43.36000061035156,5425456.0,1876.9000244140625,73.77839660644531,23.118000030517575,28.510000228881836,0.6660000085830688,94.3499984741211,10805.5498046875,23.40999984741211,3246.590087890625,0.09,1.58
2020-09-25,43.619998931884766,5203699.0,1866.300048828125,73.68240356445312,23.017000198364254,26.3799991607666,0.6589999794960022,94.58000183105467,11050.25,22.09000015258789,3298.4599609375,0.09,1.58
2020-09-28,43.310001373291016,3906194.0,1882.300048828125,73.69930267333984,23.527999877929688,26.190000534057617,0.6629999876022339,94.26000213623048,11227.5498046875,22.010000228881836,3351.60009765625,0.09,1.61
2020-09-29,44.150001525878906,3979664.0,1903.199951171875,73.9749984741211,24.3799991607666,26.270000457763672,0.6449999809265137,93.88999938964844,11222.400390625,23.280000686645508,3335.469970703125,0.09,1.64
2020-09-30,44.18000030517578,5802994.0,1895.5,73.84500122070312,23.433000564575195,26.3700008392334,0.6769999861717224,93.88999938964844,11247.5498046875,22.06999969482422,3363.0,0.09,1.63
2020-10-01,44.099998474121094,4381951.0,1916.300048828125,73.70500183105469,24.19300079345703,26.700000762939453,0.6769999861717224,93.70999908447266,11416.9501953125,22.38999938964844,3380.800048828125,0.09,1.63
2020-10-05,44.18000030517578,4960687.0,1920.0999755859375,73.32240295410156,24.50200080871582,27.959999084472656,0.7620000243186951,93.51000213623048,11503.349609375,22.1299991607666,3408.60009765625,0.09,1.68
2020-10-06,44.61000061035156,2970842.0,1908.800048828125,73.1082992553711,23.8700008392334,29.479999542236328,0.7419999837875366,93.83000183105467,11662.400390625,22.790000915527344,3360.969970703125,0.09,1.66
2020-10-07,43.95000076293945,4934680.0,1890.800048828125,73.81500244140625,23.847999572753903,28.059999465942383,0.7850000262260437,93.62999725341795,11738.849609375,23.280000686645508,3419.43994140625,0.09,1.71
2020-10-08,44.0,1594669.0,1895.0999755859375,73.5425033569336,23.836999893188477,26.36000061035156,0.7649999856948853,93.61000061035156,11834.599609375,21.959999084472656,3446.830078125,0.09,1.72
2020-10-09,44.400001525878906,1980716.0,1926.199951171875,73.28050231933594,25.069000244140625,25.0,0.7749999761581421,93.05999755859376,11914.2001953125,22.440000534057617,3477.139892578125,0.09,1.73
2020-10-12,44.790000915527344,3312196.0,1928.9000244140625,73.01480102539062,25.22599983215332,25.06999969482422,0.7770000100135803,93.06999969482422,11930.9501953125,22.65999984741211,3534.219970703125,0.09,1.73
2020-10-13,44.720001220703125,3094599.0,1894.5999755859375,73.35079956054688,24.086000442504883,26.06999969482422,0.7269999980926514,93.52999877929688,11934.5,23.170000076293945,3511.929931640625,0.09,1.7
2020-10-14,44.150001525878906,2952255.0,1907.300048828125,73.62000274658203,24.36400032043457,26.399999618530273,0.722000002861023,93.37999725341795,11971.0498046875,21.8799991607666,3488.669921875,0.09,1.69
2020-10-15,44.29999923706055,3026256.0,1908.9000244140625,73.29620361328125,24.19300079345703,26.969999313354492,0.7310000061988831,93.86000061035156,11680.349609375,21.729999542236328,3483.340087890625,0.09,1.69
2020-10-16,44.4900016784668,2096785.0,1906.4000244140625,73.37100219726562,24.368999481201172,27.40999984741211,0.7440000176429749,93.68000030517578,11762.4501953125,20.290000915527344,3483.81005859375,0.09,1.71
2020-10-19,44.52000045776367,2453501.0,1911.699951171875,73.44380187988281,24.656999588012695,29.18000030517578,0.7609999775886536,93.43000030517578,11873.0498046875,21.329999923706055,3426.919921875,0.09,1.71
2020-10-20,44.439998626708984,2818985.0,1915.4000244140625,73.57499694824219,24.937000274658203,29.350000381469727,0.796999990940094,93.06999969482422,11896.7998046875,21.540000915527344,3443.1201171875,0.09,1.72
2020-10-21,44.790000915527344,2445966.0,1929.5,73.64749908447266,25.19700050354004,28.649999618530273,0.8159999847412109,92.61000061035156,11937.650390625,22.65999984741211,3435.56005859375,0.09,1.74
2020-10-22,44.790000915527344,1835410.0,1904.5999755859375,73.6812973022461,24.665000915527344,28.11000061035156,0.8479999899864197,92.9499969482422,11896.4501953125,21.3799991607666,3453.489990234375,0.09,1.76
2020-10-23,44.650001525878906,2500476.0,1905.199951171875,73.72000122070312,24.62700080871582,27.549999237060547,0.8410000205039978,92.7699966430664,11930.349609375,21.040000915527344,3465.389892578125,0.09,1.75
2020-10-26,44.54999923706055,2261156.0,1905.699951171875,73.8228988647461,24.375999450683594,32.459999084472656,0.8009999990463257,93.0500030517578,11767.75,20.93000030517578,3400.969970703125,0.09,1.72
2020-10-27,44.52000045776367,1832090.0,1911.9000244140625,73.94850158691406,24.525999069213867,33.349998474121094,0.777999997138977,92.94000244140624,11889.400390625,20.40999984741211,3390.679931640625,0.09,1.71
2020-10-28,44.61000061035156,2206030.0,1879.199951171875,73.80500030517578,23.323999404907227,40.279998779296875,0.781000018119812,93.41000366210938,11729.599609375,21.93000030517578,3271.030029296875,0.09,1.7
2020-10-29,44.349998474121094,4175962.0,1868.0,74.44000244140625,23.339000701904297,37.59000015258789,0.8349999785423279,93.95999908447266,11670.7998046875,21.899999618530273,3310.110107421875,0.09,1.71
2020-10-30,44.31999969482422,1912076.0,1879.9000244140625,74.26399993896484,23.617000579833984,38.02000045776367,0.8600000143051147,94.04000091552734,11642.400390625,23.260000228881836,3269.9599609375,0.09,1.7
2020-11-02,44.619998931884766,2848516.0,1892.5,74.55049896240234,24.006000518798828,37.130001068115234,0.8489999771118164,94.0500030517578,11669.150390625,23.739999771118164,3310.239990234375,0.09,1.71
2020-11-03,44.79999923706055,5326172.0,1910.4000244140625,74.45680236816406,24.30500030517578,35.54999923706055,0.8820000290870667,93.5500030517578,11813.5,23.31999969482422,3369.159912109375,0.09,1.72
2020-11-04,44.84000015258789,4364365.0,1896.199951171875,74.65560150146484,23.86400032043457,29.56999969482422,0.7680000066757202,93.41000366210938,11908.5,20.489999771118164,3443.43994140625,0.09,1.64
2020-11-05,44.91999816894531,2819171.0,1946.800048828125,74.37999725341797,25.17099952697754,27.579999923706055,0.7760000228881836,92.52999877929688,12120.2998046875,22.0,3510.449951171875,0.09,1.66
2020-11-06,45.61000061035156,3202288.0,1951.699951171875,74.12000274658203,25.645999908447266,24.86000061035156,0.8199999928474426,92.2300033569336,12263.5498046875,21.100000381469727,3509.43994140625,0.09,1.65
2020-11-09,45.83000183105469,3518485.0,1854.4000244140625,73.97979736328125,23.684999465942383,25.75,0.9580000042915344,92.7300033569336,12461.0498046875,21.86000061035156,3550.5,0.09,1.73
2020-11-10,43.97999954223633,11794287.0,1876.4000244140625,73.95320129394531,24.445999145507812,24.799999237060547,0.972000002861023,92.75,12631.099609375,20.459999084472656,3545.530029296875,0.09,1.76
2020-11-11,44.20000076293945,3524110.0,1861.5999755859375,74.28160095214844,24.250999450683594,23.450000762939453,0.9580000042915344,93.04000091552734,12749.150390625,19.13999938964844,3572.659912109375,0.09,1.76
2020-11-12,44.2599983215332,3078130.0,1873.300048828125,74.56999969482422,24.290000915527344,25.350000381469727,0.8849999904632568,92.95999908447266,12690.7998046875,18.979999542236328,3537.010009765625,0.09,1.71
2020-11-13,44.34000015258789,4466594.0,1886.199951171875,74.86499786376953,24.75900077819824,23.100000381469727,0.8930000066757202,92.76000213623048,12719.9501953125,17.739999771118164,3585.14990234375,0.09,1.72
2020-11-14,44.709999084472656,2313625.0,1886.199951171875,74.86499786376953,24.75900077819824,23.100000381469727,0.8930000066757202,92.76000213623048,12719.9501953125,17.739999771118164,3585.14990234375,0.09,1.72
2020-11-17,44.5099983215332,2602544.0,1885.0999755859375,74.41809844970703,24.635000228881836,22.709999084472656,0.871999979019165,92.41999816894533,12874.2001953125,17.540000915527344,3609.530029296875,0.09,1.7
2020-11-18,44.18000030517578,3494778.0,1873.9000244140625,74.47969818115234,24.433000564575195,23.84000015258789,0.8820000290870667,92.31999969482422,12938.25,17.670000076293945,3567.7900390625,0.09,1.7
2020-11-19,43.83000183105469,4572421.0,1861.5,74.41999816894531,24.03300094604492,23.11000061035156,0.8539999723434448,92.29000091552734,12771.7001953125,17.959999084472656,3581.8701171875,0.09,1.7
2020-11-20,43.810001373291016,5091485.0,1872.4000244140625,74.09960174560547,24.347999572753903,23.700000762939453,0.8289999961853027,92.38999938964844,12859.0498046875,17.719999313354492,3557.5400390625,0.09,1.69
2020-11-23,43.880001068115234,3165036.0,1837.800048828125,74.16239929199219,23.624000549316406,22.65999984741211,0.8569999933242798,92.51000213623048,12926.4501953125,18.979999542236328,3577.590087890625,0.09,1.71
2020-11-24,42.779998779296875,8487572.0,1804.5999755859375,74.24490356445312,23.29199981689453,21.63999938964844,0.8820000290870667,92.2300033569336,13055.150390625,20.09000015258789,3635.409912109375,0.09,1.74
2020-11-25,42.68000030517578,5574852.0,1805.5,73.96080017089844,23.356000900268555,21.25,0.878000020980835,91.98999786376952,12858.400390625,19.75,3629.64990234375,0.09,1.75
2020-11-26,42.939998626708984,2563377.0,1805.5,73.77989959716797,23.356000900268555,21.25,0.878000020980835,91.98999786376952,12987.0,19.75,3629.64990234375,0.09,1.75
2020-11-27,42.84000015258789,3683922.0,1781.9000244140625,74.04879760742188,22.55299949645996,20.84000015258789,0.8420000076293945,91.79000091552734,12968.9501953125,19.09000015258789,3638.35009765625,0.09,1.75
2020-12-01,42.290000915527344,5968664.0,1814.0999755859375,74.02519989013672,24.03300094604492,20.770000457763672,0.9340000152587892,91.30999755859376,13109.0498046875,19.61000061035156,3662.449951171875,0.09,1.81
2020-12-02,42.83000183105469,4879683.0,1830.199951171875,73.65499877929688,24.024999618530273,21.170000076293945,0.9480000138282776,91.12000274658205,13113.75,19.420000076293945,3669.010009765625,0.09,1.85
2020-12-03,43.06999969482422,3578183.0,1841.0999755859375,73.66259765625,24.086999893188477,21.280000686645508,0.9200000166893004,90.70999908447266,13133.900390625,19.61000061035156,3666.719970703125,0.09,1.86
2020-12-04,43.060001373291016,3567691.0,1840.0,73.86489868164062,24.20299911499023,20.790000915527344,0.968999981880188,90.6999969482422,13258.5498046875,18.950000762939453,3699.1201171875,0.09,1.89
2020-12-07,42.7599983215332,4737949.0,1866.0,73.79029846191406,24.74099922180176,21.299999237060547,0.9279999732971193,90.79000091552734,13355.75,19.790000915527344,3691.9599609375,0.09,1.88
2020-12-08,43.34000015258789,4706278.0,1874.9000244140625,74.0199966430664,24.68400001525879,20.68000030517578,0.912999987602234,90.97000122070312,13392.9501953125,19.86000061035156,3702.25,0.09,1.89
2020-12-09,43.18000030517578,3956870.0,1838.5,73.72640228271484,23.93000030517578,22.270000457763672,0.9409999847412108,91.08999633789062,13529.099609375,20.260000228881836,3672.820068359375,0.09,1.91
2020-12-10,42.650001525878906,4359914.0,1837.4000244140625,73.93499755859375,24.0310001373291,22.520000457763672,0.9079999923706056,90.79000091552734,13478.2998046875,19.65999984741211,3668.10009765625,0.09,1.88
2020-12-11,42.709999084472656,1898856.0,1843.5999755859375,73.72669982910156,24.031999588012695,23.309999465942383,0.8930000066757202,90.9800033569336,13513.849609375,19.239999771118164,3663.4599609375,0.09,1.87
2020-12-14,42.560001373291016,2268861.0,1832.0999755859375,73.73799896240234,23.98500061035156,24.719999313354492,0.8920000195503235,90.70999908447266,13558.150390625,19.43000030517578,3647.489990234375,0.09,1.88
2020-12-15,42.81999969482422,3368073.0,1855.300048828125,73.86000061035156,24.58099937438965,22.88999938964844,0.9229999780654908,90.47000122070312,13567.849609375,19.75,3694.6201171875,0.09,1.91
2020-12-16,43.33000183105469,2952775.0,1859.0999755859375,73.75980377197266,24.98500061035156,22.5,0.9200000166893004,90.4499969482422,13682.7001953125,19.38999938964844,3701.169921875,0.09,1.92
2020-12-17,43.66999816894531,3768893.0,1890.4000244140625,73.6166000366211,26.100000381469727,21.93000030517578,0.9300000071525574,89.81999969482422,13740.7001953125,20.100000381469727,3722.47998046875,0.09,1.94
2020-12-18,43.72999954223633,4453272.0,1888.9000244140625,73.52980041503906,25.948999404907227,21.56999969482422,0.9480000138282776,90.0199966430664,13760.5498046875,19.579999923706055,3709.409912109375,0.09,1.95
2020-12-21,44.15999984741211,9504211.0,1882.800048828125,73.60359954833984,26.277999877929688,25.15999984741211,0.9409999847412108,90.04000091552734,13328.400390625,19.799999237060547,3694.919921875,0.09,1.95
2020-12-22,43.70000076293945,4000397.0,1870.300048828125,73.935302734375,25.43400001525879,24.229999542236328,0.9179999828338624,90.6500015258789,13466.2998046875,19.5,3687.260009765625,0.09,1.94
2020-12-23,43.58000183105469,3560474.0,1878.0999755859375,74.2699966430664,25.823999404907227,23.309999465942383,0.9549999833106996,90.41000366210938,13601.099609375,18.8700008392334,3690.010009765625,0.09,1.97
2020-12-24,43.72999954223633,3703880.0,1883.199951171875,73.83979797363281,25.81100082397461,21.530000686645508,0.9279999732971193,90.33000183105467,13749.25,18.989999771118164,3703.06005859375,0.09,1.97
2020-12-28,43.849998474121094,4403792.0,1880.4000244140625,73.68900299072266,26.459999084472656,21.700000762939453,0.9330000281333924,90.33999633789062,13873.2001953125,20.200000762939453,3735.360107421875,0.09,1.97
2020-12-29,43.68000030517578,3912949.0,1882.9000244140625,73.5448989868164,26.13800048828125,23.079999923706055,0.9350000023841858,90.01000213623047,13932.599609375,19.530000686645508,3727.0400390625,0.09,1.96
2020-12-30,43.58000183105469,3364504.0,1893.4000244140625,73.45359802246094,26.488000869750977,22.770000457763672,0.9259999990463256,89.62999725341797,13981.9501953125,20.059999465942383,3732.0400390625,0.09,1.96
2020-12-31,43.75,1519545.0,1895.0999755859375,73.13400268554688,26.332000732421875,22.75,0.9169999957084656,89.94000244140625,13981.75,20.790000915527344,3756.070068359375,0.09,1.99
2021-01-01,43.810001373291016,2875668.0,1895.0999755859375,73.08920288085938,26.332000732421875,22.75,0.9169999957084656,89.94000244140625,14018.5,20.790000915527344,3756.070068359375,0.09,1.99
2021-01-04,44.52000045776367,4911333.0,1946.5999755859375,73.09200286865234,27.284000396728516,26.969999313354492,0.9169999957084656,89.87999725341797,14132.900390625,21.86000061035156,3700.64990234375,0.09,2.01
2021-01-05,44.970001220703125,5469238.0,1954.4000244140625,73.31999969482422,27.570999145507812,25.34000015258789,0.9549999833106996,89.44000244140625,14199.5,22.13999938964844,3726.860107421875,0.09,2.03
2021-01-06,45.15999984741211,5091194.0,1908.5999755859375,73.37480163574219,26.972999572753903,25.06999969482422,1.0420000553131104,89.52999877929688,14146.25,21.700000762939453,3748.139892578125,0.09,2.06
2021-01-07,44.40999984741211,9845065.0,1913.5999755859375,73.36000061035156,27.200000762939453,22.3700008392334,1.0709999799728394,89.83000183105469,14137.349609375,20.65999984741211,3803.7900390625,0.09,2.09
2021-01-08,43.83000183105469,8779381.0,1835.4000244140625,73.44599914550781,24.582000732421875,21.559999465942383,1.1050000190734863,90.0999984741211,14347.25,22.15999984741211,3824.679931640625,0.09,2.06
2021-01-11,43.029998779296875,13419826.0,1850.800048828125,73.37339782714844,25.23900032043457,24.079999923706055,1.131999969482422,90.54000091552734,14484.75,20.649999618530273,3799.610107421875,0.09,2.06
2021-01-12,43.22999954223633,3547419.0,1844.199951171875,73.51349639892578,25.38400077819824,23.329999923706055,1.1380000114440918,90.05000305175781,14563.4501953125,20.010000228881836,3801.18994140625,0.09,2.08
2021-01-13,43.06999969482422,3966236.0,1854.9000244140625,73.16500091552734,25.520000457763672,22.209999084472656,1.0880000591278076,90.31999969482422,14564.849609375,18.799999237060547,3809.840087890625,0.09,2.06
2021-01-14,42.70000076293945,9185531.0,1851.4000244140625,73.1698989868164,25.746000289916992,23.25,1.128999948501587,90.23999786376952,14595.599609375,19.209999084472656,3795.5400390625,0.09,2.09
2021-01-15,43.029998779296875,5807562.0,1829.9000244140625,73.08760070800781,24.825000762939453,24.34000015258789,1.097000002861023,90.77999877929688,14433.7001953125,19.040000915527344,3768.25,0.09,2.1
2021-01-18,42.540000915527344,8491065.0,1829.9000244140625,73.15899658203125,24.825000762939453,24.34000015258789,1.097000002861023,90.77999877929688,14281.2998046875,19.040000915527344,3768.25,0.09,2.1
2021-01-19,42.790000915527344,2109996.0,1840.199951171875,73.1886978149414,25.27899932861328,23.239999771118164,1.0920000076293943,90.5,14521.150390625,18.8700008392334,3798.909912109375,0.09,2.1
2021-01-20,42.9900016784668,2558480.0,1866.5,73.19190216064453,25.733999252319336,21.579999923706055,1.090000033378601,90.47000122070312,14644.7001953125,18.950000762939453,3851.85009765625,0.09,2.12
2021-01-21,43.220001220703125,3075733.0,1865.9000244140625,72.91089630126953,25.82200050354004,21.31999969482422,1.1089999675750732,90.12999725341795,14590.349609375,18.850000381469727,3853.070068359375,0.09,2.1
2021-01-22,43.040000915527344,3102034.0,1856.199951171875,72.95490264892578,25.52400016784668,21.90999984741211,1.090999960899353,90.23999786376952,14371.900390625,18.420000076293945,3841.469970703125,0.09,2.09
2021-01-25,42.790000915527344,2358217.0,1855.199951171875,72.99590301513672,25.454999923706055,23.190000534057617,1.0399999618530271,90.38999938964844,14238.900390625,18.510000228881836,3855.360107421875,0.09,2.08
2021-01-27,42.560001373291016,3112304.0,1844.9000244140625,72.91999816894531,25.375999450683594,37.209999084472656,1.0140000581741333,90.6500015258789,13967.5,18.469999313354492,3750.77001953125,0.09,2.08
2021-01-28,42.540000915527344,2445781.0,1837.9000244140625,73.03710174560547,25.909000396728516,30.209999084472656,1.0570000410079956,90.45999908447266,13817.5498046875,19.3799991607666,3787.3798828125,0.09,2.13
2021-01-29,42.650001525878906,2414855.0,1847.300048828125,72.93879699707031,26.899999618530273,33.09000015258789,1.093000054359436,90.58000183105467,13634.599609375,20.63999938964844,3714.239990234375,0.09,2.13
2021-02-01,42.34000015258789,10138974.0,1863.9000244140625,72.90660095214844,29.39800071716309,30.239999771118164,1.0770000219345093,91.0199966430664,14281.2001953125,21.809999465942383,3773.860107421875,0.08,2.11
2021-02-02,41.91999816894531,6815030.0,1833.4000244140625,73.11979675292969,26.38400077819824,25.559999465942383,1.1050000190734863,91.1999969482422,14647.849609375,19.61000061035156,3826.31005859375,0.08,2.15
2021-02-03,41.689998626708984,5486293.0,1835.0999755859375,72.91629791259766,26.878000259399418,22.90999984741211,1.13100004196167,91.12000274658205,14789.9501953125,18.450000762939453,3830.169921875,0.08,2.19
2021-02-04,41.33000183105469,9897244.0,1791.199951171875,72.85800170898438,26.222999572753903,21.770000457763672,1.1390000581741333,91.52999877929688,14895.650390625,19.299999237060547,3871.739990234375,0.08,2.17
2021-02-05,41.130001068115234,8879165.0,1813.0,72.9457015991211,27.013999938964844,20.8700008392334,1.1699999570846558,91.04000091552734,14924.25,18.700000762939453,3886.830078125,0.08,2.21
2021-02-08,41.279998779296875,5109925.0,1834.199951171875,72.78479766845703,27.56999969482422,21.239999771118164,1.159999966621399,90.93000030517578,15115.7998046875,18.450000762939453,3915.590087890625,0.08,2.22
2021-02-09,41.849998474121094,4290402.0,1837.5,72.92990112304688,27.395999908447266,21.6299991607666,1.156999945640564,90.44000244140624,15109.2998046875,18.350000381469727,3911.22998046875,0.08,2.22
2021-02-10,41.7599983215332,3116867.0,1842.699951171875,72.85489654541016,27.073999404907227,21.989999771118164,1.1330000162124634,90.37000274658205,15106.5,18.56999969482422,3909.8798828125,0.08,2.21
2021-02-11,41.7599983215332,2571728.0,1826.800048828125,72.80729675292969,27.04199981689453,21.25,1.1579999923706057,90.41999816894533,15173.2998046875,18.309999465942383,3916.3798828125,0.08,2.2
2021-02-12,41.20000076293945,6723676.0,1823.199951171875,72.70950317382812,27.322999954223633,19.969999313354492,1.2000000476837158,90.4800033569336,15163.2998046875,18.079999923706055,3934.830078125,0.08,2.21
2021-02-15,41.189998626708984,3252294.0,1823.199951171875,72.59480285644531,27.322999954223633,19.969999313354492,1.2000000476837158,90.4800033569336,15314.7001953125,18.079999923706055,3934.830078125,0.08,2.21
2021-02-16,41.349998474121094,2565549.0,1799.0,72.63870239257812,27.319000244140625,21.459999084472656,1.2990000247955322,90.51000213623048,15313.4501953125,19.56999969482422,3932.590087890625,0.08,2.24
2021-02-17,40.52000045776367,9489746.0,1772.800048828125,72.93499755859375,27.31399917602539,21.5,1.3009999990463257,90.9499969482422,15208.900390625,20.489999771118164,3931.330078125,0.08,2.21
2021-02-18,40.470001220703125,11697400.0,1775.0,72.79730224609375,27.07699966430664,22.489999771118164,1.2869999408721924,90.58999633789062,15118.9501953125,19.65999984741211,3913.969970703125,0.08,2.16
2021-02-19,40.099998474121094,11195987.0,1777.4000244140625,72.60540008544922,27.25200080871582,22.049999237060547,1.3450000286102295,90.36000061035156,14981.75,19.260000228881836,3906.7099609375,0.08,2.14
2021-02-22,40.43000030517578,5546089.0,1808.4000244140625,72.5530014038086,28.08300018310547,23.450000762939453,1.3700000047683716,90.01000213623047,14675.7001953125,19.1200008392334,3876.5,0.08,2.16
2021-02-23,40.66999816894531,4711333.0,1805.9000244140625,72.44400024414062,27.68600082397461,23.11000061035156,1.3619999885559082,90.16999816894533,14707.7998046875,18.299999237060547,3881.3701171875,0.08,2.16
2021-02-24,40.619998931884766,2262719.0,1797.9000244140625,72.37699890136719,27.85700035095215,21.34000015258789,1.3890000581741333,90.18000030517578,14982.0,18.309999465942383,3925.429931640625,0.08,2.17
2021-02-25,40.33000183105469,4429573.0,1775.4000244140625,72.4000015258789,27.636999130249023,28.88999938964844,1.5180000066757202,90.12999725341795,15097.349609375,21.260000228881836,3829.340087890625,0.08,2.14
2021-02-26,40.25,6369408.0,1728.800048828125,73.1509017944336,26.402000427246097,27.950000762939453,1.4600000381469729,90.93000030517578,14529.150390625,21.079999923706055,3811.14990234375,0.08,2.15
2021-03-01,39.959999084472656,5824139.0,1723.0,73.59590148925781,26.64699935913086,23.350000381469727,1.4459999799728394,91.04000091552734,14761.5498046875,21.329999923706055,3901.820068359375,0.07,2.16
2021-03-02,39.52000045776367,9700184.0,1733.5999755859375,73.30940246582031,26.850000381469727,24.100000381469727,1.4149999618530271,90.79000091552734,14919.099609375,20.059999465942383,3870.2900390625,0.07,2.2
2021-03-03,39.33000183105469,8650414.0,1715.800048828125,73.27749633789062,26.35700035095215,26.670000076293945,1.4700000286102295,90.9499969482422,15245.599609375,20.93000030517578,3819.719970703125,0.07,2.21
2021-03-04,38.93000030517578,11218094.0,1700.699951171875,72.88069915771484,25.43400001525879,28.56999969482422,1.5499999523162842,91.62999725341795,15080.75,21.61000061035156,3768.469970703125,0.07,2.2
2021-03-05,38.66999816894531,10408295.0,1698.5,73.13179779052734,25.256999969482425,24.65999984741211,1.5540000200271606,91.9800033569336,14938.099609375,20.209999084472656,3841.93994140625,0.07,2.22
2021-03-08,38.70000076293945,6578530.0,1678.0,73.1333999633789,25.239999771118164,25.469999313354492,1.5959999561309814,92.30999755859376,14956.2001953125,20.63999938964844,3821.35009765625,0.07,2.21
2021-03-09,38.849998474121094,6305333.0,1716.9000244140625,73.33000183105469,26.14800071716309,24.030000686645508,1.5460000038146973,91.95999908447266,15098.400390625,19.540000915527344,3875.43994140625,0.07,2.21
2021-03-10,38.95000076293945,5286384.0,1721.800048828125,72.7759017944336,26.10199928283691,22.559999465942383,1.5199999809265137,91.79000091552734,15174.7998046875,18.549999237060547,3898.81005859375,0.07,2.26
2021-03-12,38.630001068115234,8194416.0,1719.800048828125,72.63899993896484,25.8799991607666,20.690000534057617,1.6349999904632568,91.68000030517578,15030.9501953125,18.36000061035156,3943.340087890625,0.07,2.26
2021-03-15,39.060001373291016,6071986.0,1729.199951171875,72.68299865722656,26.253000259399418,20.030000686645508,1.6069999933242798,91.83000183105467,14929.5,17.860000610351562,3968.93994140625,0.07,2.27
2021-03-16,39.029998779296875,6773209.0,1730.9000244140625,72.51529693603516,25.974000930786133,19.790000915527344,1.621000051498413,91.87000274658205,14910.4501953125,17.93000030517578,3962.7099609375,0.07,2.3
2021-03-17,39.13999938964844,4139265.0,1727.0999755859375,72.5156021118164,26.030000686645508,19.229999542236328,1.6410000324249268,91.4000015258789,14721.2998046875,17.239999771118164,3974.1201171875,0.07,2.3
2021-03-18,39.16999816894531,10750922.0,1732.5,72.29560089111328,26.320999145507812,21.579999923706055,1.7300000190734863,91.8499984741211,14557.849609375,17.790000915527344,3915.4599609375,0.07,2.27
2021-03-19,39.22999954223633,3818623.0,1741.699951171875,72.6688003540039,26.29199981689453,20.950000762939453,1.7319999933242798,91.91999816894533,14744.0,16.56999969482422,3913.10009765625,0.07,2.31
2021-03-22,38.849998474121094,4535248.0,1738.0999755859375,72.40499877929688,25.74099922180176,18.8799991607666,1.684000015258789,91.8000030517578,14736.400390625,16.469999313354492,3940.590087890625,0.07,2.33
2021-03-23,38.91999816894531,4927418.0,1725.0999755859375,72.38050079345703,25.200000762939453,20.299999237060547,1.6380000114440918,92.33999633789062,14814.75,16.690000534057617,3910.52001953125,0.07,2.29
2021-03-24,38.880001068115234,7040287.0,1733.199951171875,72.61219787597656,25.201000213623047,21.200000762939453,1.6139999628067017,92.52999877929688,14549.400390625,15.699999809265137,3889.139892578125,0.07,2.31
2021-03-25,38.88999938964844,8077132.0,1725.0999755859375,72.64559936523438,25.02199935913086,19.809999465942383,1.6139999628067017,92.87999725341795,14324.900390625,15.579999923706056,3909.52001953125,0.07,2.32
2021-03-26,38.790000915527344,4090542.0,1732.300048828125,72.61280059814453,25.09199905395508,18.86000061035156,1.659999966621399,92.7699966430664,14507.2998046875,15.479999542236328,3974.5400390625,0.07,2.34
2021-03-30,38.380001068115234,12540619.0,1683.9000244140625,72.74189758300781,24.121000289916992,19.61000061035156,1.72599995136261,93.3000030517578,14845.099609375,18.299999237060547,3958.550048828125,0.07,2.35
2021-03-31,38.16999816894531,7728240.0,1713.800048828125,73.44529724121094,24.517000198364254,19.399999618530273,1.746000051498413,93.2300033569336,14690.7001953125,17.06999969482422,3972.889892578125,0.07,2.37
2021-04-01,39.099998474121094,4438427.0,1728.4000244140625,73.20349884033203,24.934999465942383,17.329999923706055,1.6790000200271606,92.93000030517578,14867.349609375,16.739999771118164,4019.8701171875,0.07,2.35
2021-04-05,39.33000183105469,5982785.0,1728.800048828125,73.3759994506836,24.76300048828125,17.90999984741211,1.7200000286102295,92.5999984741211,14637.7998046875,17.079999923706055,4077.909912109375,0.07,2.35
2021-04-06,39.4900016784668,4365795.0,1743.0,73.27950286865234,25.211999893188477,18.1200008392334,1.656000018119812,92.33999633789062,14683.5,16.760000228881836,4073.93994140625,0.07,2.32
2021-04-07,40.11000061035156,5568767.0,1741.5999755859375,73.48999786376953,25.232999801635746,17.15999984741211,1.652999997138977,92.45999908447266,14819.0498046875,16.110000610351562,4079.949951171875,0.07,2.34
2021-04-08,40.279998779296875,5302633.0,1758.199951171875,74.40149688720703,25.569000244140625,16.950000762939453,1.631999969482422,92.05999755859376,14873.7998046875,15.720000267028809,4097.169921875,0.07,2.33
2021-04-09,40.45000076293945,5969025.0,1744.800048828125,74.54450225830078,25.31100082397461,16.690000534057617,1.6660000085830688,92.16000366210938,14834.849609375,15.300000190734863,4128.7998046875,0.07,2.31
2021-04-12,40.4900016784668,4546153.0,1732.699951171875,74.72949981689453,24.85300064086914,16.90999984741211,1.6749999523162842,92.13999938964844,14310.7998046875,14.880000114440918,4127.990234375,0.07,2.33
2021-04-13,40.5099983215332,4146819.0,1747.5999755859375,74.99099731445312,25.41699981689453,16.649999618530273,1.6230000257492063,91.8499984741211,14504.7998046875,14.260000228881836,4141.58984375,0.07,2.33
2021-04-15,40.720001220703125,2911816.0,1766.800048828125,75.0261001586914,25.95599937438965,16.56999969482422,1.5299999713897705,91.66999816894533,14581.4501953125,15.359999656677246,4170.419921875,0.07,2.33
2021-04-16,40.83000183105469,4392749.0,1780.199951171875,74.72740173339844,26.099000930786133,16.25,1.5729999542236328,91.55999755859376,14617.849609375,15.31999969482422,4185.47021484375,0.07,2.36
2021-04-19,41.529998779296875,10605192.0,1770.5999755859375,74.56320190429688,25.83099937438965,17.290000915527344,1.60099995136261,91.06999969482422,14359.4501953125,16.010000228881836,4163.259765625,0.07,2.34
2021-04-20,41.099998474121094,8418464.0,1778.4000244140625,74.8781967163086,25.834999084472656,18.68000030517578,1.562000036239624,91.23999786376952,14296.400390625,15.59000015258789,4134.93994140625,0.07,2.32
2021-04-22,41.47999954223633,5336862.0,1782.0,75.42949676513672,26.173999786376953,18.709999084472656,1.5540000200271606,91.33000183105467,14406.150390625,16.049999237060547,4134.97998046875,0.07,2.33
2021-04-23,41.52000045776367,5160353.0,1777.800048828125,75.0916976928711,26.07699966430664,17.329999923706055,1.5670000314712524,90.86000061035156,14341.349609375,15.739999771118164,4180.169921875,0.07,2.34
2021-04-26,41.22999954223633,5277427.0,1780.0999755859375,74.86810302734375,26.211000442504883,17.639999389648438,1.5700000524520874,90.80999755859376,14485.0,15.510000228881836,4187.6201171875,0.07,2.36
2021-04-27,41.08000183105469,2899630.0,1778.800048828125,74.81490325927734,26.41200065612793,17.559999465942383,1.621999979019165,90.91000366210938,14653.0498046875,14.770000457763672,4186.72021484375,0.07,2.39
2021-04-28,40.63999938964844,3618879.0,1773.9000244140625,74.57499694824219,26.08099937438965,17.280000686645508,1.6200000047683716,90.61000061035156,14864.5498046875,14.789999961853027,4183.18017578125,0.07,2.41
2021-04-29,40.720001220703125,2883958.0,1768.300048828125,74.31179809570312,26.05299949645996,17.610000610351562,1.6399999856948853,90.61000061035156,14894.900390625,14.539999961853027,4211.47021484375,0.07,2.42
2021-04-30,40.59000015258789,1979198.0,1767.699951171875,74.10579681396484,25.85300064086914,18.61000061035156,1.63100004196167,91.27999877929688,14631.099609375,14.579999923706056,4181.169921875,0.07,2.41
2021-05-03,40.689998626708984,2303248.0,1791.800048828125,74.09480285644531,26.94300079345703,18.309999465942383,1.6069999933242798,90.9499969482422,14634.150390625,15.649999618530272,4192.66015625,0.06,2.42
2021-05-04,40.75,3525800.0,1776.0,73.8375015258789,26.538999557495117,19.479999542236328,1.5920000076293943,91.29000091552734,14496.5,15.90999984741211,4164.66015625,0.06,2.42
2021-05-05,40.529998779296875,2612915.0,1784.300048828125,73.77890014648438,26.50200080871582,19.149999618530273,1.5839999914169312,91.30999755859376,14617.849609375,15.699999809265137,4167.58984375,0.06,2.47
2021-05-06,40.81999969482422,2154092.0,1815.699951171875,73.79940032958984,27.461999893188477,18.38999938964844,1.5609999895095823,90.9499969482422,14724.7998046875,16.56999969482422,4201.6201171875,0.06,2.45
2021-05-07,41.2400016784668,3388993.0,1831.300048828125,73.61519622802734,27.461999893188477,16.690000534057617,1.5770000219345093,90.2300033569336,14823.150390625,16.459999084472656,4232.60009765625,0.06,2.49
2021-05-10,41.459999084472656,6355282.0,1837.5999755859375,73.29029846191406,27.479000091552734,19.65999984741211,1.6019999980926514,90.20999908447266,14942.349609375,17.190000534057617,4188.43017578125,0.06,2.54
2021-05-11,41.400001525878906,3058704.0,1836.0999755859375,73.5,27.656999588012695,21.84000015258789,1.6239999532699585,90.13999938964844,14850.75,17.170000076293945,4152.10009765625,0.06,2.53
2021-05-12,41.38999938964844,2665823.0,1822.800048828125,73.3750991821289,27.231000900268555,27.59000015258789,1.6950000524520874,90.70999908447266,14696.5,17.559999465942383,4063.0400390625,0.06,2.54
2021-05-14,41.4900016784668,9842362.0,1838.0999755859375,73.44490051269531,27.35300064086914,18.809999465942383,1.6349999904632568,90.31999969482422,14677.7998046875,16.75,4173.85009765625,0.06,2.51
2021-05-17,41.83000183105469,9634179.0,1867.5999755859375,73.27890014648438,28.260000228881836,19.719999313354492,1.6399999856948853,90.22000122070312,14923.150390625,17.6200008392334,4163.2900390625,0.06,2.54
2021-05-18,42.09000015258789,5886821.0,1868.0,73.26969909667969,28.31399917602539,21.34000015258789,1.6419999599456787,89.75,15108.099609375,17.0,4127.830078125,0.06,2.52
2021-05-19,41.939998626708984,2767354.0,1881.5,73.1281967163086,28.007999420166016,22.18000030517578,1.6829999685287476,90.19000244140624,15030.150390625,17.790000915527344,4115.68017578125,0.06,2.48
2021-05-20,42.130001068115234,2928165.0,1881.9000244140625,73.222900390625,28.052000045776367,20.670000076293945,1.633999943733215,89.80999755859375,14906.0498046875,17.290000915527344,4159.1201171875,0.06,2.41
2021-05-21,42.16999816894531,3604304.0,1876.699951171875,73.02189636230469,27.472999572753903,20.149999618530273,1.631999969482422,90.0199966430664,15175.2998046875,16.469999313354492,4155.85986328125,0.06,2.43
2021-05-24,42.20000076293945,3272190.0,1884.5,72.90979766845703,27.886999130249023,18.399999618530273,1.6080000400543213,89.83000183105469,15197.7001953125,16.90999984741211,4197.0498046875,0.06,2.44
2021-05-25,42.119998931884766,2618735.0,1898.0,72.83660125732422,28.03700065612793,18.84000015258789,1.5640000104904177,89.63999938964844,15208.4501953125,17.09000015258789,4188.1298828125,0.06,2.42
2021-05-26,42.63999938964844,4771571.0,1901.199951171875,72.80490112304688,27.85300064086914,17.360000610351562,1.5740000009536743,90.04000091552734,15301.4501953125,16.809999465942383,4195.990234375,0.06,2.4
2021-05-27,42.38999938964844,2753806.0,1895.699951171875,72.67250061035156,27.91900062561035,16.739999771118164,1.6100000143051147,89.97000122070312,15337.849609375,16.149999618530273,4200.8798828125,0.06,2.42
2021-05-28,42.220001220703125,3232907.0,1902.5,72.68299865722656,27.993000030517575,16.760000228881836,1.5809999704360962,90.02999877929688,15435.650390625,16.079999923706055,4204.10986328125,0.06,2.42
2021-05-31,42.59000015258789,4325516.0,1902.5,72.39350128173828,27.993000030517575,16.760000228881836,1.5809999704360962,90.02999877929688,15582.7998046875,16.079999923706055,4204.10986328125,0.06,2.42
2021-06-01,42.83000183105469,4240959.0,1905.0,72.48719787597656,28.08300018310547,17.899999618530273,1.6150000095367432,89.83000183105469,15574.849609375,16.09000015258789,4202.0400390625,0.08,2.46
2021-06-02,42.56999969482422,6237062.0,1909.9000244140625,72.8550033569336,28.18600082397461,17.479999542236328,1.590999960899353,89.9000015258789,15576.2001953125,15.649999618530272,4208.1201171875,0.08,2.44
2021-06-03,42.5099983215332,4499242.0,1873.300048828125,72.96510314941406,27.459999084472656,18.040000915527344,1.625,90.5,15690.349609375,15.949999809265137,4192.85009765625,0.08,2.42
2021-06-04,42.119998931884766,5901860.0,1892.0,73.04419708251953,27.878999710083008,16.420000076293945,1.559999942779541,90.13999938964844,15670.25,15.829999923706056,4229.89013671875,0.08,2.4
2021-06-07,42.279998779296875,5501444.0,1898.800048828125,72.90969848632812,28.000999450683594,16.420000076293945,1.569000005722046,89.94999694824219,15751.650390625,15.56999969482422,4226.52001953125,0.08,2.39
2021-06-08,42.40999984741211,4163770.0,1894.4000244140625,72.80940246582031,27.71500015258789,17.06999969482422,1.527999997138977,90.08000183105467,15740.099609375,15.59000015258789,4227.259765625,0.08,2.36
2021-06-09,42.5,6638366.0,1895.5,72.97530364990234,27.98500061035156,17.889999389648438,1.4889999628067017,90.12000274658205,15635.349609375,15.43000030517578,4219.5498046875,0.08,2.32
2021-06-10,42.349998474121094,3751175.0,1896.4000244140625,72.98529815673828,28.01499938964844,16.100000381469727,1.4589999914169312,90.08000183105467,15737.75,15.5,4239.18017578125,0.08,2.35
2021-06-11,42.630001068115234,4959477.0,1879.5999755859375,73.01229858398438,28.131000518798828,15.649999618530272,1.462000012397766,90.55999755859376,15799.349609375,15.210000038146973,4247.43994140625,0.08,2.32
2021-06-14,42.029998779296875,5586567.0,1865.9000244140625,73.23159790039062,28.02400016784668,16.389999389648438,1.5010000467300415,90.5199966430664,15811.849609375,16.1299991607666,4255.14990234375,0.08,2.36
2021-06-15,42.04999923706055,4311508.0,1856.4000244140625,73.18080139160156,27.679000854492188,17.020000457763672,1.4989999532699585,90.54000091552734,15869.25,16.260000228881836,4246.58984375,0.08,2.38
2021-06-16,42.09000015258789,3525900.0,1861.4000244140625,73.3447036743164,27.799999237060547,18.149999618530273,1.569000005722046,91.12999725341795,15767.5498046875,16.299999237060547,4223.7001953125,0.08,2.32
2021-06-17,41.349998474121094,7758865.0,1774.800048828125,73.8240966796875,25.8439998626709,17.75,1.5110000371932983,91.88999938964844,15691.400390625,17.65999984741211,4221.85986328125,0.08,2.27
2021-06-18,40.959999084472656,7724176.0,1769.0,74.25389862060547,25.95800018310547,20.700000762939453,1.4500000476837158,92.2300033569336,15683.349609375,17.899999618530273,4166.4501953125,0.08,2.24
2021-06-21,40.95000076293945,4204092.0,1782.9000244140625,74.1438980102539,26.01499938964844,17.889999389648438,1.4839999675750732,91.86000061035156,15746.5,16.90999984741211,4224.7900390625,0.08,2.25
2021-06-22,40.93000030517578,2965899.0,1777.4000244140625,74.13520050048828,25.847999572753903,16.65999984741211,1.472000002861023,91.7300033569336,15772.75,16.65999984741211,4246.43994140625,0.08,2.31
2021-06-23,41.0,2032574.0,1783.4000244140625,74.33219909667969,26.107999801635746,16.31999969482422,1.4869999885559082,91.8000030517578,15686.9501953125,16.200000762939453,4241.83984375,0.08,2.34
2021-06-24,40.900001525878906,2193111.0,1776.699951171875,74.24690246582031,26.04700088500977,15.970000267028809,1.4869999885559082,91.81999969482422,15790.4501953125,15.699999809265137,4266.490234375,0.08,2.3
2021-06-25,40.95000076293945,3318404.0,1777.800048828125,74.19029998779297,26.082000732421875,15.619999885559082,1.5360000133514404,91.80999755859376,15860.349609375,15.289999961853027,4280.7001953125,0.08,2.34
2021-06-28,40.81999969482422,3324387.0,1780.699951171875,74.21299743652344,26.218000411987305,15.760000228881836,1.4780000448226929,91.87999725341795,15814.7001953125,15.359999656677246,4290.60986328125,0.08,2.33
2021-06-29,40.72999954223633,2013217.0,1763.5999755859375,74.285400390625,25.871999740600582,16.020000457763672,1.4800000190734863,92.0500030517578,15748.4501953125,16.190000534057617,4291.7998046875,0.08,2.32
2021-06-30,40.52000045776367,3863423.0,1771.5999755859375,74.28759765625,26.165000915527344,15.829999923706056,1.4429999589920044,92.44000244140624,15721.5,15.970000267028809,4297.5,0.08,2.32
2021-07-01,40.90999984741211,3813939.0,1776.800048828125,74.37100219726562,26.075000762939453,15.479999542236328,1.4800000190734863,92.5999984741211,15680.0,15.800000190734863,4319.93994140625,0.1,2.35
2021-07-02,41.150001525878906,3035684.0,1783.300048828125,74.54499816894531,26.481000900268555,15.06999969482422,1.430999994277954,92.2300033569336,15722.2001953125,15.279999732971191,4352.33984375,0.1,2.33
2021-07-05,41.20000076293945,2238472.0,1783.300048828125,74.48179626464844,26.481000900268555,15.06999969482422,1.430999994277954,92.2300033569336,15834.349609375,15.279999732971191,4352.33984375,0.1,2.33
2021-07-06,41.61000061035156,3076197.0,1794.199951171875,74.31780242919922,26.15399932861328,16.440000534057617,1.3700000047683716,92.5500030517578,15818.25,15.449999809265137,4343.5400390625,0.1,2.31
2021-07-07,41.720001220703125,3949972.0,1802.0999755859375,74.76290130615234,26.11000061035156,16.200000762939453,1.3209999799728394,92.63999938964844,15879.650390625,15.210000038146973,4358.1298828125,0.1,2.28
2021-07-08,41.7400016784668,3835093.0,1800.199951171875,74.8218994140625,25.96699905395508,19.0,1.287999987602234,92.36000061035156,15727.900390625,15.81999969482422,4320.81982421875,0.1,2.22
2021-07-09,41.58000183105469,2942805.0,1810.5999755859375,74.72139739990234,26.211000442504883,16.18000030517578,1.3559999465942385,92.12999725341795,15689.7998046875,15.270000457763672,4369.5498046875,0.1,2.28
2021-07-12,41.5,2574523.0,1805.9000244140625,74.4905014038086,26.21699905395508,16.170000076293945,1.3630000352859497,92.2300033569336,15692.599609375,15.039999961853027,4384.6298828125,0.1,2.33
2021-07-13,41.52000045776367,1945630.0,1809.9000244140625,74.54170227050781,26.114999771118164,17.1200008392334,1.4149999618530271,92.75,15812.349609375,14.84000015258789,4369.2099609375,0.1,2.36
2021-07-14,41.63999938964844,2132668.0,1825.0,74.65910339355469,26.246000289916992,16.329999923706055,1.3559999465942385,92.41000366210938,15853.9501953125,14.789999961853027,4374.2998046875,0.1,2.34
2021-07-15,41.97999954223633,3478484.0,1829.0,74.46910095214844,26.375,17.010000228881836,1.2970000505447388,92.62000274658205,15924.2001953125,15.010000228881836,4360.02978515625,0.1,2.32
2021-07-16,41.849998474121094,1832927.0,1815.0,74.53700256347656,25.777000427246097,18.450000762939453,1.2999999523162842,92.69000244140624,15923.400390625,14.600000381469728,4327.16015625,0.1,2.33
2021-07-19,41.619998931884766,1838895.0,1809.199951171875,74.63179779052734,25.125999450683594,22.5,1.180999994277954,92.88999938964844,15752.400390625,15.960000038146973,4258.490234375,0.1,2.24
2021-07-20,41.689998626708984,3560043.0,1811.4000244140625,74.99340057373047,24.97699928283691,19.729999542236328,1.2089999914169312,92.97000122070312,15632.099609375,15.010000228881836,4323.06005859375,0.1,2.26
2021-07-22,41.29999923706055,3231236.0,1805.4000244140625,74.44020080566406,25.364999771118164,17.690000534057617,1.2649999856948853,92.81999969482422,15824.0498046875,14.510000228881836,4367.47998046875,0.1,2.28
2021-07-23,41.36000061035156,2373676.0,1801.800048828125,74.4520034790039,25.218000411987305,17.200000762939453,1.2860000133514404,92.91000366210938,15856.0498046875,14.529999732971191,4411.7900390625,0.1,2.35
2021-07-26,41.400001525878906,2621876.0,1799.199951171875,74.44889831542969,25.295000076293945,17.579999923706055,1.2760000228881836,92.6500015258789,15824.4501953125,15.199999809265137,4422.2998046875,0.1,2.4
2021-07-27,41.349998474121094,3569252.0,1799.800048828125,74.28949737548828,24.631999969482425,19.36000061035156,1.2339999675750732,92.43000030517578,15746.4501953125,15.510000228881836,4401.4599609375,0.1,2.38
2021-07-28,41.369998931884766,1985702.0,1799.699951171875,74.5022964477539,24.856000900268555,18.309999465942383,1.2610000371932983,92.31999969482422,15709.400390625,15.609999656677246,4400.64013671875,0.1,2.41
2021-07-29,41.68000030517578,2648324.0,1831.199951171875,74.38999938964844,25.763999938964844,17.700000762939453,1.2690000534057615,91.86000061035156,15778.4501953125,15.210000038146973,4419.14990234375,0.1,2.43
2021-07-30,41.91999816894531,2040165.0,1812.5999755859375,74.25199890136719,25.527999877929688,18.239999771118164,1.2389999628067017,92.16999816894533,15763.0498046875,15.09000015258789,4395.259765625,0.1,2.4
2021-08-02,41.529998779296875,2151973.0,1822.199951171875,74.37909698486328,25.55699920654297,19.459999084472656,1.1740000247955322,92.0500030517578,15885.150390625,15.229999542236328,4387.16015625,0.09,2.37
2021-08-03,41.47999954223633,2742824.0,1814.0999755859375,74.33200073242188,25.56599998474121,18.040000915527344,1.1759999990463257,92.08000183105467,16130.75,15.09000015258789,4423.14990234375,0.09,2.38
2021-08-04,41.529998779296875,1349682.0,1814.5,74.21440124511719,25.445999145507812,17.969999313354492,1.184000015258789,92.2699966430664,16258.7998046875,14.880000114440918,4402.66015625,0.09,2.35
2021-08-05,41.560001373291016,2365330.0,1808.9000244140625,74.18399810791016,25.277000427246097,17.280000686645508,1.2170000076293943,92.23999786376952,16294.599609375,14.84000015258789,4429.10009765625,0.09,2.33
2021-08-06,41.29999923706055,2105799.0,1763.0999755859375,74.08200073242188,24.312000274658203,16.149999618530273,1.2899999618530271,92.8000030517578,16238.2001953125,15.899999618530272,4436.52001953125,0.09,2.37
2021-08-09,40.36000061035156,7917513.0,1726.5,74.49140167236328,23.2549991607666,16.719999313354492,1.3170000314712524,92.9499969482422,16258.25,17.260000228881836,4432.35009765625,0.09,2.37
2021-08-10,40.220001220703125,5540994.0,1731.699951171875,74.46620178222656,23.37700080871582,16.790000915527344,1.3420000076293943,93.05999755859376,16280.099609375,16.93000030517578,4436.75,0.09,2.4
2021-08-11,40.2599983215332,3400031.0,1753.300048828125,74.43550109863281,23.474000930786133,16.170000076293945,1.3289999961853027,92.91000366210938,16282.25,15.829999923706056,4442.41015625,0.09,2.42
2021-08-12,40.560001373291016,3244252.0,1751.800048828125,74.10299682617188,23.104999542236328,15.59000015258789,1.3669999837875366,93.04000091552734,16364.400390625,15.670000076293944,4460.830078125,0.09,2.41
2021-08-13,40.5,3253709.0,1778.199951171875,74.26010131835938,23.76799964904785,15.449999809265137,1.2970000505447388,92.5199966430664,16529.099609375,15.149999618530272,4468.0,0.09,2.37
2021-08-16,40.779998779296875,3404513.0,1789.800048828125,74.216796875,23.780000686645508,16.1200008392334,1.256999969482422,92.62999725341795,16563.05078125,15.619999885559082,4479.7099609375,0.09,2.36
2021-08-17,41.18000030517578,3492704.0,1787.800048828125,74.13500213623047,23.64800071716309,17.90999984741211,1.2580000162124634,93.12999725341795,16614.599609375,16.100000381469727,4448.080078125,0.09,2.33
2021-08-18,41.029998779296875,1995891.0,1784.4000244140625,74.364501953125,23.41200065612793,21.56999969482422,1.2730000019073486,93.13999938964844,16568.849609375,15.800000190734863,4400.27001953125,0.09,2.32
2021-08-20,40.970001220703125,2846275.0,1784.0,74.4292984008789,23.104999542236328,18.559999465942383,1.2599999904632568,93.5,16450.5,15.34000015258789,4441.669921875,0.09,2.27
2021-08-23,41.0099983215332,2345631.0,1806.300048828125,74.30149841308594,23.64900016784668,17.149999618530273,1.2549999952316284,92.95999908447266,16496.44921875,15.84000015258789,4479.52978515625,0.09,2.27
2021-08-24,41.18000030517578,2663194.0,1808.5,74.10590362548828,23.88999938964844,17.219999313354492,1.2899999618530271,92.88999938964844,16624.599609375,15.449999809265137,4486.22998046875,0.09,2.3
2021-08-25,41.040000915527344,1641519.0,1791.0,74.1447982788086,23.770999908447266,16.790000915527344,1.3420000076293943,92.83000183105467,16634.650390625,15.899999618530272,4496.18994140625,0.09,2.35
2021-08-26,40.79999923706055,1741050.0,1795.199951171875,74.0999984741211,23.54599952697754,18.84000015258789,1.3420000076293943,93.05999755859376,16636.900390625,16.440000534057617,4470.0,0.09,2.33
2021-08-27,40.86000061035156,2143301.0,1819.5,74.15599822998047,24.059999465942383,16.389999389648438,1.312000036239624,92.69000244140624,16705.19921875,15.270000457763672,4509.3701171875,0.09,2.39
2021-08-30,41.0099983215332,2593436.0,1812.199951171875,73.49659729003906,23.959999084472656,16.190000534057617,1.284999966621399,92.6500015258789,16931.05078125,15.520000457763672,4528.7900390625,0.09,2.37
2021-08-31,40.83000183105469,3318327.0,1818.0999755859375,73.41120147705078,23.959999084472656,16.479999542236328,1.3040000200271606,92.62999725341795,17132.19921875,15.470000267028809,4522.68017578125,0.09,2.33
2021-09-01,40.83000183105469,3368321.0,1816.0,72.99669647216797,24.177000045776367,16.110000610351562,1.3020000457763672,92.4499969482422,17076.25,15.119999885559082,4524.08984375,0.08,2.34
2021-09-02,40.91999816894531,2147433.0,1811.5,72.98509979248047,23.875,16.40999984741211,1.2940000295639038,92.2300033569336,17234.150390625,14.760000228881836,4536.9501953125,0.08,2.32
2021-09-03,40.91999816894531,2236960.0,1833.699951171875,73.0542984008789,24.761999130249023,16.40999984741211,1.3220000267028809,92.04000091552734,17323.599609375,14.949999809265137,4535.43017578125,0.08,2.34
2021-09-06,41.209999084472656,3188389.0,1833.699951171875,72.99449920654297,24.761999130249023,16.40999984741211,1.3220000267028809,92.04000091552734,17377.80078125,14.949999809265137,4535.43017578125,0.08,2.34
2021-09-07,41.060001373291016,1856286.0,1798.5,73.11000061035156,24.333999633789062,18.13999938964844,1.3700000047683716,92.5199966430664,17362.099609375,15.359999656677246,4520.02978515625,0.08,2.36
2021-09-08,40.880001068115234,2457445.0,1793.5,73.3904037475586,24.011999130249023,17.959999084472656,1.3339999914169312,92.6500015258789,17353.5,15.140000343322754,4514.06982421875,0.08,2.38
2021-09-09,40.790000915527344,2317747.0,1800.0,73.78900146484375,24.132999420166016,18.799999237060547,1.2990000247955322,92.4800033569336,17369.25,15.100000381469728,4493.27978515625,0.08,2.38
2021-09-13,40.720001220703125,3071349.0,1794.4000244140625,73.52429962158203,23.753000259399418,19.3700008392334,1.3240000009536743,92.62000274658205,17355.30078125,15.09000015258789,4468.72998046875,0.08,2.37
2021-09-14,40.72999954223633,2019311.0,1807.0999755859375,73.54080200195312,23.84199905395508,19.459999084472656,1.2769999504089355,92.6500015258789,17380.0,15.020000457763672,4443.0498046875,0.08,2.33
2021-09-15,40.959999084472656,4593529.0,1794.800048828125,73.65080261230469,23.75900077819824,18.18000030517578,1.3040000200271606,92.48999786376952,17519.44921875,15.140000343322754,4480.7001953125,0.08,2.35
2021-09-16,40.52000045776367,7757035.0,1756.699951171875,73.43800354003906,22.75200080871582,18.690000534057617,1.3309999704360962,92.86000061035156,17629.5,15.920000076293944,4473.75,0.08,2.35
2021-09-17,40.20000076293945,7078265.0,1751.4000244140625,73.56490325927734,22.295000076293945,20.809999465942383,1.3700000047683716,93.1999969482422,17585.150390625,15.920000076293944,4432.990234375,0.08,2.33
2021-09-20,40.16999816894531,6530151.0,1763.800048828125,73.69609832763672,22.163000106811523,25.709999084472656,1.309000015258789,93.23999786376952,17396.900390625,16.850000381469727,4357.72998046875,0.08,2.29
2021-09-21,40.22999954223633,4222239.0,1778.199951171875,73.65899658203125,22.572999954223633,24.36000061035156,1.3240000009536743,93.1999969482422,17562.0,16.459999084472656,4354.18994140625,0.08,2.29
2021-09-22,40.599998474121094,3523204.0,1778.800048828125,73.7927017211914,22.868999481201172,20.8700008392334,1.3359999656677246,93.45999908447266,17546.650390625,16.40999984741211,4395.64013671875,0.08,2.28
2021-09-23,40.34000015258789,4144040.0,1749.800048828125,73.8749008178711,22.642000198364254,18.6299991607666,1.409999966621399,93.0999984741211,17822.94921875,16.81999969482422,4448.97998046875,0.08,2.31
2021-09-24,40.04999923706055,6573931.0,1751.699951171875,73.83999633789062,22.38800048828125,17.75,1.4600000381469729,93.33000183105467,17853.19921875,16.440000534057617,4455.47998046875,0.08,2.34
2021-09-27,40.0099983215332,6448927.0,1752.0,73.81289672851562,22.656999588012695,18.760000228881836,1.4839999675750732,93.37999725341795,17855.099609375,16.200000762939453,4443.10986328125,0.08,2.35
2021-09-28,39.939998626708984,4523276.0,1737.5,73.82530212402344,22.43000030517578,23.25,1.534000039100647,93.7699966430664,17748.599609375,16.780000686645508,4352.6298828125,0.08,2.38
2021-09-29,40.02000045776367,4920311.0,1722.9000244140625,74.16329956054688,21.458999633789062,22.559999465942383,1.5410000085830688,94.33999633789062,17711.30078125,17.389999389648438,4359.4599609375,0.08,2.37
2021-09-30,39.720001220703125,6960363.0,1757.0,74.3219985961914,22.020999908447266,23.13999938964844,1.5290000438690186,94.25,17618.150390625,17.15999984741211,4307.5400390625,0.08,2.37
2021-10-01,40.209999084472656,5920969.0,1758.4000244140625,74.25440216064453,22.510000228881836,21.100000381469727,1.4789999723434448,94.04000091552734,17532.05078125,16.329999923706055,4357.0400390625,0.08,2.38
2021-10-04,40.2400016784668,6907829.0,1767.5999755859375,74.152099609375,22.618000030517575,22.959999084472656,1.4809999465942385,93.80999755859376,17691.25,16.770000457763672,4300.4599609375,0.08,2.38
2021-10-05,40.349998474121094,3486231.0,1760.9000244140625,74.57279968261719,22.582000732421875,21.299999237060547,1.5290000438690186,93.9800033569336,17822.30078125,16.559999465942383,4345.72021484375,0.08,2.45
2021-10-06,40.45000076293945,3648125.0,1761.800048828125,74.56320190429688,22.506000518798828,21.0,1.52400004863739,94.2699966430664,17646.0,16.579999923706055,4363.5498046875,0.08,2.43
2021-10-07,40.54999923706055,4512371.0,1759.199951171875,74.76000213623047,22.631999969482425,19.540000915527344,1.5709999799728394,94.22000122070312,17790.349609375,16.290000915527344,4399.759765625,0.08,2.46
2021-10-08,40.540000915527344,2632366.0,1757.4000244140625,74.83000183105469,22.679000854492188,18.770000457763672,1.6050000190734863,94.06999969482422,17895.19921875,15.670000076293944,4391.33984375,0.08,2.5
2021-10-11,40.70000076293945,4870323.0,1755.699951171875,75.30580139160156,22.63999938964844,20.0,1.6139999628067017,94.31999969482422,17945.94921875,15.5600004196167,4361.18994140625,0.08,2.5
2021-10-12,40.84000015258789,3692920.0,1759.300048828125,75.40260314941406,22.49099922180176,19.850000381469727,1.5800000429153442,94.5199966430664,17991.94921875,15.100000381469728,4350.64990234375,0.08,2.49
2021-10-13,40.91999816894531,4781734.0,1794.699951171875,75.48390197753906,23.14900016784668,18.63999938964844,1.5490000247955322,94.08000183105467,18161.75,15.510000228881836,4363.7998046875,0.08,2.52
2021-10-14,41.52000045776367,5940090.0,1797.9000244140625,75.3062973022461,23.45599937438965,16.860000610351562,1.5190000534057615,93.95999908447266,18338.55078125,15.34000015258789,4438.259765625,0.08,2.52
2021-10-18,40.97999954223633,8075613.0,1765.699951171875,75.00589752197266,23.243000030517575,16.309999465942383,1.5839999914169312,93.9499969482422,18477.05078125,15.529999732971191,4486.4599609375,0.08,2.54
2021-10-19,41.20000076293945,3396263.0,1770.5,75.2354965209961,23.86199951171875,15.699999809265137,1.6349999904632568,93.79000091552734,18418.75,15.31999969482422,4519.6298828125,0.08,2.54
2021-10-20,41.060001373291016,4359620.0,1784.9000244140625,75.12010192871094,24.423999786376953,15.489999771118164,1.6360000371932983,93.55999755859376,18266.599609375,15.270000457763672,4536.18994140625,0.08,2.57
2021-10-21,41.16999816894531,4069266.0,1781.9000244140625,74.80919647216797,24.149999618530273,15.010000228881836,1.6759999990463257,93.7699966430664,18178.099609375,15.149999618530272,4549.77978515625,0.08,2.64
2021-10-22,41.290000915527344,2449953.0,1796.300048828125,74.86540222167969,24.429000854492188,15.43000030517578,1.6549999713897705,93.61000061035156,18114.900390625,15.739999771118164,4544.89990234375,0.08,2.64
2021-10-25,41.58000183105469,6275955.0,1806.800048828125,74.99369812011719,24.57200050354004,15.239999771118164,1.6349999904632568,93.80999755859376,18125.400390625,16.729999542236328,4566.47998046875,0.08,2.66
2021-10-26,41.65999984741211,4449235.0,1793.4000244140625,75.08989715576172,24.086000442504883,15.979999542236328,1.61899995803833,93.9499969482422,18268.400390625,15.960000038146973,4574.7900390625,0.08,2.69
2021-10-27,41.33000183105469,2725005.0,1798.800048828125,74.88890075683594,24.18899917602539,16.979999542236328,1.5290000438690186,93.86000061035156,18210.94921875,16.079999923706055,4551.68017578125,0.08,2.65
2021-10-28,41.56999969482422,3762963.0,1802.5999755859375,75.05000305175781,24.117000579833984,16.530000686645508,1.5679999589920044,93.3499984741211,17857.25,15.800000190734863,4596.419921875,0.08,2.57
2021-10-29,41.5,3459177.0,1783.9000244140625,74.79720306396484,23.94499969482422,16.260000228881836,1.5570000410079956,94.12000274658205,17671.650390625,16.06999969482422,4605.3798828125,0.08,2.51
2021-11-01,41.279998779296875,3810487.0,1795.800048828125,74.92829895019531,24.06399917602539,16.40999984741211,1.5750000476837158,93.87999725341795,17929.650390625,16.309999465942383,4613.669921875,0.08,2.5
2021-11-02,41.45000076293945,6446940.0,1789.4000244140625,74.82990264892578,23.5,16.030000686645508,1.5490000247955322,94.08999633789062,17888.94921875,16.469999313354492,4630.64990234375,0.08,2.51
2021-11-03,41.099998474121094,2904207.0,1763.9000244140625,74.71199798583984,23.22599983215332,15.100000381469728,1.5789999961853027,93.86000061035156,17829.19921875,16.280000686645508,4660.56982421875,0.08,2.53
2021-11-04,41.36000061035156,3104231.0,1793.5,74.43550109863281,23.9060001373291,15.4399995803833,1.52400004863739,94.3499984741211,17916.80078125,15.869999885559082,4680.06005859375,0.08,2.56
2021-11-08,41.5,4645164.0,1828.0,74.19110107421875,24.53700065612793,17.219999313354492,1.496999979019165,94.0500030517578,18068.55078125,16.65999984741211,4701.7001953125,0.08,2.62
2021-11-09,41.66999816894531,3392048.0,1830.800048828125,73.91850280761719,24.312999725341797,17.780000686645508,1.4320000410079956,93.95999908447266,18044.25,16.760000228881836,4685.25,0.08,2.63
2021-11-10,41.790000915527344,3598237.0,1848.300048828125,74.17479705810547,24.767000198364254,18.729999542236328,1.559999942779541,94.8499984741211,18017.19921875,16.799999237060547,4646.7099609375,0.08,2.7
2021-11-11,42.70000076293945,7209037.0,1863.9000244140625,74.40489959716797,25.301000595092773,17.65999984741211,1.559999942779541,95.18000030517578,17873.599609375,16.950000762939453,4649.27001953125,0.08,2.7
2021-11-12,42.45000076293945,3350209.0,1868.5,74.32209777832031,25.3439998626709,16.290000915527344,1.5820000171661377,95.12999725341795,18102.75,16.850000381469727,4682.85009765625,0.08,2.73
2021-11-15,42.650001525878906,3314639.0,1866.5999755859375,74.33999633789062,25.10700035095215,16.489999771118164,1.6230000257492063,95.41000366210938,18109.44921875,17.0,4682.7998046875,0.08,2.76
2021-11-16,42.79999923706055,3456788.0,1854.0999755859375,74.43509674072266,24.944000244140625,16.3700008392334,1.633999943733215,95.91999816894533,17999.19921875,16.670000076293945,4700.89990234375,0.08,2.73
2021-11-17,42.540000915527344,3333642.0,1870.199951171875,74.45860290527344,25.16699981689453,17.110000610351562,1.6039999723434448,95.83000183105467,17898.650390625,16.690000534057617,4688.669921875,0.08,2.7
2021-11-18,42.61000061035156,2523169.0,1861.4000244140625,74.25980377197266,24.900999069213867,17.59000015258789,1.5889999866485596,95.54000091552734,17764.80078125,16.25,4704.5400390625,0.08,2.73
2021-11-22,42.22999954223633,3812844.0,1806.300048828125,74.30259704589844,24.29700088500977,19.170000076293945,1.625,96.5,17416.55078125,16.59000015258789,4682.93994140625,0.08,2.61
2021-11-23,41.34000015258789,5111606.0,1783.800048828125,74.42980194091797,23.434999465942383,19.3799991607666,1.6670000553131104,96.48999786376952,17503.349609375,16.809999465942383,4690.7001953125,0.08,2.62
2021-11-24,41.20000076293945,3087852.0,1784.300048828125,74.4469985961914,23.496000289916992,18.579999923706055,1.6449999809265137,96.83999633789062,17415.05078125,16.75,4701.4599609375,0.08,2.61
2021-11-25,41.29999923706055,1942891.0,1784.300048828125,74.625,23.496000289916992,18.579999923706055,1.6449999809265137,96.83999633789062,17536.25,16.75,4701.4599609375,0.08,2.61
2021-11-26,41.77000045776367,4643543.0,1785.5,74.50579833984375,23.10700035095215,28.6200008392334,1.4819999933242798,96.08999633789062,17026.44921875,17.989999771118164,4594.6201171875,0.08,2.55
2021-11-29,41.619998931884766,11883229.0,1782.300048828125,74.98159790039062,22.798999786376953,22.959999084472656,1.5299999713897705,96.33999633789062,17053.94921875,17.549999237060547,4655.27001953125,0.08,2.54
2021-11-30,41.5099983215332,9675176.0,1773.5999755859375,75.05490112304688,22.76499938964844,27.190000534057617,1.4429999589920044,95.98999786376952,16983.19921875,17.989999771118164,4567.0,0.08,2.5
2021-12-01,41.209999084472656,3555487.0,1784.300048828125,75.0509033203125,22.298999786376953,31.1200008392334,1.434000015258789,96.0500030517578,17166.900390625,18.38999938964844,4513.0400390625,0.08,2.44
2021-12-02,40.97999954223633,2871409.0,1762.699951171875,75.01789855957031,22.280000686645508,27.950000762939453,1.4479999542236328,96.12999725341795,17401.650390625,18.450000762939453,4577.10009765625,0.08,2.47
2021-12-03,40.91999816894531,3570987.0,1783.9000244140625,74.9834976196289,22.44499969482422,30.670000076293945,1.343000054359436,96.12000274658205,17196.69921875,17.920000076293945,4538.43017578125,0.08,2.43
2021-12-06,41.29999923706055,4868492.0,1779.5,75.23400115966797,22.22800064086914,27.18000030517578,1.434000015258789,96.29000091552734,16912.25,17.440000534057617,4591.669921875,0.08,2.44
2021-12-07,41.220001220703125,6156889.0,1784.699951171875,75.39129638671875,22.48699951171875,21.88999938964844,1.4800000190734863,96.37000274658205,17176.69921875,17.020000457763672,4686.75,0.08,2.47
2021-12-08,41.470001220703125,5311149.0,1785.5,75.40859985351562,22.38999938964844,19.899999618530273,1.508999943733215,95.88999938964844,17469.75,16.479999542236328,4701.2099609375,0.08,2.52
2021-12-09,41.349998474121094,2032038.0,1776.699951171875,75.38330078125,21.974000930786133,21.579999923706055,1.4869999885559082,96.2699966430664,17516.849609375,16.700000762939453,4667.4501953125,0.08,2.47
2021-12-10,41.27000045776367,1538190.0,1784.800048828125,75.59919738769531,22.15999984741211,18.690000534057617,1.4889999628067017,96.0500030517578,17511.30078125,15.350000381469728,4712.02001953125,0.08,2.44
2021-12-13,41.54999923706055,2730323.0,1788.300048828125,75.70999908447266,22.290000915527344,20.309999465942383,1.4240000247955322,96.31999969482422,17368.25,15.970000267028809,4668.97021484375,0.08,2.4
2021-12-14,41.54999923706055,1741396.0,1772.300048828125,75.82689666748047,21.886999130249023,21.88999938964844,1.437999963760376,96.56999969482422,17324.900390625,16.40999984741211,4634.08984375,0.08,2.37
2021-12-15,41.470001220703125,3778408.0,1764.5,76.04720306396484,21.507999420166016,19.290000915527344,1.4630000591278076,96.51000213623048,17221.400390625,15.539999961853027,4709.85009765625,0.08,2.39
2021-12-16,41.720001220703125,2259600.0,1798.199951171875,76.2114028930664,22.454999923706055,20.56999969482422,1.4220000505447388,96.04000091552734,17248.400390625,15.220000267028809,4668.669921875,0.08,2.42
2021-12-17,42.13999938964844,4523690.0,1804.9000244140625,76.1675033569336,22.506999969482425,21.56999969482422,1.4019999504089355,96.56999969482422,16985.19921875,15.06999969482422,4620.64013671875,0.08,2.38
2021-12-20,41.86000061035156,4534504.0,1794.5999755859375,76.00599670410156,22.274999618530273,22.8700008392334,1.4190000295639038,96.5500030517578,16614.19921875,15.770000457763672,4568.02001953125,0.08,2.39
2021-12-21,41.689998626708984,2549098.0,1788.699951171875,75.75869750976562,22.50200080871582,21.010000228881836,1.4869999885559082,96.48999786376952,16770.849609375,15.420000076293944,4649.22998046875,0.08,2.44
2021-12-22,41.52000045776367,1411905.0,1802.199951171875,75.6864013671875,22.79199981689453,18.6299991607666,1.4570000171661377,96.08000183105467,16955.44921875,14.9399995803833,4696.56005859375,0.08,2.47
2021-12-23,41.689998626708984,2260536.0,1811.699951171875,75.45850372314453,22.930999755859375,17.959999084472656,1.493000030517578,96.0199966430664,17072.599609375,14.619999885559082,4725.7900390625,0.08,2.47
2021-12-24,41.709999084472656,1541465.0,1811.699951171875,75.06739807128906,22.930999755859375,17.959999084472656,1.493000030517578,96.0199966430664,17003.75,14.619999885559082,4725.7900390625,0.08,2.47
2021-12-27,41.59000015258789,2219251.0,1808.800048828125,75.31500244140625,22.979000091552734,17.68000030517578,1.4809999465942385,96.08999633789062,17086.25,15.4399995803833,4791.18994140625,0.08,2.5
2021-12-28,41.61000061035156,2262844.0,1810.9000244140625,74.98030090332031,23.111000061035156,17.540000915527344,1.4809999465942385,96.1999969482422,17233.25,15.0600004196167,4786.35009765625,0.08,2.5
2021-12-29,41.5,1661395.0,1805.800048828125,74.74500274658203,22.847999572753903,16.950000762939453,1.5429999828338623,95.93000030517578,17213.599609375,15.130000114440918,4793.06005859375,0.08,2.53
2021-12-30,41.220001220703125,2342863.0,1814.0999755859375,74.57029724121094,23.027999877929688,17.329999923706055,1.5149999856948853,95.97000122070312,17203.94921875,14.770000457763672,4778.72998046875,0.08,2.58
2021-12-31,41.47999954223633,1731890.0,1828.5999755859375,74.43119812011719,23.32799911499023,17.219999313354492,1.5119999647140503,95.66999816894533,17354.05078125,14.609999656677246,4766.18017578125,0.08,2.56
2022-01-03,41.72999954223633,9144638.0,1800.0999755859375,74.51380157470703,22.790000915527344,16.600000381469727,1.628000020980835,96.23999786376952,17625.69921875,15.34000015258789,4796.56005859375,0.08,2.6
2022-01-04,41.459999084472656,4681329.0,1814.5999755859375,74.4032974243164,23.038000106811523,16.90999984741211,1.6679999828338623,96.29000091552734,17805.25,15.329999923706056,4793.5400390625,0.08,2.57
2022-01-05,41.560001373291016,2839093.0,1825.0999755859375,74.53489685058594,23.149999618530273,19.729999542236328,1.7050000429153442,96.19000244140624,17925.25,16.209999084472656,4700.580078125,0.08,2.53
2022-01-06,41.2400016784668,2415846.0,1789.199951171875,74.43009948730469,22.173999786376953,19.61000061035156,1.7330000400543213,96.25,17745.900390625,15.869999885559082,4696.0498046875,0.08,2.46
2022-01-07,41.09000015258789,2969814.0,1797.4000244140625,74.41929626464844,22.393999099731445,18.760000228881836,1.7710000276565552,95.73999786376952,17812.69921875,15.039999961853027,4677.02978515625,0.08,2.48
2022-01-10,41.06999969482422,3641805.0,1798.800048828125,74.2699966430664,22.445999145507812,19.399999618530273,1.7799999713897705,95.98999786376952,18003.30078125,15.5600004196167,4670.2900390625,0.08,2.48
2022-01-11,41.209999084472656,3010372.0,1818.5,74.05699920654297,22.805999755859375,18.40999984741211,1.746000051498413,95.62000274658205,18055.75,15.210000038146973,4713.06982421875,0.08,2.54
2022-01-12,41.33000183105469,2258367.0,1827.300048828125,73.81529998779297,23.200000762939453,17.6200008392334,1.725000023841858,95.0,18212.349609375,15.31999969482422,4726.35009765625,0.08,2.48
2022-01-13,41.41999816894531,1817380.0,1821.4000244140625,73.79910278320312,23.155000686645508,20.309999465942383,1.7109999656677246,94.79000091552734,18257.80078125,15.170000076293944,4659.02978515625,0.08,2.43
2022-01-14,41.529998779296875,3926645.0,1816.5,73.97229766845703,22.910999298095703,19.190000534057617,1.7719999551773071,95.16999816894533,18255.75,14.729999542236328,4662.85009765625,0.08,2.44
2022-01-17,41.529998779296875,2644534.0,1816.5,74.37899780273438,22.910999298095703,19.190000534057617,1.7719999551773071,95.16999816894533,18308.099609375,14.729999542236328,4662.85009765625,0.08,2.44
2022-01-18,41.52000045776367,2549058.0,1812.4000244140625,74.25509643554688,23.48699951171875,22.790000915527344,1.8650000095367432,95.7300033569336,18113.05078125,15.09000015258789,4577.10986328125,0.08,2.46
2022-01-19,41.599998474121094,1830780.0,1843.199951171875,74.61969757080078,24.22599983215332,23.850000381469727,1.8270000219345093,95.51000213623048,17938.400390625,15.640000343322754,4532.759765625,0.08,2.4
2022-01-20,42.04999923706055,4187268.0,1842.5999755859375,74.44920349121094,24.711000442504883,25.59000015258789,1.8329999446868896,95.73999786376952,17757.0,15.09000015258789,4482.72998046875,0.08,2.33
2022-01-21,41.84000015258789,9839700.0,1831.800048828125,74.45220184326172,24.31399917602539,28.850000381469727,1.746999979019165,95.63999938964844,17617.150390625,15.199999809265137,4397.93994140625,0.08,2.34
2022-01-24,42.040000915527344,12373380.0,1841.699951171875,74.41320037841797,23.795000076293945,29.899999618530273,1.7350000143051147,95.91999816894533,17149.099609375,16.299999237060547,4410.1298828125,0.08,2.38
2022-01-25,42.060001373291016,5243707.0,1852.5,74.6447982788086,23.895999908447266,31.15999984741211,1.7829999923706057,95.9499969482422,17277.94921875,16.469999313354492,4356.4501953125,0.08,2.41
2022-01-27,41.81999969482422,2730577.0,1793.0999755859375,74.8949966430664,22.67300033569336,30.489999771118164,1.8070000410079956,97.26000213623048,17110.150390625,17.149999618530273,4326.509765625,0.08,2.4
2022-01-28,41.43000030517578,2163132.0,1784.9000244140625,75.20929718017578,22.302000045776367,27.65999984741211,1.781999945640564,97.2699966430664,17101.94921875,17.1200008392334,4431.85009765625,0.08,2.44
2022-01-31,41.25,8624680.0,1795.0,75.03900146484375,22.395000457763672,24.829999923706055,1.781999945640564,96.54000091552734,17339.849609375,16.700000762939453,4515.5498046875,0.08,2.44
2022-02-01,41.54999923706055,2575407.0,1801.5,74.55580139160156,22.59600067138672,21.959999084472656,1.7999999523162842,96.38999938964844,17576.849609375,16.5,4546.5400390625,0.08,2.43
2022-02-02,41.5099983215332,2103178.0,1810.300048828125,74.74549865722656,22.711000442504883,22.09000015258789,1.7660000324249268,95.94000244140624,17780.0,15.65999984741211,4589.3798828125,0.08,2.41
2022-02-03,41.560001373291016,1519387.0,1804.0999755859375,74.82240295410156,22.375,24.350000381469727,1.8270000219345093,95.37999725341795,17560.19921875,16.010000228881836,4477.43994140625,0.08,2.38
2022-02-04,41.599998474121094,1583137.0,1807.800048828125,74.6438980102539,22.475000381469727,23.219999313354492,1.9299999475479128,95.4800033569336,17516.30078125,15.529999732971191,4500.52978515625,0.08,2.41
2022-02-07,41.630001068115234,1982504.0,1821.800048828125,74.64219665527344,23.076000213623047,22.86000061035156,1.9160000085830688,95.4000015258789,17213.599609375,16.149999618530273,4483.8701171875,0.08,2.4
2022-02-08,41.81999969482422,1918554.0,1827.9000244140625,74.6583023071289,23.19499969482422,21.440000534057617,1.9539999961853027,95.63999938964844,17266.75,15.859999656677246,4521.5400390625,0.08,2.42
2022-02-09,41.9900016784668,2543561.0,1836.5999755859375,74.69519805908203,23.336000442504883,19.959999084472656,1.9290000200271609,95.48999786376952,17463.80078125,15.630000114440918,4587.18017578125,0.08,2.42
2022-02-10,42.16999816894531,2478102.0,1837.4000244140625,74.80889892578125,23.518999099731445,23.90999984741211,2.0309998989105225,95.5500030517578,17605.849609375,15.920000076293944,4504.080078125,0.08,2.45
2022-02-11,42.189998626708984,4052801.0,1842.0999755859375,75.53839874267578,23.36599922180176,27.36000061035156,1.955000042915344,96.08000183105467,17374.75,17.809999465942383,4418.64013671875,0.08,2.43
2022-02-14,42.959999084472656,9337588.0,1869.4000244140625,75.34100341796875,23.844999313354492,28.329999923706055,1.996000051498413,96.37000274658205,16842.80078125,18.950000762939453,4401.669921875,0.08,2.48
2022-02-15,42.720001220703125,15219667.0,1856.199951171875,75.6854019165039,23.33799934387207,25.700000762939453,2.0450000762939453,95.98999786376952,17352.44921875,17.700000762939453,4471.06982421875,0.08,2.48
2022-02-16,42.63999938964844,2893357.0,1871.5,75.17479705810547,23.60099983215332,24.290000915527344,2.046999931335449,95.6999969482422,17322.19921875,18.06999969482422,4475.009765625,0.08,2.46
2022-02-17,43.38999938964844,7597957.0,1902.0,75.04199981689453,23.874000549316406,28.11000061035156,1.972000002861023,95.8000030517578,17304.599609375,19.790000915527344,4380.259765625,0.08,2.43
2022-02-18,43.18000030517578,4018280.0,1899.800048828125,75.06300354003906,23.99099922180176,27.75,1.9320000410079956,96.04000091552734,17276.30078125,18.540000915527344,4348.8701171875,0.08,2.41
2022-02-21,43.099998474121094,5190610.0,1899.800048828125,74.68240356445312,23.99099922180176,27.75,1.9320000410079956,96.04000091552734,17206.650390625,18.540000915527344,4348.8701171875,0.08,2.41
2022-02-22,43.380001068115234,7953166.0,1907.4000244140625,74.51699829101562,24.31100082397461,28.809999465942383,1.9479999542236328,96.02999877929688,17092.19921875,17.93000030517578,4304.759765625,0.08,2.45
2022-02-23,43.09000015258789,3618230.0,1910.4000244140625,74.62300109863281,24.55500030517578,31.020000457763672,1.9769999980926511,96.19000244140624,17063.25,17.690000534057617,4225.5,0.08,2.53
2022-02-24,44.619998931884766,17716412.0,1926.300048828125,74.63300323486328,24.68600082397461,30.31999969482422,1.968999981880188,97.13999938964844,16247.9501953125,18.1200008392334,4288.7001953125,0.08,2.55
2022-02-25,43.619998931884766,17738310.0,1887.5999755859375,75.4083023071289,23.996999740600582,27.59000015258789,1.9859999418258667,96.62000274658205,16658.400390625,18.399999618530273,4384.64990234375,0.08,2.54
2022-02-28,43.59000015258789,7633640.0,1900.699951171875,75.06800079345703,24.361000061035156,30.149999618530273,1.8389999866485596,96.70999908447266,16793.900390625,20.969999313354492,4373.93994140625,0.08,2.62
2022-03-02,44.38999938964844,10668971.0,1922.300048828125,75.80120086669922,25.183000564575195,30.739999771118164,1.8650000095367432,97.38999938964844,16605.94921875,21.850000381469727,4386.5400390625,0.2,2.71
2022-03-03,44.400001525878906,4136756.0,1935.9000244140625,75.63099670410156,25.204999923706055,30.479999542236328,1.843999981880188,97.79000091552734,16498.05078125,22.940000534057617,4363.490234375,0.2,2.69
2022-03-04,44.650001525878906,6157186.0,1966.5999755859375,75.8917007446289,25.781999588012695,31.979999542236328,1.7239999771118164,98.6500015258789,16245.349609375,26.290000915527344,4328.8701171875,0.2,2.67
2022-03-07,46.0,15897977.0,1995.9000244140625,76.41799926757812,25.71299934387207,36.45000076293945,1.7510000467300415,99.29000091552734,15863.150390625,29.670000076293945,4201.08984375,0.2,2.77
2022-03-08,45.93000030517578,13287272.0,2043.300048828125,77.08080291748047,26.88800048828125,35.130001068115234,1.871999979019165,99.05999755859376,16013.4501953125,31.700000762939453,4170.7001953125,0.2,2.9
2022-03-09,45.65999984741211,10485976.0,1988.199951171875,76.91449737548828,25.756999969482425,32.45000076293945,1.9479999542236328,97.97000122070312,16345.349609375,28.010000228881836,4277.8798828125,0.2,2.84
2022-03-10,44.79999923706055,14283266.0,2000.4000244140625,76.13490295410156,26.20199966430664,30.229999542236328,2.010999917984009,98.51000213623048,16594.900390625,26.079999923706055,4259.52001953125,0.2,2.86
2022-03-11,45.279998779296875,6661457.0,1985.0,76.310302734375,26.106000900268555,30.75,2.003999948501587,99.12000274658205,16630.44921875,24.729999542236328,4204.31005859375,0.2,2.94
2022-03-14,44.63999938964844,7715591.0,1960.800048828125,76.75370025634766,25.243999481201172,31.770000457763672,2.140000104904175,99.05999755859376,16871.30078125,24.079999923706055,4173.10986328125,0.2,2.93
2022-03-15,44.33000183105469,11720963.0,1929.699951171875,76.49009704589844,25.12299919128418,29.829999923706055,2.1600000858306885,99.06999969482422,16663.0,23.799999237060547,4262.4501953125,0.2,2.84
2022-03-16,44.22999954223633,5549265.0,1909.199951171875,76.26589965820312,24.670000076293945,26.670000076293945,2.187999963760376,98.37999725341795,16975.349609375,22.510000228881836,4357.85986328125,0.2,2.8
2022-03-17,44.22999954223633,5724381.0,1943.199951171875,76.02420043945312,25.583999633789062,25.670000076293945,2.191999912261963,98.01000213623048,17287.05078125,22.229999542236328,4411.669921875,0.2,2.91
2022-03-21,44.13999938964844,6197187.0,1929.5,75.94640350341797,25.281999588012695,23.530000686645508,2.315000057220459,98.5,17117.599609375,21.88999938964844,4461.18017578125,0.2,2.9
2022-03-22,44.31999969482422,5629993.0,1921.5,76.30709838867188,24.885000228881836,22.940000534057617,2.372999906539917,98.48999786376952,17315.5,20.579999923706055,4511.60986328125,0.2,2.91
2022-03-23,44.41999816894531,8813459.0,1937.300048828125,76.10189819335938,25.170000076293945,23.56999969482422,2.321000099182129,98.62000274658205,17245.650390625,23.40999984741211,4456.240234375,0.2,2.94
2022-03-24,44.58000183105469,4797761.0,1962.199951171875,76.55239868164062,25.899999618530273,21.670000076293945,2.3410000801086426,98.79000091552734,17222.75,24.06999969482422,4520.16015625,0.2,2.92
2022-03-25,44.790000915527344,6162885.0,1954.199951171875,76.32350158691406,25.594999313354492,20.809999465942383,2.492000102996826,98.80999755859376,17153.0,24.68000030517578,4543.06005859375,0.2,2.95
2022-03-28,44.4900016784668,8152023.0,1939.800048828125,76.27850341796875,25.176000595092773,19.6299991607666,2.4769999980926514,99.08999633789062,17222.0,23.200000762939453,4575.52001953125,0.2,2.95
2022-03-29,44.18000030517578,2477168.0,1912.199951171875,76.03410339355469,24.715999603271484,18.899999618530273,2.4000000953674316,98.4000015258789,17325.30078125,21.280000686645508,4631.60009765625,0.2,2.86
2022-03-30,44.11000061035156,2699794.0,1933.5,75.66670227050781,25.10300064086914,19.329999923706055,2.3580000400543213,97.79000091552734,17498.25,21.079999923706055,4602.4501953125,0.2,2.86
2022-03-31,44.119998931884766,4088541.0,1949.199951171875,75.82779693603516,25.121000289916992,20.559999465942383,2.3269999027252197,98.30999755859376,17464.75,20.25,4530.41015625,0.2,2.84
2022-04-01,44.56999969482422,5340702.0,1923.699951171875,75.9092025756836,24.642000198364254,19.6299991607666,2.377000093460083,98.62999725341795,17670.44921875,19.079999923706055,4545.85986328125,0.33,2.8
2022-04-04,44.220001220703125,5545988.0,1934.0,75.99479675292969,24.583999633789062,18.56999969482422,2.4119999408721924,98.98999786376952,18053.400390625,19.219999313354492,4582.64013671875,0.33,2.8
2022-04-05,44.310001373291016,5064068.0,1927.5,75.47799682617188,24.527999877929688,21.030000686645508,2.555999994277954,99.47000122070312,17957.400390625,18.469999313354492,4525.1201171875,0.33,2.84
2022-04-06,44.4900016784668,2283303.0,1923.0999755859375,75.45069885253906,24.454999923706055,22.100000381469727,2.6089999675750732,99.5999984741211,17807.650390625,18.8799991607666,4481.14990234375,0.33,2.83
2022-04-07,44.63999938964844,2527931.0,1937.800048828125,75.94509887695312,24.732999801635746,21.549999237060547,2.6519999504089355,99.75,17639.55078125,18.43000030517578,4500.2099609375,0.33,2.82
2022-04-08,44.65999984741211,1741546.0,1945.5999755859375,75.91320037841797,24.819000244140625,21.15999984741211,2.7130000591278076,99.8000030517578,17784.349609375,18.3700008392334,4488.27978515625,0.33,2.87
2022-04-11,45.220001220703125,3623747.0,1948.199951171875,75.91729736328125,24.97800064086914,24.3700008392334,2.7799999713897705,99.93000030517578,17674.94921875,19.25,4412.52978515625,0.33,2.91
2022-04-12,45.20000076293945,4327749.0,1976.0999755859375,75.83699798583984,25.725000381469727,24.260000228881836,2.7249999046325684,100.29000091552734,17530.30078125,19.3700008392334,4397.4501953125,0.33,2.86
2022-04-13,45.72999954223633,4390115.0,1984.699951171875,76.1498031616211,26.020000457763672,21.81999969482422,2.687000036239624,99.87999725341795,17475.650390625,18.700000762939453,4446.58984375,0.33,2.8
2022-04-18,46.189998626708984,7062605.0,1986.4000244140625,76.3313980102539,26.13999938964844,22.170000076293945,2.861999988555908,100.77999877929688,17173.650390625,19.06999969482422,4391.68994140625,0.33,2.92
2022-04-19,45.97999954223633,4461027.0,1959.0,76.28019714355469,25.391000747680664,21.3700008392334,2.913000106811523,100.95999908447266,16958.650390625,18.190000534057617,4462.2099609375,0.33,2.93
2022-04-20,45.220001220703125,7594980.0,1955.5999755859375,76.44539642333984,25.270000457763672,20.31999969482422,2.8399999141693115,100.38999938964844,17136.55078125,18.149999618530273,4459.4501953125,0.33,2.92
2022-04-21,45.209999084472656,2159625.0,1948.199951171875,76.27619934082031,24.621000289916992,22.68000030517578,2.9170000553131104,100.58000183105467,17392.599609375,18.219999313354492,4393.66015625,0.33,3.02
2022-04-22,45.33000183105469,2997378.0,1934.300048828125,76.28520202636719,24.256999969482425,28.209999084472656,2.9059998989105225,101.22000122070312,17171.94921875,18.969999313354492,4271.77978515625,0.33,2.98
2022-04-25,44.900001525878906,2842944.0,1896.0,76.4635009765625,23.667999267578125,27.020000457763672,2.825999975204468,101.75,16953.94921875,19.469999313354492,4296.1201171875,0.33,2.91
2022-04-26,44.63999938964844,2256816.0,1904.0999755859375,76.52780151367188,23.54199981689453,33.52000045776367,2.7720000743865967,102.3000030517578,17200.80078125,19.229999542236328,4175.2001953125,0.33,2.85
2022-04-27,44.43000030517578,2670040.0,1888.699951171875,76.79409790039062,23.45800018310547,31.600000381469727,2.818000078201294,102.9499969482422,17038.400390625,19.15999984741211,4183.9599609375,0.33,2.88
2022-04-28,44.33000183105469,2871800.0,1891.300048828125,76.47219848632812,23.128999710083008,29.989999771118164,2.86299991607666,103.62000274658205,17245.05078125,19.0,4287.5,0.33,2.97
2022-04-29,44.790000915527344,4709439.0,1911.699951171875,76.58899688720703,23.040000915527344,33.400001525878906,2.88700008392334,102.95999908447266,17102.55078125,19.829999923706055,4131.93017578125,0.33,2.88
2022-05-02,44.15999984741211,4645318.0,1863.5999755859375,76.52310180664062,22.54400062561035,32.34000015258789,2.996000051498413,103.73999786376952,17069.099609375,20.059999465942383,4155.3798828125,0.77,2.81
2022-05-04,43.97999954223633,4326871.0,1868.800048828125,76.46730041503906,22.36199951171875,25.420000076293945,2.9170000553131104,102.58999633789062,16677.599609375,18.809999465942383,4300.169921875,0.77,2.86
2022-05-05,44.540000915527344,3874078.0,1875.699951171875,76.00160217285156,22.399999618530273,31.200000762939453,3.065999984741211,103.75,16682.650390625,19.36000061035156,4146.8701171875,0.77,2.87
2022-05-06,44.54999923706055,4765135.0,1882.800048828125,76.54180145263672,22.325000762939453,30.190000534057617,3.122999906539917,103.66000366210938,16411.25,18.709999084472656,4123.33984375,0.77,2.86
2022-05-09,44.41999816894531,4932473.0,1858.5999755859375,76.9574966430664,21.781999588012695,34.75,3.0789999961853027,103.6500015258789,16301.849609375,20.489999771118164,3991.239990234375,0.77,2.75
2022-05-10,44.2599983215332,4762974.0,1841.0,77.3655014038086,21.38999938964844,32.9900016784668,2.993000030517578,103.91999816894533,16240.0498046875,20.020000457763672,4001.050048828125,0.77,2.65
2022-05-11,44.060001373291016,2945267.0,1853.699951171875,77.27140045166016,21.549999237060547,32.560001373291016,2.9210000038146973,103.8499984741211,16167.099609375,20.260000228881836,3935.179931640625,0.77,2.7
2022-05-12,44.02000045776367,2448614.0,1824.5999755859375,77.41840362548828,20.756999969482425,31.770000457763672,2.816999912261963,104.8499984741211,15808.0,21.510000228881836,3930.080078125,0.77,2.59
2022-05-13,43.41999816894531,6268886.0,1808.199951171875,77.44380187988281,20.983999252319336,28.8700008392334,2.934999942779541,104.55999755859376,15782.150390625,21.200000762939453,4023.889892578125,0.77,2.69
2022-05-16,43.13999938964844,4339791.0,1814.0,77.48629760742188,21.53499984741211,27.469999313354492,2.877000093460083,104.19000244140624,15842.2998046875,21.15999984741211,4008.010009765625,0.77,2.68
2022-05-17,43.540000915527344,2297137.0,1818.9000244140625,77.8053970336914,21.73699951171875,26.100000381469727,2.9679999351501465,103.36000061035156,16259.2998046875,20.049999237060547,4088.85009765625,0.77,2.71
2022-05-18,43.38999938964844,2809408.0,1815.9000244140625,77.37239837646484,21.53300094604492,30.959999084472656,2.885999917984009,103.80999755859376,16240.2998046875,19.690000534057617,3923.679931640625,0.77,2.72
2022-05-19,43.59000015258789,3101059.0,1841.199951171875,77.81999969482422,21.89800071716309,29.350000381469727,2.8550000190734863,102.72000122070312,15809.400390625,20.25,3900.7900390625,0.77,2.59
2022-05-20,43.91999816894531,1442916.0,1842.0999755859375,77.42109680175781,21.66900062561035,29.43000030517578,2.7869999408721924,103.1500015258789,16266.150390625,19.309999465942383,3901.360107421875,0.77,2.55
2022-05-23,44.25,2140814.0,1847.800048828125,77.81839752197266,21.722999572753903,28.479999542236328,2.8589999675750732,102.08000183105467,16214.7001953125,19.6299991607666,3973.75,0.77,2.6
2022-05-24,44.06999969482422,1742995.0,1865.4000244140625,77.52680206298828,22.062999725341797,29.450000762939453,2.759999990463257,101.86000061035156,16125.150390625,19.1299991607666,3941.47998046875,0.77,2.55
2022-05-25,44.119998931884766,1725313.0,1846.300048828125,77.47879791259766,21.86000061035156,28.3700008392334,2.749000072479248,102.05999755859376,16025.7998046875,18.270000457763672,3978.72998046875,0.77,2.56
2022-05-26,43.869998931884766,2024163.0,1847.5999755859375,77.49729919433594,21.94099998474121,27.5,2.75600004196167,101.83000183105467,16170.150390625,17.809999465942383,4057.840087890625,0.77,2.62
2022-05-27,44.08000183105469,1370322.0,1851.300048828125,77.63020324707031,22.059999465942383,25.719999313354492,2.743000030517578,101.66999816894533,16352.4501953125,17.5,4158.240234375,0.77,2.63
2022-05-30,43.97999954223633,2903680.0,1851.300048828125,77.69200134277344,22.059999465942383,25.719999313354492,2.743000030517578,101.66999816894533,16661.400390625,17.5,4158.240234375,0.77,2.63
2022-05-31,43.95000076293945,1265893.0,1842.699951171875,77.5208969116211,21.650999069213867,26.190000534057617,2.8440001010894775,101.75,16584.55078125,17.190000534057617,4132.14990234375,0.77,2.64
2022-06-01,43.52000045776367,2238485.0,1848.699951171875,77.5989990234375,21.88400077819824,25.690000534057617,2.930999994277954,102.5500030517578,16522.75,16.940000534057617,4101.22998046875,1.21,2.65
2022-06-02,43.97999954223633,1975583.0,1871.4000244140625,77.58409881591797,22.253999710083008,24.719999313354492,2.913000106811523,101.7699966430664,16628.0,17.1299991607666,4176.81982421875,1.21,2.66
2022-06-03,44.150001525878906,1767101.0,1850.199951171875,77.3604965209961,21.88999938964844,24.790000915527344,2.9570000171661377,102.13999938964844,16584.30078125,16.510000228881836,4108.5400390625,1.21,2.74
2022-06-06,44.0,2337622.0,1843.699951171875,77.69419860839844,22.073999404907227,25.06999969482422,3.038000106811523,102.44000244140624,16569.55078125,16.809999465942383,4121.43017578125,1.21,2.76
2022-06-07,43.86000061035156,1464099.0,1852.0999755859375,77.82099914550781,22.159000396728516,24.020000457763672,2.9719998836517334,102.31999969482422,16416.349609375,16.639999389648438,4160.68017578125,1.21,2.73
2022-06-08,43.880001068115234,1227638.0,1856.5,77.67060089111328,22.073999404907227,23.959999084472656,3.0290000438690186,102.54000091552734,16356.25,16.040000915527344,4115.77001953125,1.21,2.75
2022-06-09,43.95000076293945,1208810.0,1852.800048828125,77.72429656982422,21.79700088500977,26.09000015258789,3.0439999103546143,103.22000122070312,16478.099609375,16.290000915527344,4017.820068359375,1.21,2.75
2022-06-10,43.810001373291016,1088837.0,1875.5,77.8187026977539,21.913000106811523,27.75,3.1559998989105225,104.1500015258789,16201.7998046875,17.579999923706055,3900.860107421875,1.21,2.76
2022-06-13,44.189998626708984,5159270.0,1831.800048828125,78.17759704589844,21.236000061035156,34.02000045776367,3.365999937057495,105.08000183105467,15774.400390625,20.84000015258789,3749.6298828125,1.21,2.74
2022-06-14,43.56999969482422,2820945.0,1813.5,78.16059875488281,20.93600082397461,32.689998626708984,3.4830000400543213,105.5199966430664,15732.099609375,21.989999771118164,3735.47998046875,1.21,2.6
2022-06-15,43.61000061035156,2091201.0,1819.5999755859375,77.9854965209961,21.402000427246097,29.6200008392334,3.3949999809265137,105.16000366210938,15692.150390625,19.399999618530273,3789.989990234375,1.21,2.7
2022-06-16,43.720001220703125,2170013.0,1849.9000244140625,77.90019989013672,21.867000579833984,32.95000076293945,3.306999921798706,103.62999725341795,15360.599609375,20.649999618530273,3666.77001953125,1.21,2.62
2022-06-17,44.08000183105469,2039843.0,1840.5999755859375,77.97769927978516,21.572999954223633,31.1299991607666,3.239000082015991,104.6999969482422,15293.5,20.280000686645508,3674.840087890625,1.21,2.58
2022-06-20,43.81999969482422,2583650.0,1840.5999755859375,77.9614028930664,21.572999954223633,31.1299991607666,3.239000082015991,104.6999969482422,15350.150390625,20.280000686645508,3674.840087890625,1.21,2.58
2022-06-21,43.779998779296875,3212517.0,1838.800048828125,77.93399810791016,21.753999710083008,30.190000534057617,3.306999921798706,104.44000244140624,15638.7998046875,18.239999771118164,3764.7900390625,1.21,2.61
2022-06-22,43.68000030517578,1702697.0,1838.4000244140625,78.13490295410156,21.406999588012695,28.950000762939453,3.1559998989105225,104.1999969482422,15413.2998046875,18.290000915527344,3759.889892578125,1.21,2.54
2022-06-23,43.7599983215332,2159396.0,1829.800048828125,78.19309997558594,21.031999588012695,29.049999237060547,3.068000078201294,104.43000030517578,15556.650390625,18.649999618530273,3795.72998046875,1.21,2.5
2022-06-24,43.65999984741211,2826062.0,1830.300048828125,78.14240264892578,21.11599922180176,27.229999542236328,3.125,104.19000244140624,15699.25,17.920000076293945,3911.739990234375,1.21,2.56
2022-06-27,43.869998931884766,3381786.0,1824.800048828125,78.2522964477539,21.159000396728516,26.950000762939453,3.194000005722046,103.94000244140624,15832.0498046875,17.8799991607666,3900.110107421875,1.21,2.55
2022-06-28,43.79999923706055,2173213.0,1821.199951171875,78.44110107421875,20.79700088500977,28.36000061035156,3.2060000896453857,104.51000213623048,15850.2001953125,17.950000762939453,3821.550048828125,1.21,2.48
2022-06-29,43.7599983215332,1372013.0,1817.5,79.07319641113281,20.667999267578125,28.15999984741211,3.0929999351501465,105.11000061035156,15799.099609375,18.079999923706055,3818.830078125,1.21,2.36
2022-06-30,43.7599983215332,2636944.0,1807.300048828125,78.89830017089844,20.281999588012695,28.709999084472656,2.9719998836517334,104.69000244140624,15780.25,19.61000061035156,3785.3798828125,1.21,2.33
2022-07-01,44.36000061035156,9083077.0,1801.5,78.96299743652344,19.597000122070312,26.700000762939453,2.888999938964844,105.13999938964844,15752.0498046875,20.170000076293945,3825.330078125,1.68,2.34
2022-07-04,44.68000030517578,3696528.0,1801.5,78.95069885253906,19.597000122070312,26.700000762939453,2.888999938964844,105.13999938964844,15835.349609375,20.170000076293945,3825.330078125,1.68,2.34
2022-07-05,44.79999923706055,2799231.0,1763.9000244140625,78.93949890136719,19.052000045776367,27.540000915527344,2.809000015258789,106.5,15810.849609375,21.329999923706055,3831.389892578125,1.68,2.3
2022-07-06,44.16999816894531,4719772.0,1736.5,79.36840057373047,19.084999084472656,26.729999542236328,2.913000106811523,107.0999984741211,15989.7998046875,21.90999984741211,3845.080078125,1.68,2.29
2022-07-07,43.59000015258789,7871542.0,1739.699951171875,79.04389953613281,19.121999740600582,26.079999923706055,3.007999897003174,107.12999725341795,16132.900390625,20.5,3902.6201171875,1.68,2.33
2022-07-08,43.56999969482422,1646453.0,1742.300048828125,79.22160339355469,19.16699981689453,24.63999938964844,3.1010000705718994,107.01000213623048,16220.599609375,19.40999984741211,3899.3798828125,1.68,2.37
2022-07-11,43.560001373291016,2527931.0,1731.699951171875,79.3313980102539,19.066999435424805,26.170000076293945,2.990999937057495,108.0199966430664,16216.0,19.719999313354492,3854.429931640625,1.68,2.32
2022-07-12,43.619998931884766,1798323.0,1724.800048828125,79.47779846191406,18.89900016784668,27.290000915527344,2.9579999446868896,108.06999969482422,16058.2998046875,19.780000686645508,3818.800048828125,1.68,2.32
2022-07-13,43.439998626708984,2941632.0,1735.5,79.47640228271484,19.13800048828125,26.81999969482422,2.9040000438690186,107.95999908447266,15966.650390625,18.36000061035156,3801.780029296875,1.68,2.31
2022-07-14,43.29999923706055,1465436.0,1705.800048828125,79.80750274658203,18.16900062561035,26.399999618530273,2.9600000381469727,108.54000091552734,15938.650390625,19.600000381469727,3790.3798828125,1.68,2.34
2022-07-15,43.11000061035156,1889788.0,1703.5999755859375,79.87830352783203,18.54800033569336,24.229999542236328,2.930000066757202,108.05999755859376,16049.2001953125,19.270000457763672,3863.159912109375,1.68,2.36
2022-07-18,43.54999923706055,2649053.0,1710.199951171875,79.72049713134766,18.791000366210938,25.299999237060547,2.9600000381469727,107.37000274658205,16278.5,19.420000076293945,3830.85009765625,1.68,2.37
2022-07-19,43.38999938964844,2033750.0,1710.699951171875,80.0302963256836,18.670000076293945,24.5,3.0190000534057617,106.68000030517578,16340.5498046875,18.6299991607666,3936.68994140625,1.68,2.39
2022-07-20,43.38999938964844,2727549.0,1700.199951171875,79.85590362548828,18.638999938964844,23.8799991607666,3.0360000133514404,107.08000183105467,16520.849609375,19.260000228881836,3959.89990234375,1.68,2.38
2022-07-21,43.029998779296875,2536379.0,1713.4000244140625,80.00340270996094,18.687000274658203,23.11000061035156,2.9100000858306885,106.91000366210938,16605.25,18.709999084472656,3998.949951171875,1.68,2.33
2022-07-22,43.689998626708984,2743924.0,1727.4000244140625,79.7759017944336,18.584999084472656,23.030000686645508,2.7829999923706055,106.7300033569336,16719.44921875,18.299999237060547,3961.6298828125,1.68,2.34
2022-07-25,43.599998474121094,7496829.0,1719.0999755859375,79.87680053710938,18.29400062561035,23.36000061035156,2.819999933242798,106.4800033569336,16631.0,18.299999237060547,3966.840087890625,1.68,2.36
2022-07-26,43.459999084472656,4145903.0,1717.699951171875,79.72250366210938,18.48699951171875,24.690000534057617,2.7869999408721924,107.19000244140624,16483.849609375,18.059999465942383,3921.050048828125,1.68,2.36
2022-07-27,43.56999969482422,2639482.0,1719.0999755859375,79.84120178222656,18.55299949645996,23.239999771118164,2.7339999675750732,106.4499969482422,16641.80078125,17.389999389648438,4023.610107421875,1.68,2.42
2022-07-28,44.02000045776367,1860323.0,1750.300048828125,79.84739685058594,19.82699966430664,22.329999923706055,2.680999994277954,106.3499984741211,16929.599609375,16.84000015258789,4072.429931640625,1.68,2.48
2022-07-29,44.060001373291016,3799713.0,1762.9000244140625,79.57150268554688,20.1560001373291,21.329999923706055,2.6419999599456787,105.9000015258789,17158.25,16.489999771118164,4130.2900390625,1.68,2.53
2022-08-01,44.220001220703125,3672587.0,1787.699951171875,79.1948013305664,20.32200050354004,22.84000015258789,2.6059999465942383,105.4499969482422,17340.05078125,17.520000457763672,4118.6298828125,2.33,2.51
2022-08-02,44.18000030517578,2404168.0,1789.699951171875,78.95570373535156,20.104999542236328,23.93000030517578,2.740999937057495,106.23999786376952,17345.44921875,17.34000015258789,4091.18994140625,2.33,2.48
2022-08-03,44.189998626708984,2213499.0,1776.4000244140625,78.60449981689453,19.864999771118164,21.950000762939453,2.747999906539917,106.51000213623048,17388.150390625,16.760000228881836,4155.169921875,2.33,2.5
2022-08-04,44.65999984741211,3192387.0,1806.9000244140625,79.11830139160156,20.099000930786133,21.440000534057617,2.6760001182556152,105.69000244140624,17382.0,16.950000762939453,4151.93994140625,2.33,2.46
2022-08-05,44.720001220703125,2218906.0,1791.199951171875,79.15489959716797,19.819000244140625,21.149999618530273,2.8399999141693115,106.62000274658205,17397.5,16.3700008392334,4145.18994140625,2.33,2.46
2022-08-08,44.619998931884766,2202250.0,1805.199951171875,79.41059875488281,20.59199905395508,21.290000915527344,2.765000104904175,106.44000244140624,17525.099609375,16.760000228881836,4140.06005859375,2.33,2.48
2022-08-10,44.869998931884766,4815067.0,1813.699951171875,79.57839965820312,20.718000411987305,19.739999771118164,2.7860000133514404,105.1999969482422,17534.75,16.270000457763672,4210.240234375,2.33,2.43
2022-08-11,44.90999984741211,2336609.0,1807.199951171875,79.0978012084961,20.326000213623047,20.200000762939453,2.888000011444092,105.08999633789062,17659.0,15.8100004196167,4207.27001953125,2.33,2.47
2022-08-12,45.0,5335944.0,1815.5,79.61399841308594,20.677000045776367,19.530000686645508,2.8489999771118164,105.62999725341795,17698.150390625,15.220000267028809,4280.14990234375,2.33,2.47
2022-08-16,44.650001525878906,3136639.0,1789.699951171875,79.55290222167969,20.065000534057617,19.690000534057617,2.8239998817443848,106.5,17825.25,15.270000457763672,4305.2001953125,2.33,2.44
2022-08-17,44.599998474121094,2652324.0,1776.699951171875,79.14600372314453,19.711000442504883,19.899999618530273,2.8929998874664307,106.56999969482422,17944.25,15.31999969482422,4274.0400390625,2.33,2.46
2022-08-18,44.54999923706055,2115125.0,1771.199951171875,79.35970306396484,19.447999954223633,19.559999465942383,2.880000114440918,107.4800033569336,17956.5,15.359999656677246,4283.740234375,2.33,2.52
2022-08-19,44.41999816894531,1588648.0,1762.9000244140625,79.7667007446289,19.058000564575195,20.600000381469727,2.989000082015991,108.16999816894533,17758.44921875,15.90999984741211,4228.47998046875,2.33,2.55
2022-08-22,43.9900016784668,2676258.0,1748.4000244140625,79.91790008544922,18.87299919128418,23.799999237060547,3.0369999408721924,109.0500030517578,17490.69921875,16.56999969482422,4137.990234375,2.33,2.57
2022-08-23,44.150001525878906,2369737.0,1761.199951171875,79.88379669189453,19.011999130249023,24.11000061035156,3.053999900817871,108.62000274658205,17577.5,15.800000190734863,4128.72998046875,2.33,2.58
2022-08-24,44.33000183105469,2177388.0,1761.5,79.85449981689453,18.895000457763672,22.81999969482422,3.1059999465942383,108.68000030517578,17604.94921875,15.899999618530272,4140.77001953125,2.33,2.62
2022-08-25,44.63999938964844,2207667.0,1771.4000244140625,79.79679870605469,19.111000061035156,21.780000686645508,3.0260000228881836,108.47000122070312,17522.44921875,15.56999969482422,4199.1201171875,2.33,2.6
2022-08-26,44.29999923706055,2403321.0,1749.800048828125,79.88289642333984,18.739999771118164,25.559999465942383,3.0350000858306885,108.8000030517578,17558.900390625,15.420000076293944,4057.659912109375,2.33,2.57
2022-08-29,43.849998474121094,3588407.0,1749.699951171875,79.95909881591797,18.55500030517578,26.209999084472656,3.109999895095825,108.83999633789062,17312.900390625,16.020000457763672,4030.610107421875,2.33,2.58
2022-08-30,43.900001525878906,2717694.0,1736.300048828125,79.96790313720703,18.159000396728516,26.209999084472656,3.109999895095825,108.7699966430664,17759.30078125,16.520000457763672,3986.159912109375,2.33,2.55
2022-09-01,43.349998474121094,5014410.0,1709.300048828125,79.54879760742188,17.551000595092773,25.559999465942383,3.265000104904175,109.69000244140624,17542.80078125,17.799999237060547,3966.85009765625,2.56,2.45
2022-09-02,43.369998931884766,2592415.0,1722.5999755859375,79.716796875,17.775999069213867,25.469999313354492,3.193000078201294,109.52999877929688,17539.44921875,16.8799991607666,3924.260009765625,2.56,2.47
2022-09-05,43.540000915527344,2440863.0,1722.5999755859375,79.72450256347656,17.775999069213867,25.469999313354492,3.193000078201294,109.52999877929688,17665.80078125,16.8799991607666,3924.260009765625,2.56,2.47
2022-09-06,43.5,3275297.0,1712.9000244140625,79.78299713134766,17.795000076293945,26.90999984741211,3.3399999141693115,110.20999908447266,17655.599609375,17.68000030517578,3908.18994140625,2.56,2.48
2022-09-07,43.40999984741211,2873935.0,1727.800048828125,79.89510345458984,18.136999130249023,24.63999938964844,3.265000104904175,109.83999633789062,17624.400390625,16.770000457763672,3979.8701171875,2.56,2.45
2022-09-08,43.599998474121094,1485287.0,1720.199951171875,79.6498031616211,18.329999923706055,23.61000061035156,3.2920000553131104,109.70999908447266,17798.75,16.399999618530273,4006.179931640625,2.56,2.41
2022-09-09,43.65999984741211,1677773.0,1728.5999755859375,79.706298828125,18.65800094604492,22.790000915527344,3.321000099182129,109.0,17833.349609375,15.90999984741211,4067.360107421875,2.56,2.42
2022-09-12,43.599998474121094,3909092.0,1740.5999755859375,79.65579986572266,19.7549991607666,23.8700008392334,3.361999988555908,108.33000183105467,17936.349609375,15.789999961853027,4110.41015625,2.56,2.42
2022-09-13,43.5,2180910.0,1717.4000244140625,79.35530090332031,19.38999938964844,27.270000457763672,3.421999931335449,109.81999969482422,18070.05078125,16.93000030517578,3932.68994140625,2.56,2.44
2022-09-14,43.18000030517578,2513567.0,1709.0999755859375,79.60240173339844,19.47100067138672,26.15999984741211,3.4119999408721924,109.66000366210938,18003.75,17.170000076293945,3946.010009765625,2.56,2.46
2022-09-15,43.04999923706055,7819360.0,1677.300048828125,79.45369720458984,19.174999237060547,26.270000457763672,3.4590001106262207,109.73999786376952,17877.400390625,19.65999984741211,3901.35009765625,2.56,2.43
2022-09-16,42.2599983215332,5272807.0,1683.5,79.8490982055664,19.29599952697754,26.299999237060547,3.447999954223633,109.76000213623048,17530.849609375,18.309999465942383,3873.330078125,2.56,2.38
2022-09-19,42.34000015258789,6588351.0,1678.199951171875,79.68949890136719,19.27300071716309,25.760000228881836,3.490000009536743,109.73999786376952,17622.25,18.3700008392334,3899.889892578125,2.56,2.34
2022-09-20,42.4900016784668,3125863.0,1671.0999755859375,79.7074966430664,19.10199928283691,27.15999984741211,3.571000099182129,110.22000122070312,17816.25,18.59000015258789,3855.929931640625,2.56,2.4
2022-09-21,42.70000076293945,2429479.0,1675.699951171875,79.76270294189453,19.410999298095703,27.989999771118164,3.509999990463257,110.63999938964844,17718.349609375,18.479999542236328,3789.929931640625,2.56,2.38
2022-09-22,42.9900016784668,4283507.0,1681.0999755859375,80.05069732666016,19.54800033569336,27.350000381469727,3.7079999446868896,111.3499984741211,17629.80078125,17.93000030517578,3757.989990234375,2.56,2.41
2022-09-23,42.81999969482422,2355990.0,1655.5999755859375,81.06220245361328,18.840999603271484,29.920000076293945,3.697000026702881,113.19000244140624,17327.349609375,19.420000076293945,3693.22998046875,2.56,2.37
2022-09-26,42.63999938964844,2868912.0,1633.4000244140625,81.25479888916016,18.4060001373291,32.2599983215332,3.878000020980835,114.0999984741211,17016.30078125,20.260000228881836,3655.0400390625,2.56,2.32
2022-09-27,42.41999816894531,2785259.0,1636.199951171875,81.61579895019531,18.256999969482425,32.599998474121094,3.96399998664856,114.11000061035156,17007.400390625,19.260000228881836,3647.2900390625,2.56,2.33
2022-09-28,42.29999923706055,1773850.0,1670.0,81.72460174560547,18.79599952697754,30.18000030517578,3.7049999237060542,112.5999984741211,16858.599609375,19.270000457763672,3719.0400390625,2.56,2.33
2022-09-29,42.900001525878906,3330240.0,1668.5999755859375,81.42870330810547,18.611000061035156,31.84000015258789,3.746999979019165,112.25,16818.099609375,19.780000686645508,3640.469970703125,2.56,2.19
2022-09-30,43.15999984741211,2654545.0,1672.0,81.48059844970703,18.959999084472656,31.6200008392334,3.803999900817871,112.12000274658205,17094.349609375,19.520000457763672,3585.6201171875,2.56,2.15
2022-10-03,43.13999938964844,5004653.0,1702.0,81.52130126953125,20.518999099731445,30.100000381469727,3.651000022888184,111.75,16887.349609375,20.290000915527344,3678.429931640625,3.08,2.24
2022-10-04,44.04999923706055,5484223.0,1730.5,81.49500274658203,21.03700065612793,29.06999969482422,3.617000102996826,110.06999969482422,17274.30078125,19.549999237060547,3790.929931640625,3.08,2.24
2022-10-06,44.279998779296875,4782138.0,1720.800048828125,81.6488037109375,20.594999313354492,30.520000457763672,3.825999975204468,112.26000213623048,17331.80078125,19.670000076293945,3744.52001953125,3.08,2.22
2022-10-07,44.4900016784668,3208191.0,1709.300048828125,82.3489990234375,20.191999435424805,31.36000061035156,3.882999897003174,112.8000030517578,17314.650390625,19.65999984741211,3639.659912109375,3.08,2.27
2022-10-10,43.72999954223633,3643998.0,1675.199951171875,82.8322982788086,19.555999755859375,32.45000076293945,3.888000011444092,113.13999938964844,17241.0,20.540000915527344,3612.389892578125,3.08,2.27
2022-10-11,43.41999816894531,2163274.0,1686.0,82.42070007324219,19.427000045776367,33.630001068115234,3.938999891281128,113.22000122070312,16983.55078125,20.59000015258789,3588.840087890625,3.08,2.31
2022-10-12,43.59000015258789,2786712.0,1677.5,82.2739028930664,18.878000259399418,33.56999969482422,3.901999950408935,113.31999969482422,17123.599609375,20.399999618530273,3577.030029296875,3.08,2.29
2022-10-13,43.689998626708984,1957699.0,1677.0,82.19999694824219,18.857999801635746,31.940000534057617,3.95199990272522,112.36000061035156,17014.349609375,20.06999969482422,3669.909912109375,3.08,2.34
2022-10-14,43.2599983215332,3757412.0,1648.9000244140625,82.19210052490234,18.01499938964844,32.02000045776367,4.010000228881836,113.30999755859376,17185.69921875,20.06999969482422,3583.070068359375,3.08,2.41
2022-10-17,43.2400016784668,2052094.0,1664.0,82.41280364990234,18.673999786376953,31.3700008392334,4.014999866485596,112.04000091552734,17311.80078125,19.959999084472656,3677.949951171875,3.08,2.45
2022-10-18,43.119998931884766,2538797.0,1655.800048828125,82.1947021484375,18.570999145507812,30.5,3.997999906539917,112.12999725341795,17486.94921875,19.190000534057617,3719.97998046875,3.08,2.41
2022-10-19,43.189998626708984,3615050.0,1634.199951171875,82.2863998413086,18.336000442504883,30.760000228881836,4.126999855041504,112.9800033569336,17512.25,19.40999984741211,3695.159912109375,3.08,2.42
2022-10-20,43.040000915527344,1937458.0,1636.800048828125,82.99700164794922,18.666000366210938,29.979999542236328,4.22599983215332,112.87999725341795,17563.94921875,19.229999542236328,3665.780029296875,3.08,2.51
2022-10-21,42.72999954223633,5502791.0,1656.300048828125,82.82569885253906,19.042999267578125,29.690000534057617,4.2129998207092285,112.01000213623048,17576.30078125,19.049999237060547,3752.75,3.08,2.52
2022-10-24,43.47999954223633,3722883.0,1654.0999755859375,82.54129791259766,19.173999786376953,29.850000381469727,4.234000205993652,111.98999786376952,17730.75,19.579999923706055,3797.340087890625,3.08,2.59
2022-10-25,43.16999816894531,2942957.0,1658.0,82.7614974975586,19.339000701904297,28.459999084472656,4.107999801635742,110.9499969482422,17656.349609375,19.329999923706055,3859.110107421875,3.08,2.51
2022-10-27,43.459999084472656,1876894.0,1665.5999755859375,82.04959869384766,19.47800064086914,27.38999938964844,3.937000036239624,110.58999633789062,17736.94921875,18.510000228881836,3807.300048828125,3.08,2.45
2022-10-28,43.279998779296875,1956627.0,1644.800048828125,82.44249725341797,19.14699935913086,25.75,4.010000228881836,110.66999816894533,17786.80078125,18.010000228881836,3901.06005859375,3.08,2.51
2022-10-31,43.22999954223633,2202954.0,1640.699951171875,82.23919677734375,19.125,25.8799991607666,4.077000141143799,111.52999877929688,18012.19921875,18.270000457763672,3871.97998046875,3.08,2.52
2022-11-01,43.310001373291016,2306222.0,1649.699951171875,82.72899627685547,19.67300033569336,25.809999465942383,4.052000045776367,111.4800033569336,18145.400390625,18.450000762939453,3856.10009765625,3.78,2.51
2022-11-02,43.5,2114895.0,1650.0,82.68450164794922,19.600000381469727,25.86000061035156,4.059000015258789,111.3499984741211,18082.849609375,17.84000015258789,3759.68994140625,3.78,2.53
2022-11-03,43.0,3452084.0,1630.9000244140625,82.88839721679688,19.43600082397461,25.299999237060547,4.124000072479248,112.93000030517578,18052.69921875,18.030000686645508,3719.889892578125,3.78,2.4
2022-11-04,43.290000915527344,1894906.0,1676.5999755859375,82.68180084228516,20.790000915527344,24.549999237060547,4.156000137329102,110.87999725341795,18117.150390625,18.030000686645508,3770.550048828125,3.78,2.48
2022-11-07,43.7400016784668,3090161.0,1680.5,81.9749984741211,20.89800071716309,24.350000381469727,4.214000225067139,110.12000274658205,18202.80078125,18.1200008392334,3806.800048828125,3.78,2.53
2022-11-09,43.970001220703125,5393284.0,1713.699951171875,81.40519714355469,21.29800033569336,26.09000015258789,4.151000022888184,110.5500030517578,18157.0,18.90999984741211,3748.570068359375,3.78,2.42
2022-11-10,44.18000030517578,2125679.0,1753.699951171875,81.34380340576172,21.677000045776367,23.530000686645508,3.8289999961853023,108.20999908447266,18028.19921875,17.690000534057617,3956.3701171875,3.78,2.39
2022-11-11,44.7599983215332,5847659.0,1769.4000244140625,80.48290252685547,21.645999908447266,22.520000457763672,3.812999963760376,106.29000091552734,18349.69921875,17.56999969482422,3992.929931640625,3.78,2.39
2022-11-14,44.81999969482422,4678336.0,1776.9000244140625,80.49700164794922,22.09199905395508,23.729999542236328,3.865000009536743,106.66000366210938,18329.150390625,17.40999984741211,3957.25,3.78,2.37
2022-11-15,45.150001525878906,6931363.0,1776.800048828125,80.99199676513672,21.499000549316406,24.540000915527344,3.799000024795532,106.4000015258789,18403.400390625,17.719999313354492,3991.72998046875,3.78,2.35
2022-11-16,45.349998474121094,4986732.0,1775.800048828125,81.07140350341797,21.503999710083008,24.11000061035156,3.691999912261963,106.27999877929688,18409.650390625,17.229999542236328,3958.7900390625,3.78,2.29
2022-11-17,45.16999816894531,2284358.0,1763.0,81.49530029296875,20.954999923706055,23.93000030517578,3.775000095367432,106.69000244140624,18343.900390625,16.770000457763672,3946.56005859375,3.78,2.28
2022-11-18,45.2599983215332,2779991.0,1754.4000244140625,81.52490234375,20.97599983215332,23.1200008392334,3.818000078201294,106.93000030517578,18307.650390625,16.510000228881836,3965.340087890625,3.78,2.25
2022-11-21,44.79999923706055,1910550.0,1739.5999755859375,81.5198974609375,20.849000930786133,22.36000061035156,3.825000047683716,107.83999633789062,18159.94921875,16.68000030517578,3949.93994140625,3.78,2.31
2022-11-22,44.900001525878906,1808560.0,1739.9000244140625,81.72769927978516,21.034000396728516,21.290000915527344,3.757999897003174,107.22000122070312,18244.19921875,16.06999969482422,4003.580078125,3.78,2.32
2022-11-23,44.77000045776367,1970626.0,1745.5999755859375,81.71499633789062,21.35700035095215,20.350000381469727,3.7060000896453857,106.08000183105467,18267.25,15.84000015258789,4027.260009765625,3.78,2.32
2022-11-24,45.040000915527344,4073101.0,1745.5999755859375,81.63289642333984,21.35700035095215,20.350000381469727,3.7060000896453857,106.08000183105467,18484.099609375,15.84000015258789,4027.260009765625,3.78,2.32
2022-11-25,44.97999954223633,1910506.0,1754.0,81.65540313720703,21.424999237060547,20.5,3.690999984741211,105.95999908447266,18512.75,15.229999542236328,4026.1201171875,3.78,2.32
2022-11-28,45.119998931884766,3409844.0,1740.300048828125,81.6697006225586,20.90999984741211,22.209999084472656,3.703000068664551,106.68000030517578,18562.75,15.770000457763672,3963.93994140625,3.78,2.26
2022-11-29,45.099998474121094,2438774.0,1748.4000244140625,81.65029907226562,21.20400047302246,21.88999938964844,3.747999906539917,106.81999969482422,18618.05078125,15.710000038146973,3957.6298828125,3.78,2.25
2022-11-30,45.099998474121094,1984004.0,1746.0,81.63089752197266,21.549999237060547,20.579999923706055,3.703000068664551,105.9499969482422,18758.349609375,15.449999809265137,4080.110107421875,3.78,2.34
2022-12-01,45.369998931884766,3594010.0,1815.199951171875,81.3052978515625,22.636999130249023,19.84000015258789,3.5290000438690186,104.7300033569336,18812.5,15.920000076293944,4076.570068359375,4.1,2.36
2022-12-02,45.880001068115234,4102571.0,1809.5999755859375,81.16220092773438,23.038000106811523,19.059999465942383,3.50600004196167,104.5500030517578,18696.099609375,15.420000076293944,4071.699951171875,4.1,2.43
2022-12-05,46.09000015258789,3622012.0,1781.300048828125,81.42250061035156,22.198999404907227,20.75,3.5989999771118164,105.29000091552734,18701.05078125,15.8100004196167,3998.840087890625,4.1,2.39
2022-12-06,45.81999969482422,2339290.0,1782.4000244140625,81.89900207519531,22.12299919128418,22.170000076293945,3.513000011444092,105.58000183105467,18642.75,16.190000534057617,3941.260009765625,4.1,2.31
2022-12-07,45.84000015258789,1502324.0,1798.0,82.37220001220703,22.709999084472656,22.68000030517578,3.4079999923706055,105.0999984741211,18560.5,16.549999237060547,3933.919921875,4.1,2.26
2022-12-08,46.060001373291016,1618610.0,1801.5,82.25350189208984,23.062999725341797,22.290000915527344,3.490999937057495,104.7699966430664,18609.349609375,16.450000762939453,3963.510009765625,4.1,2.28
2022-12-09,46.11000061035156,1722820.0,1810.699951171875,82.2791976928711,23.53499984741211,22.829999923706055,3.566999912261963,104.80999755859376,18496.599609375,16.260000228881836,3934.3798828125,4.1,2.26
2022-12-12,46.189998626708984,3257599.0,1792.300048828125,82.41300201416016,23.219999313354492,25.0,3.611000061035156,105.12999725341795,18497.150390625,15.510000228881836,3990.56005859375,4.1,2.28
2022-12-13,46.15999984741211,2740609.0,1825.5,82.64469909667969,23.801000595092773,22.549999237060547,3.500999927520752,103.9800033569336,18608.0,14.710000038146973,4019.64990234375,4.1,2.24
2022-12-14,46.540000915527344,2311017.0,1818.699951171875,82.40249633789062,23.945999145507812,21.13999938964844,3.503000020980835,103.7699966430664,18660.30078125,14.0600004196167,3995.320068359375,4.1,2.19
2022-12-15,46.029998779296875,2670575.0,1787.800048828125,82.50800323486328,23.128000259399418,22.829999923706055,3.450000047683716,104.55999755859376,18414.900390625,14.390000343322754,3895.75,4.1,2.16
2022-12-16,46.099998474121094,2141668.0,1800.199951171875,82.85790252685547,23.150999069213867,22.6200008392334,3.4820001125335693,104.6999969482422,18269.0,14.140000343322754,3852.360107421875,4.1,2.13
2022-12-19,46.41999816894531,3589858.0,1797.699951171875,82.72599792480469,23.02899932861328,22.420000076293945,3.5810000896453857,104.72000122070312,18420.44921875,14.489999771118164,3817.659912109375,4.1,2.15
2022-12-20,46.75,3231954.0,1825.4000244140625,82.58190155029297,24.0939998626709,21.479999542236328,3.684000015258789,103.97000122070312,18385.30078125,15.029999732971191,3821.6201171875,4.1,2.24
2022-12-21,46.86000061035156,3914662.0,1825.4000244140625,82.63690185546875,24.03499984741211,20.06999969482422,3.684000015258789,104.16000366210938,18199.099609375,14.779999732971191,3878.43994140625,4.1,2.27
2022-12-22,46.869998931884766,4841450.0,1795.300048828125,82.87860107421875,23.47599983215332,21.969999313354492,3.6689999103546143,104.43000030517578,18127.349609375,14.880000114440918,3822.389892578125,4.1,2.19
2022-12-23,46.689998626708984,6051020.0,1804.199951171875,82.8749008178711,23.763999938964844,20.8700008392334,3.750999927520752,104.30999755859376,17806.80078125,14.859999656677246,3844.820068359375,4.1,2.2
2022-12-26,46.689998626708984,6123432.0,1804.199951171875,82.6041030883789,23.763999938964844,20.8700008392334,3.750999927520752,104.30999755859376,18014.599609375,14.859999656677246,3844.820068359375,4.1,2.2
2022-12-27,46.869998931884766,3104361.0,1823.0999755859375,82.90290069580078,24.040000915527344,21.649999618530273,3.859999895095825,104.18000030517578,18132.30078125,16.299999237060547,3829.25,4.1,2.26
2022-12-28,46.54999923706055,2288068.0,1815.800048828125,82.7761001586914,23.663000106811523,22.13999938964844,3.88700008392334,104.45999908447266,18122.5,15.989999771118164,3783.219970703125,4.1,2.28
2022-12-29,46.61000061035156,4403064.0,1826.0,82.85199737548828,24.07799911499023,21.440000534057617,3.8350000381469727,103.83999633789062,18191.0,16.18000030517578,3849.280029296875,4.1,2.27
2022-12-30,46.790000915527344,2945907.0,1826.199951171875,82.83509826660156,23.86199951171875,21.670000076293945,3.878999948501587,103.5199966430664,18105.30078125,16.25,3839.5,4.1,2.3
2023-01-02,47.16999816894531,5088245.0,1826.199951171875,82.74980163574219,23.86199951171875,21.670000076293945,3.878999948501587,103.5199966430664,18197.44921875,16.25,3839.5,4.33,2.3
2023-01-03,47.630001068115234,5165224.0,1846.0999755859375,82.70600128173828,24.05900001525879,22.899999618530273,3.7929999828338623,104.5199966430664,18232.55078125,17.260000228881836,3824.139892578125,4.33,2.26
2023-01-04,48.06999969482422,4039965.0,1859.0,82.78569793701172,23.79199981689453,22.010000228881836,3.7090001106262207,104.25,18042.94921875,17.350000381469727,3852.969970703125,4.33,2.22
2023-01-05,47.779998779296875,4303123.0,1840.5999755859375,82.66649627685547,23.257999420166016,22.459999084472656,3.7200000286102295,105.04000091552734,17992.150390625,16.780000686645508,3808.10009765625,4.33,2.22
2023-01-06,47.5,3457817.0,1869.699951171875,82.64520263671875,23.82200050354004,21.1299991607666,3.569000005722046,103.87999725341795,17859.44921875,16.440000534057617,3895.080078125,4.33,2.21
2023-01-09,48.11000061035156,4176477.0,1877.800048828125,82.27339935302734,23.711999893188477,21.969999313354492,3.5169999599456787,103.0,18101.19921875,16.920000076293945,3892.090087890625,4.33,2.22
2023-01-10,47.959999084472656,3691056.0,1876.5,82.18009948730469,23.506999969482425,20.579999923706055,3.621000051498413,103.23999786376952,17914.150390625,16.59000015258789,3919.25,4.33,2.24
2023-01-11,48.02000045776367,2415393.0,1878.9000244140625,81.63739776611328,23.32699966430664,21.09000015258789,3.553999900817871,103.19000244140624,17895.69921875,16.31999969482422,3969.610107421875,4.33,2.23
2023-01-12,47.95000076293945,1434158.0,1898.800048828125,81.63179779052734,23.863000869750977,18.829999923706055,3.4489998817443848,102.25,17858.19921875,15.949999809265137,3983.169921875,4.33,2.21
2023-01-13,48.22999954223633,2270665.0,1921.699951171875,81.1156005859375,24.231000900268555,18.350000381469727,3.510999917984009,102.1999969482422,17956.599609375,16.3700008392334,3999.090087890625,4.33,2.18
2023-01-16,48.70000076293945,4385790.0,1921.699951171875,81.27799987792969,24.231000900268555,18.350000381469727,3.510999917984009,102.1999969482422,17894.849609375,16.3700008392334,3999.090087890625,4.33,2.18
2023-01-17,48.5,3222233.0,1909.9000244140625,81.65260314941406,23.944000244140625,19.36000061035156,3.5350000858306885,102.38999938964844,18053.30078125,16.489999771118164,3990.969970703125,4.33,2.17
2023-01-18,48.459999084472656,2210772.0,1907.0,81.52549743652344,23.530000686645508,20.34000015258789,3.375,102.36000061035156,18165.349609375,16.190000534057617,3928.860107421875,4.33,2.12
2023-01-19,48.5,1803822.0,1923.9000244140625,81.43599700927734,23.753999710083008,20.520000457763672,3.3970000743865967,102.05999755859376,18107.849609375,16.709999084472656,3898.85009765625,4.33,2.2
2023-01-20,48.7599983215332,2310265.0,1928.199951171875,81.23979949951172,23.829999923706055,19.850000381469727,3.4839999675750732,102.01000213623048,18027.650390625,16.399999618530273,3972.610107421875,4.33,2.23
2023-01-23,48.77000045776367,2703249.0,1928.5999755859375,80.97599792480469,23.45199966430664,19.809999465942383,3.5250000953674316,102.13999938964844,18118.55078125,16.200000762939453,4019.81005859375,4.33,2.28
2023-01-24,48.90999984741211,4267976.0,1935.4000244140625,81.48799896240234,23.64900016784668,19.200000762939453,3.4690001010894775,101.91999816894533,18118.30078125,16.170000076293945,4016.949951171875,4.33,2.27
2023-01-25,48.7599983215332,2684878.0,1942.5999755859375,81.60189819335938,23.839000701904297,19.079999923706055,3.461999893188477,101.63999938964844,17891.94921875,16.1200008392334,4016.219970703125,4.33,2.29
2023-01-27,48.779998779296875,4045147.0,1929.4000244140625,81.44509887695312,23.527000427246097,18.510000228881836,3.5179998874664307,101.93000030517578,17604.349609375,15.229999542236328,4070.56005859375,4.33,2.33
2023-01-30,48.77000045776367,3389681.0,1922.9000244140625,81.50800323486328,23.645000457763672,19.940000534057617,3.5510001182556152,102.27999877929688,17648.94921875,15.59000015258789,4017.77001953125,4.33,2.29
2023-01-31,48.66999816894531,2414372.0,1929.5,81.57990264892578,23.74799919128418,19.399999618530273,3.5290000438690186,102.0999984741211,17662.150390625,15.75,4076.60009765625,4.33,2.24
2023-02-01,49.40999984741211,3765879.0,1942.800048828125,81.76840209960938,23.520999908447266,17.8700008392334,3.3970000743865967,101.22000122070312,17616.30078125,15.220000267028809,4119.2099609375,4.57,2.25
2023-02-02,50.470001220703125,7185518.0,1930.800048828125,81.71029663085938,23.534000396728516,18.729999542236328,3.3959999084472656,101.75,17610.400390625,15.140000343322754,4179.759765625,4.57,2.22
2023-02-03,49.41999816894531,8593265.0,1876.5999755859375,82.0458984375,22.333999633789062,18.329999923706055,3.5320000648498535,102.91999816894533,17854.05078125,15.0600004196167,4136.47998046875,4.57,2.22
2023-02-06,49.040000915527344,3437174.0,1879.5,82.22599792480469,22.177000045776367,19.43000030517578,3.634000062942505,103.62000274658205,17764.599609375,15.8100004196167,4111.080078125,4.57,2.25
2023-02-07,49.06999969482422,2840902.0,1884.800048828125,82.75499725341797,22.117000579833984,18.65999984741211,3.674000024795532,103.43000030517578,17721.5,15.619999885559082,4164.0,4.57,2.31
2023-02-08,49.20000076293945,2932331.0,1890.699951171875,82.74189758300781,22.367000579833984,19.6299991607666,3.6530001163482666,103.41000366210938,17871.69921875,15.460000038146973,4117.85986328125,4.57,2.34
2023-02-09,49.11000061035156,1587624.0,1878.5,82.65950012207031,22.097000122070312,20.709999084472656,3.683000087738037,103.22000122070312,17893.44921875,15.520000457763672,4081.5,4.57,2.33
2023-02-10,48.65999984741211,2554259.0,1874.5,82.533203125,22.034000396728516,20.530000686645508,3.74399995803833,103.62999725341795,17856.5,15.460000038146973,4090.4599609375,4.57,2.33
2023-02-13,48.66999816894531,2363354.0,1863.5,82.51300048828125,21.81800079345703,20.34000015258789,3.7170000076293945,103.3499984741211,17770.900390625,15.579999923706056,4137.2900390625,4.57,2.31
2023-02-14,48.790000915527344,2015279.0,1865.4000244140625,82.59739685058594,21.84199905395508,18.90999984741211,3.760999917984009,103.2300033569336,17929.849609375,14.880000114440918,4136.1298828125,4.57,2.31
2023-02-15,48.15999984741211,3000332.0,1845.300048828125,82.86759948730469,21.54599952697754,18.229999542236328,3.809000015258789,103.91999816894533,18015.849609375,14.899999618530272,4147.60009765625,4.57,2.35
2023-02-16,48.18000030517578,1739270.0,1851.800048828125,82.73770141601562,21.68400001525879,20.170000076293945,3.8429999351501465,103.86000061035156,18035.849609375,14.920000076293944,4090.409912109375,4.57,2.37
2023-02-17,47.95000076293945,2493726.0,1850.199951171875,82.69529724121094,21.694000244140625,20.020000457763672,3.828000068664551,103.86000061035156,17944.19921875,14.6899995803833,4079.090087890625,4.57,2.36
2023-02-20,48.380001068115234,2176367.0,1850.199951171875,82.75800323486328,21.694000244140625,20.020000457763672,3.828000068664551,103.86000061035156,17844.599609375,14.6899995803833,4079.090087890625,4.57,2.36
2023-02-21,48.2599983215332,1890550.0,1842.5,82.69750213623047,21.868999481201172,22.8700008392334,3.9549999237060542,104.18000030517578,17826.69921875,15.479999542236328,3997.340087890625,4.57,2.42
2023-02-22,48.15999984741211,1531186.0,1841.5,82.86119842529297,21.660999298095703,22.290000915527344,3.92300009727478,104.58999633789062,17554.30078125,15.050000190734863,3991.050048828125,4.57,2.41
2023-02-23,47.86000061035156,1730841.0,1826.800048828125,82.83529663085938,21.298999786376953,21.13999938964844,3.878999948501587,104.5999984741211,17511.25,14.84000015258789,4012.320068359375,4.57,2.39
2023-02-24,47.779998779296875,1269779.0,1817.0999755859375,82.6178970336914,20.805999755859375,21.670000076293945,3.9489998817443848,105.20999908447266,17465.80078125,14.5600004196167,3970.0400390625,4.57,2.38
2023-02-27,47.439998626708984,3179913.0,1824.9000244140625,82.91799926757812,20.670000076293945,20.950000762939453,3.921999931335449,104.66999816894533,17392.69921875,14.350000381469728,3982.239990234375,4.57,2.36
2023-02-28,47.40999984741211,2281399.0,1836.699951171875,82.6520004272461,20.961000442504883,20.700000762939453,3.9159998893737793,104.87000274658205,17303.94921875,14.170000076293944,3970.14990234375,4.57,2.43
2023-03-01,47.77000045776367,2904455.0,1845.4000244140625,82.6353988647461,20.958999633789062,20.579999923706055,3.99399995803833,104.4800033569336,17450.900390625,14.15999984741211,3951.389892578125,4.65,2.44
2023-03-02,47.810001373291016,2417506.0,1840.5,82.4198989868164,20.766000747680664,19.59000015258789,4.072999954223633,105.02999877929688,17321.900390625,13.9399995803833,3981.35009765625,4.65,2.48
2023-03-03,47.81999969482422,2310650.0,1854.5999755859375,82.35569763183594,21.093000411987305,18.489999771118164,3.96399998664856,104.5199966430664,17594.349609375,13.93000030517578,4045.639892578125,4.65,2.52
2023-03-06,47.83000183105469,3400795.0,1854.5999755859375,81.7125015258789,20.983999252319336,18.61000061035156,3.9830000400543217,104.3499984741211,17711.44921875,14.239999771118164,4048.419921875,4.65,2.49
2023-03-08,47.119998931884766,2248801.0,1818.5999755859375,82.07460021972656,20.0049991607666,19.11000061035156,3.9760000705718994,105.66000366210938,17754.400390625,13.789999961853027,3992.010009765625,4.65,2.32
2023-03-09,47.06999969482422,2670045.0,1834.5999755859375,81.9645004272461,20.024999618530273,22.61000061035156,3.924999952316284,105.30999755859376,17589.599609375,14.300000190734863,3918.320068359375,4.65,2.3
2023-03-10,47.43000030517578,3009916.0,1867.199951171875,82.01840209960938,20.375,24.799999237060547,3.694999933242798,104.58000183105467,17412.900390625,16.56999969482422,3861.590087890625,4.65,2.26
2023-03-13,48.81999969482422,5159849.0,1916.5,81.95800018310547,21.792999267578125,26.520000457763672,3.515000104904175,103.5999984741211,17154.30078125,20.0,3855.760009765625,4.65,2.24
2023-03-14,49.130001068115234,5412885.0,1910.9000244140625,82.41739654541016,21.929000854492188,23.729999542236328,3.638000011444092,103.5999984741211,17043.30078125,17.950000762939453,3919.2900390625,4.65,2.31
2023-03-15,48.93000030517578,3470751.0,1931.300048828125,82.30490112304688,21.77400016784668,26.13999938964844,3.492000102996826,104.6500015258789,16972.150390625,19.75,3891.929931640625,4.65,2.29
2023-03-16,49.70000076293945,4805081.0,1923.0,82.7156982421875,21.58799934387207,22.989999771118164,3.5850000381469727,104.41999816894533,16985.599609375,17.3799991607666,3960.280029296875,4.65,2.22
2023-03-17,49.75,2930564.0,1973.5,82.622802734375,22.35099983215332,25.510000228881836,3.3949999809265137,103.70999908447266,17100.05078125,22.829999923706055,3916.639892578125,4.65,2.1
2023-03-20,50.90999984741211,9374247.0,1982.800048828125,82.53299713134766,22.53300094604492,24.149999618530273,3.4809999465942383,103.27999877929688,16988.400390625,21.399999618530273,3951.570068359375,4.65,2.14
2023-03-21,50.47999954223633,4152847.0,1941.0999755859375,82.52909851074219,22.323999404907227,21.3799991607666,3.6059999465942383,103.26000213623048,17107.5,19.13999938964844,4002.8701171875,4.65,2.23
2023-03-22,50.040000915527344,16592552.0,1949.5999755859375,82.677001953125,22.674999237060547,22.260000228881836,3.5,102.3499984741211,17151.900390625,19.219999313354492,3936.969970703125,4.65,2.28
2023-03-23,50.36000061035156,9676515.0,1995.9000244140625,82.52580261230469,23.143999099731445,22.61000061035156,3.4059998989105225,102.52999877929688,17076.900390625,20.950000762939453,3948.719970703125,4.65,2.19
2023-03-24,50.900001525878906,4762415.0,1983.800048828125,82.26529693603516,23.246999740600582,21.739999771118164,3.380000114440918,103.12000274658205,16945.05078125,19.959999084472656,3970.989990234375,4.65,2.22
2023-03-27,50.400001525878906,6111441.0,1953.800048828125,82.33879852294922,23.054000854492188,20.600000381469727,3.5280001163482666,102.86000061035156,16985.69921875,19.18000030517578,3977.530029296875,4.65,2.24
2023-03-28,50.40999984741211,7012406.0,1973.5,82.21489715576172,23.323999404907227,19.969999313354492,3.563999891281128,102.43000030517578,16951.69921875,19.030000686645508,3971.27001953125,4.65,2.31
2023-03-29,50.689998626708984,3699065.0,1966.9000244140625,82.16429901123047,23.375999450683594,19.1200008392334,3.565999984741211,102.63999938964844,17080.69921875,17.770000457763672,4027.81005859375,4.65,2.33
2023-03-31,51.06999969482422,6527536.0,1969.0,82.10050201416016,24.076000213623047,18.700000762939453,3.49399995803833,102.51000213623048,17359.75,17.309999465942383,4109.31005859375,4.65,2.32
2023-04-03,50.79999923706055,5802605.0,2000.4000244140625,82.18479919433594,23.94099998474121,18.549999237060547,3.430000066757202,102.08999633789062,17398.05078125,18.25,4124.509765625,4.83,2.29
2023-04-05,51.86000061035156,6683360.0,2035.5999755859375,82.11479949951172,24.96299934387207,19.079999923706055,3.2869999408721924,101.8499984741211,17557.05078125,18.979999542236328,4090.3798828125,4.83,2.23
2023-04-06,51.810001373291016,4684885.0,2026.4000244140625,81.94999694824219,25.024999618530273,18.399999618530273,3.288000106811523,101.81999969482422,17599.150390625,18.440000534057617,4105.02001953125,4.83,2.24
2023-04-10,51.380001068115234,4825642.0,2003.800048828125,81.88480377197266,24.84600067138672,18.969999313354492,3.4149999618530273,102.58000183105467,17624.05078125,18.540000915527344,4109.10986328125,4.83,2.27
2023-04-11,51.54999923706055,3126795.0,2019.0,81.98390197753906,25.131000518798828,19.100000381469727,3.434000015258789,102.1999969482422,17722.30078125,18.329999923706055,4108.93994140625,4.83,2.29
2023-04-12,51.720001220703125,2107439.0,2024.9000244140625,82.07009887695312,25.40399932861328,19.09000015258789,3.4210000038146973,101.5,17812.400390625,17.690000534057617,4091.949951171875,4.83,2.27
2023-04-13,51.939998626708984,3068716.0,2055.300048828125,81.96060180664062,25.874000549316406,17.799999237060547,3.4519999027252197,101.01000213623048,17828.0,18.479999542236328,4146.22021484375,4.83,2.29
2023-04-17,51.70000076293945,2780804.0,2007.0,81.84480285644531,25.05299949645996,16.950000762939453,3.5910000801086426,102.0999984741211,17706.849609375,17.3700008392334,4151.31982421875,4.83,2.32
2023-04-18,51.52000045776367,2607685.0,2019.699951171875,82.00370025634766,25.24799919128418,16.829999923706055,3.572000026702881,101.75,17660.150390625,17.139999389648438,4154.8701171875,4.83,2.28
2023-04-19,51.119998931884766,24059884.0,2007.300048828125,82.10790252685547,25.36599922180176,16.459999084472656,3.6019999980926514,101.97000122070312,17618.75,17.209999084472656,4154.52001953125,4.83,2.28
2023-04-20,51.63999938964844,4638296.0,2019.0999755859375,82.34010314941406,25.368000030517575,17.170000076293945,3.5450000762939453,101.83999633789062,17624.44921875,17.209999084472656,4129.7900390625,4.83,2.26
2023-04-21,51.290000915527344,3650585.0,1990.5,82.14089965820312,25.05299949645996,16.770000457763672,3.569999933242798,101.81999969482422,17624.05078125,16.420000076293945,4133.52001953125,4.83,2.28
2023-04-24,51.2599983215332,2660843.0,1999.800048828125,82.05480194091797,25.305999755859375,16.889999389648438,3.515000104904175,101.3499984741211,17743.400390625,16.8799991607666,4137.0400390625,4.83,2.28
2023-04-25,51.31999969482422,3122970.0,2004.5,81.85230255126953,24.87700080871582,18.760000228881836,3.3959999084472656,101.86000061035156,17769.25,17.719999313354492,4071.6298828125,4.83,2.25
2023-04-26,51.47999954223633,1868163.0,1996.0,81.9916000366211,24.871000289916992,18.84000015258789,3.431999921798706,101.47000122070312,17813.599609375,17.739999771118164,4055.989990234375,4.83,2.25
2023-04-27,51.470001220703125,1677642.0,1999.0,81.76689910888672,24.982999801635746,17.030000686645508,3.5280001163482666,101.5,17915.05078125,17.280000686645508,4135.35009765625,4.83,2.27
2023-04-28,51.25,1904628.0,1999.0999755859375,81.76509857177734,24.999000549316406,15.779999732971191,3.4519999027252197,101.66999816894533,18065.0,16.469999313354492,4169.47998046875,4.83,2.18
2023-05-02,51.310001373291016,5643337.0,2023.300048828125,81.77469635009766,25.40399932861328,17.780000686645508,3.438999891281128,101.95999908447266,18147.650390625,18.690000534057617,4119.580078125,5.06,2.2
2023-05-03,52.060001373291016,2664385.0,2037.0,81.77870178222656,25.47599983215332,18.34000015258789,3.4030001163482666,101.33999633789062,18089.849609375,18.700000762939453,4090.75,5.06,2.2
2023-05-04,52.5099983215332,4360800.0,2055.699951171875,81.77999877929688,26.03499984741211,20.09000015258789,3.3510000705718994,101.4000015258789,18255.80078125,20.350000381469727,4061.219970703125,5.06,2.19
2023-05-05,52.5,3223986.0,2024.800048828125,81.71610260009766,25.743000030517575,17.190000534057617,3.446000099182129,101.20999908447266,18069.0,18.5,4136.25,5.06,2.21
2023-05-08,52.16999816894531,3089746.0,2033.199951171875,81.72979736328125,25.63599967956543,16.979999542236328,3.5209999084472656,101.37000274658205,18264.400390625,18.670000076293945,4138.1201171875,5.06,2.23
2023-05-09,52.369998931884766,3174692.0,2042.9000244140625,81.78710174560547,25.697999954223633,17.709999084472656,3.5209999084472656,101.63999938964844,18265.94921875,18.729999542236328,4119.169921875,5.06,2.23
2023-05-10,52.43000030517578,3804699.0,2037.0999755859375,82.1050033569336,25.461000442504883,16.940000534057617,3.438999891281128,101.4800033569336,18315.099609375,18.3700008392334,4137.64013671875,5.06,2.17
2023-05-11,52.369998931884766,2016110.0,2020.5,81.9198989868164,24.2549991607666,16.93000030517578,3.3970000743865967,102.05999755859376,18297.0,17.770000457763672,4130.6201171875,5.06,2.16
2023-05-12,51.90999984741211,3345301.0,2019.800048828125,82.10030364990234,23.992000579833984,17.030000686645508,3.4630000591278076,102.68000030517578,18314.80078125,17.3700008392334,4124.080078125,5.06,2.18
2023-05-15,52.279998779296875,2473337.0,2022.699951171875,82.20030212402344,24.12700080871582,17.1200008392334,3.507999897003174,102.43000030517578,18398.849609375,17.520000457763672,4136.27978515625,5.06,2.19
2023-05-16,52.04999923706055,2608312.0,1993.0,82.2667007446289,23.73699951171875,17.989999771118164,3.549000024795532,102.55999755859376,18286.5,17.6200008392334,4109.89990234375,5.06,2.19
2023-05-17,51.619998931884766,3919739.0,1984.9000244140625,82.2959976196289,23.75200080871582,16.8700008392334,3.5810000896453857,102.87999725341795,18181.75,16.989999771118164,4158.77001953125,5.06,2.22
2023-05-18,51.59000015258789,1567727.0,1959.800048828125,82.45030212402344,23.4950008392334,16.049999237060547,3.6480000019073486,103.58000183105467,18129.94921875,16.950000762939453,4198.0498046875,5.06,2.23
2023-05-19,51.439998626708984,2730413.0,1981.5999755859375,82.72509765625,23.920000076293945,16.809999465942383,3.691999912261963,103.1999969482422,18203.400390625,17.219999313354492,4191.97998046875,5.06,2.24
2023-05-22,51.97999954223633,4148458.0,1977.199951171875,82.90480041503906,23.71500015258789,17.209999084472656,3.7190001010894775,103.1999969482422,18314.400390625,17.549999237060547,4192.6298828125,5.06,2.24
2023-05-23,51.43000030517578,3155167.0,1974.5,82.82499694824219,23.474000930786133,18.530000686645508,3.697999954223633,103.48999786376952,18348.0,17.65999984741211,4145.580078125,5.06,2.26
2023-05-24,51.75,2764715.0,1964.5999755859375,82.8906021118164,23.114999771118164,20.030000686645508,3.7190001010894775,103.88999938964844,18285.400390625,17.559999465942383,4115.240234375,5.06,2.25
2023-05-25,51.45000076293945,2717194.0,1943.699951171875,82.71369934082031,22.785999298095703,19.13999938964844,3.813999891281128,104.20999908447266,18321.150390625,16.84000015258789,4151.27978515625,5.06,2.25
2023-05-26,51.33000183105469,2465982.0,1944.300048828125,82.74210357666016,23.239999771118164,17.950000762939453,3.809999942779541,104.20999908447266,18499.349609375,16.299999237060547,4205.4501953125,5.06,2.23
2023-05-29,51.18000030517578,2542716.0,1944.300048828125,82.57479858398438,23.239999771118164,17.950000762939453,3.809999942779541,104.20999908447266,18598.650390625,16.299999237060547,4205.4501953125,5.06,2.23
2023-05-30,51.13999938964844,3304510.0,1958.0,82.57969665527344,23.125,17.459999084472656,3.700000047683716,104.16999816894533,18633.849609375,15.880000114440918,4205.52001953125,5.06,2.22
2023-05-31,51.130001068115234,3035185.0,1963.9000244140625,82.68389892578125,23.474000930786133,17.940000534057617,3.63700008392334,104.31999969482422,18534.400390625,15.630000114440918,4179.830078125,5.06,2.18
2023-06-01,50.9900016784668,4059946.0,1995.5,82.66680145263672,23.875,15.649999618530272,3.6080000400543217,103.55999755859376,18487.75,15.5,4221.02001953125,5.08,2.16
2023-06-02,51.31999969482422,2845619.0,1969.5999755859375,82.27670288085938,23.64299964904785,14.600000381469728,3.690999984741211,104.0199966430664,18534.099609375,14.31999969482422,4282.3701171875,5.08,2.18
2023-06-05,50.720001220703125,5408201.0,1974.300048828125,82.40979766845703,23.534000396728516,14.729999542236328,3.693000078201294,104.0,18593.849609375,14.270000457763672,4273.7900390625,5.08,2.19
2023-06-06,51.06999969482422,3104068.0,1981.5,82.51119995117188,23.573999404907227,13.960000038146973,3.6989998817443848,104.12999725341795,18599.0,13.9399995803833,4283.85009765625,5.08,2.2
2023-06-07,50.9900016784668,2619324.0,1958.4000244140625,82.51719665527344,23.43899917602539,13.9399995803833,3.7839999198913574,104.0999984741211,18726.400390625,13.8100004196167,4267.52001953125,5.08,2.21
2023-06-08,50.70000076293945,2389085.0,1978.5999755859375,82.61810302734375,24.263999938964844,13.649999618530272,3.71399998664856,103.33999633789062,18634.55078125,13.9399995803833,4293.93017578125,5.08,2.2
2023-06-09,50.959999084472656,3521432.0,1977.199951171875,82.48829650878906,24.333999633789062,13.829999923706056,3.744999885559082,103.55999755859376,18563.400390625,13.6899995803833,4298.85986328125,5.08,2.2
2023-06-12,50.93000030517578,2970118.0,1969.699951171875,82.4448013305664,23.98500061035156,15.010000228881836,3.765000104904175,103.62999725341795,18601.5,13.699999809265137,4338.93017578125,5.08,2.17
2023-06-13,50.88999938964844,1534463.0,1958.5999755859375,82.33719635009766,23.756000518798828,14.609999656677246,3.83899998664856,103.33999633789062,18716.150390625,13.449999809265137,4369.009765625,5.08,2.2
2023-06-14,50.560001373291016,2475767.0,1968.9000244140625,82.29039764404297,24.04400062561035,13.880000114440918,3.7960000038146977,103.01000213623048,18755.900390625,12.84000015258789,4372.58984375,5.08,2.21
2023-06-15,50.15999984741211,3347489.0,1970.699951171875,82.04499816894531,23.891000747680664,14.5,3.7279999256134033,102.12000274658205,18688.099609375,13.0,4425.83984375,5.08,2.21
2023-06-16,50.65999984741211,2329107.0,1971.199951171875,81.9126968383789,24.076000213623047,13.539999961853027,3.7690000534057617,102.3000030517578,18826.0,12.399999618530272,4409.58984375,5.08,2.22
2023-06-19,50.529998779296875,2465714.0,1971.199951171875,81.91480255126953,24.076000213623047,13.539999961853027,3.7690000534057617,102.3000030517578,18755.44921875,12.399999618530272,4409.58984375,5.08,2.22
2023-06-20,50.4900016784668,2232025.0,1947.699951171875,81.98139953613281,23.19300079345703,13.880000114440918,3.7290000915527344,102.54000091552734,18816.69921875,12.729999542236328,4388.7099609375,5.08,2.22
2023-06-21,50.09000015258789,3310301.0,1944.9000244140625,81.9917984008789,22.77400016784668,13.199999809265137,3.723000049591065,102.06999969482422,18856.849609375,12.979999542236328,4365.68994140625,5.08,2.21
2023-06-22,49.86000061035156,3525799.0,1923.699951171875,81.94149780273438,22.43600082397461,12.90999984741211,3.799000024795532,102.38999938964844,18771.25,12.960000038146973,4381.89013671875,5.08,2.24
2023-06-23,49.75,3149502.0,1929.5999755859375,81.91929626464844,22.32799911499023,13.4399995803833,3.739000082015991,102.9000015258789,18665.5,12.729999542236328,4348.330078125,5.08,2.21
2023-06-26,49.9900016784668,2461652.0,1933.800048828125,81.98480224609375,22.80500030517578,14.25,3.7190001010894775,102.69000244140624,18691.19921875,13.079999923706056,4328.81982421875,5.08,2.18
2023-06-27,49.79999923706055,1963954.0,1923.800048828125,82.00650024414062,22.93899917602539,13.739999771118164,3.76799988746643,102.48999786376952,18817.400390625,12.880000114440918,4378.41015625,5.08,2.2
2023-06-28,49.54999923706055,2536016.0,1922.199951171875,81.99839782714844,22.868000030517575,13.43000030517578,3.7100000381469727,102.91000366210938,18972.099609375,12.529999732971191,4376.85986328125,5.08,2.18
2023-06-30,49.310001373291016,4198762.0,1929.4000244140625,82.07540130615234,22.809999465942383,13.59000015258789,3.819000005722046,102.91000366210938,19189.05078125,12.039999961853027,4450.3798828125,5.08,2.22
2023-07-03,49.560001373291016,3321759.0,1929.5,82.09629821777344,22.895999908447266,13.56999969482422,3.8580000400543217,102.98999786376952,19322.55078125,12.220000267028809,4455.58984375,5.12,2.25
2023-07-04,49.880001068115234,3242266.0,1929.5,81.95010375976562,22.895999908447266,13.56999969482422,3.8580000400543217,102.98999786376952,19389.0,12.220000267028809,4455.58984375,5.12,2.25
2023-07-05,49.97999954223633,2920838.0,1927.0999755859375,82.0071029663086,23.19700050354004,14.18000030517578,3.944999933242798,103.37000274658205,19398.5,12.460000038146973,4446.81982421875,5.12,2.26
2023-07-06,49.900001525878906,3122923.0,1915.4000244140625,82.39409637451172,22.68600082397461,15.4399995803833,4.040999889373779,103.16999816894533,19497.30078125,12.25,4411.58984375,5.12,2.27
2023-07-07,50.02000045776367,2881198.0,1932.5,82.76840209960938,23.09199905395508,14.829999923706056,4.050000190734863,102.2699966430664,19331.80078125,12.119999885559082,4398.9501953125,5.12,2.27
2023-07-10,50.029998779296875,3318834.0,1931.0,82.61530303955078,23.150999069213867,15.06999969482422,4.00600004196167,101.97000122070312,19355.900390625,12.40999984741211,4409.52978515625,5.12,2.25
2023-07-11,50.15999984741211,2680421.0,1937.0999755859375,82.52529907226562,23.086000442504883,14.84000015258789,3.9800000190734863,101.7300033569336,19439.400390625,12.640000343322754,4439.259765625,5.12,2.24
2023-07-12,50.099998474121094,2861761.0,1961.699951171875,82.39990234375,24.118999481201172,13.539999961853027,3.861000061035156,100.5199966430664,19384.30078125,13.119999885559082,4472.16015625,5.12,2.26
2023-07-13,50.52000045776367,3956450.0,1963.800048828125,82.00180053710938,24.76799964904785,13.609999656677246,3.760999917984009,99.7699966430664,19413.75,12.729999542236328,4510.0400390625,5.12,2.24
2023-07-14,50.59000015258789,2947591.0,1964.4000244140625,82.03079986572266,25.013999938964844,13.34000015258789,3.819000005722046,99.91000366210938,19564.5,12.050000190734863,4505.419921875,5.12,2.24
2023-07-17,50.4900016784668,2897048.0,1956.4000244140625,82.07679748535156,24.8439998626709,13.479999542236328,3.796999931335449,99.83999633789062,19711.44921875,12.34000015258789,4522.7900390625,5.12,2.25
2023-07-18,50.65999984741211,3455452.0,1980.800048828125,82.06159973144531,25.083999633789062,13.300000190734863,3.7890000343322754,99.94000244140624,19749.25,12.619999885559082,4554.97998046875,5.12,2.23
2023-07-19,51.02000045776367,3510703.0,1980.800048828125,82.07540130615234,25.2189998626709,13.760000228881836,3.742000102996826,100.27999877929688,19833.150390625,12.890000343322754,4565.72021484375,5.12,2.22
2023-07-20,51.08000183105469,2538202.0,1970.9000244140625,82.06169891357422,24.80500030517578,13.989999771118164,3.8540000915527344,100.87999725341795,19979.150390625,12.670000076293944,4534.8701171875,5.12,2.35
2023-07-21,50.650001525878906,3002336.0,1966.5999755859375,82.0823974609375,24.697999954223633,13.600000381469728,3.836999893188477,101.06999969482422,19745.0,12.229999542236328,4536.33984375,5.12,2.35
2023-07-24,50.650001525878906,3016047.0,1962.199951171875,81.99030303955078,24.43600082397461,13.90999984741211,3.85700011253357,101.3499984741211,19672.349609375,12.350000381469728,4554.64013671875,5.12,2.38
2023-07-25,50.58000183105469,2378439.0,1963.699951171875,81.81420135498047,24.68000030517578,13.859999656677246,3.911999940872192,101.3499984741211,19680.599609375,12.420000076293944,4567.4599609375,5.12,2.39
2023-07-26,50.84000015258789,2066147.0,1970.0999755859375,81.95010375976562,24.825000762939453,13.1899995803833,3.8510000705718994,100.88999938964844,19778.30078125,12.109999656677246,4566.75,5.12,2.36
2023-07-27,50.93000030517578,2359486.0,1945.699951171875,81.97550201416016,24.236000061035156,14.40999984741211,4.01200008392334,101.7699966430664,19659.900390625,12.289999961853027,4537.41015625,5.12,2.37
2023-07-28,50.66999816894531,3044246.0,1960.4000244140625,82.3749008178711,24.3700008392334,13.329999923706056,3.9690001010894775,101.62000274658205,19646.05078125,11.779999732971191,4582.22998046875,5.12,2.38
2023-07-31,50.65999984741211,2724579.0,1970.5,82.25279998779297,24.854000091552734,13.630000114440918,3.9590001106262207,101.86000061035156,19753.80078125,12.15999984741211,4588.9599609375,5.12,2.37
2023-08-01,50.689998626708984,2808981.0,1978.800048828125,82.2332992553711,24.20800018310547,13.93000030517578,4.051000118255615,102.3000030517578,19733.55078125,11.829999923706056,4576.72998046875,5.33,2.37
2023-08-02,50.68000030517578,2766414.0,1975.0,82.30729675292969,23.753999710083008,16.09000015258789,4.078000068664551,102.58999633789062,19526.55078125,12.449999809265137,4513.39013671875,5.33,2.36
2023-08-03,50.540000915527344,3504581.0,1968.800048828125,82.7332992553711,23.586000442504883,15.920000076293944,4.189000129699707,102.54000091552734,19381.650390625,12.789999961853027,4501.89013671875,5.33,2.37
2023-08-04,50.5,1884959.0,1976.0999755859375,82.7843017578125,23.617000579833984,17.100000381469727,4.059999942779541,102.0199966430664,19517.0,12.220000267028809,4478.02978515625,5.33,2.38
2023-08-07,50.4900016784668,2346100.0,1970.0,82.69529724121094,23.142000198364254,15.770000457763672,4.078000068664551,102.0500030517578,19597.30078125,12.239999771118164,4518.43994140625,5.33,2.41
2023-08-08,50.560001373291016,2327953.0,1959.9000244140625,82.74829864501953,22.71699905395508,15.989999771118164,4.026000022888184,102.52999877929688,19570.849609375,12.210000038146973,4499.3798828125,5.33,2.36
2023-08-09,50.369998931884766,1844205.0,1950.5999755859375,82.84500122070312,22.649999618530273,15.960000038146973,4.01200008392334,102.48999786376952,19632.55078125,12.329999923706056,4467.7099609375,5.33,2.34
2023-08-10,50.22999954223633,2807602.0,1948.9000244140625,82.86630249023438,22.746000289916992,15.850000381469728,4.079999923706055,102.5199966430664,19543.099609375,11.84000015258789,4468.830078125,5.33,2.33
2023-08-11,50.130001068115234,2670804.0,1946.5999755859375,82.79989624023438,22.673999786376953,14.84000015258789,4.168000221252441,102.83999633789062,19428.30078125,11.539999961853027,4464.0498046875,5.33,2.36
2023-08-14,50.09000015258789,2275541.0,1944.0,82.89730072021484,22.643999099731445,14.81999969482422,4.184000015258789,103.19000244140624,19434.55078125,11.970000267028809,4489.72021484375,5.33,2.36
2023-08-16,50.11000061035156,2226988.0,1928.300048828125,83.19419860839844,22.479999542236328,16.780000686645508,4.257999897003174,103.41999816894533,19465.0,12.43000030517578,4404.330078125,5.33,2.32
2023-08-17,49.81999969482422,3112288.0,1915.199951171875,83.23699951171875,22.670000076293945,17.889999389648438,4.308000087738037,103.44000244140624,19365.25,12.890000343322754,4370.35986328125,5.33,2.33
2023-08-18,49.75,1845726.0,1916.5,83.09829711914062,22.69499969482422,17.299999237060547,4.250999927520752,103.37999725341795,19310.150390625,12.630000114440918,4369.7099609375,5.33,2.32
2023-08-21,49.68000030517578,3301667.0,1923.0,83.16729736328125,23.304000854492188,17.1299991607666,4.3420000076293945,103.33000183105467,19393.599609375,12.90999984741211,4399.77001953125,5.33,2.34
2023-08-22,49.900001525878906,2084194.0,1926.0,83.1135025024414,23.420000076293945,16.969999313354492,4.328000068664551,103.55999755859376,19396.44921875,12.579999923706056,4387.5498046875,5.33,2.35
2023-08-23,49.810001373291016,3727962.0,1948.0999755859375,83.07330322265625,24.363000869750977,15.979999542236328,4.197999954223633,103.36000061035156,19444.0,12.670000076293944,4436.009765625,5.33,2.35
2023-08-24,50.029998779296875,2304166.0,1947.0999755859375,82.5447006225586,24.211000442504883,17.200000762939453,4.235000133514404,103.9800033569336,19386.69921875,12.529999732971191,4376.31005859375,5.33,2.32
2023-08-25,49.939998626708984,1955871.0,1939.9000244140625,82.64140319824219,24.219999313354492,15.68000030517578,4.238999843597412,104.08000183105467,19265.80078125,12.09000015258789,4405.7099609375,5.33,2.33
2023-08-28,49.79999923706055,2459176.0,1946.800048828125,82.66429901123047,24.238000869750977,15.079999923706056,4.211999893188477,104.05999755859376,19306.05078125,12.210000038146973,4433.31005859375,5.33,2.3
2023-08-29,49.97999954223633,2026617.0,1965.0999755859375,82.69149780273438,24.777000427246097,14.449999809265137,4.122000217437744,103.5500030517578,19342.650390625,12.5,4497.6298828125,5.33,2.29
2023-08-30,50.34000015258789,2513078.0,1973.0,82.49469757080078,24.733999252319336,13.880000114440918,4.118000030517578,103.16000366210938,19347.44921875,12.390000343322754,4514.8701171875,5.33,2.26
2023-08-31,50.349998474121094,2754610.0,1965.9000244140625,82.70040130615234,24.472000122070312,13.56999969482422,4.0929999351501465,103.62000274658205,19253.80078125,11.779999732971191,4507.66015625,5.33,2.24
2023-09-01,50.369998931884766,3540459.0,1967.0999755859375,82.68240356445312,24.23200035095215,13.09000015258789,4.172999858856201,104.23999786376952,19435.30078125,11.279999732971191,4515.77001953125,5.33,2.26
2023-09-04,50.439998626708984,4023285.0,1967.0999755859375,82.6969985961914,24.23200035095215,13.09000015258789,4.172999858856201,104.23999786376952,19528.80078125,11.279999732971191,4515.77001953125,5.33,2.26
2023-09-05,50.349998474121094,3132796.0,1952.5999755859375,82.7345962524414,23.558000564575195,14.010000228881836,4.26800012588501,104.80999755859376,19574.900390625,11.359999656677246,4496.830078125,5.33,2.29
2023-09-06,50.310001373291016,1934818.0,1944.199951171875,83.08609771728516,23.20599937438965,14.449999809265137,4.289999961853027,104.86000061035156,19611.05078125,11.3100004196167,4465.47998046875,5.33,2.3
2023-09-07,50.16999816894531,2171675.0,1942.5,83.25740051269531,22.950000762939453,14.399999618530272,4.260000228881836,105.05999755859376,19727.05078125,11.109999656677246,4451.14013671875,5.33,2.32
2023-09-08,50.209999084472656,2405062.0,1942.699951171875,83.24150085449219,22.892000198364254,13.84000015258789,4.257999897003174,105.08999633789062,19819.94921875,10.989999771118164,4457.490234375,5.33,2.33
2023-09-11,50.15999984741211,4310243.0,1947.199951171875,83.03130340576172,23.10300064086914,13.800000190734863,4.288000106811523,104.56999969482422,19996.349609375,10.75,4487.4599609375,5.33,2.35
2023-09-12,50.02000045776367,2862912.0,1935.0999755859375,82.94329833984375,23.12700080871582,14.229999542236328,4.263999938964844,104.70999908447266,19993.19921875,10.81999969482422,4461.89990234375,5.33,2.34
2023-09-13,49.880001068115234,2467090.0,1932.5,82.84300231933594,22.91200065612793,13.479999542236328,4.249000072479248,104.7699966430664,20070.0,10.329999923706056,4467.43994140625,5.33,2.35
2023-09-14,49.880001068115234,2684250.0,1932.800048828125,82.93679809570312,22.74799919128418,12.81999969482422,4.288000106811523,105.41000366210938,20103.099609375,10.220000267028809,4505.10009765625,5.33,2.34
2023-09-15,50.119998931884766,2701704.0,1946.199951171875,83.0282974243164,23.125999450683594,13.789999961853027,4.322000026702881,105.31999969482422,20192.349609375,10.34000015258789,4450.31982421875,5.33,2.35
2023-09-18,50.439998626708984,2785227.0,1953.4000244140625,83.08580017089844,23.23200035095215,14.0,4.318999767303467,105.1999969482422,20133.30078125,11.100000381469728,4453.52978515625,5.33,2.36
2023-09-20,50.380001068115234,2700162.0,1967.0999755859375,83.19499969482422,23.57900047302246,15.140000343322754,4.348999977111816,105.16000366210938,19901.400390625,10.960000038146973,4402.2001953125,5.33,2.35
2023-09-21,50.27000045776367,2725534.0,1939.5999755859375,83.08699798583984,23.444000244140625,17.540000915527344,4.480000019073486,105.36000061035156,19742.349609375,11.109999656677246,4330.0,5.33,2.38
2023-09-22,50.220001220703125,2824953.0,1945.5999755859375,82.89129638671875,23.59600067138672,17.200000762939453,4.438000202178955,105.58000183105467,19674.25,10.869999885559082,4320.06005859375,5.33,2.37
2023-09-25,50.220001220703125,1943054.0,1936.5999755859375,82.97480010986328,23.145000457763672,16.899999618530273,4.541999816894531,106.0,19674.55078125,11.43000030517578,4337.43994140625,5.33,2.37
2023-09-26,50.02000045776367,2370206.0,1919.800048828125,83.0282974243164,22.950000762939453,18.940000534057617,4.558000087738037,106.2300033569336,19664.69921875,13.630000114440918,4273.52978515625,5.33,2.33
2023-09-27,49.70000076293945,3315836.0,1890.9000244140625,83.29869842529297,22.47699928283691,18.219999313354492,4.625999927520752,106.66999816894533,19716.44921875,13.859999656677246,4274.509765625,5.33,2.34
2023-09-28,49.369998931884766,4265474.0,1878.5999755859375,83.22270202636719,22.51499938964844,17.34000015258789,4.5970001220703125,106.22000122070312,19523.55078125,13.09000015258789,4299.7001953125,5.33,2.39
2023-09-29,49.290000915527344,5822166.0,1866.0999755859375,83.19300079345703,22.236000061035156,17.520000457763672,4.572999954223633,106.16999816894533,19638.30078125,12.9399995803833,4288.0498046875,5.33,2.35
2023-10-03,48.83000183105469,12887312.0,1841.5,83.3593978881836,21.17799949645996,19.780000686645508,4.802000045776367,107.0,19528.75,15.3100004196167,4229.4501953125,5.33,2.36
2023-10-04,48.36000061035156,8145199.0,1834.800048828125,83.22979736328125,20.95599937438965,18.579999923706055,4.735000133514404,106.8000030517578,19436.099609375,14.579999923706056,4263.75,5.33,2.33
2023-10-05,48.25,6421522.0,1831.800048828125,83.44979858398438,20.847999572753903,18.489999771118164,4.7170000076293945,106.33000183105467,19545.75,14.699999809265137,4258.18994140625,5.33,2.31
2023-10-06,48.380001068115234,11110656.0,1845.199951171875,83.22489929199219,21.540000915527344,17.450000762939453,4.783999919891357,106.04000091552734,19653.5,14.029999732971191,4308.5,5.33,2.31
2023-10-09,48.880001068115234,18450424.0,1864.300048828125,83.12460327148438,21.74099922180176,17.700000762939453,4.796999931335449,106.08000183105467,19512.349609375,15.18000030517578,4335.66015625,5.33,2.31
2023-10-10,48.93000030517578,6469486.0,1875.300048828125,83.27030181884766,21.775999069213867,17.030000686645508,4.65500020980835,105.83000183105467,19689.849609375,14.489999771118164,4358.240234375,5.33,2.32
2023-10-11,49.16999816894531,3861459.0,1887.300048828125,83.25029754638672,21.957000732421875,16.09000015258789,4.59499979019165,105.81999969482422,19811.349609375,14.380000114440918,4376.9501953125,5.33,2.32
2023-10-12,49.38999938964844,3986932.0,1883.0,83.21800231933594,21.79199981689453,16.690000534057617,4.711999893188477,106.56999969482422,19794.0,13.979999542236328,4349.60986328125,5.33,2.34
2023-10-13,49.4900016784668,2529347.0,1941.5,83.26239776611328,22.72699928283691,19.31999969482422,4.629000186920166,106.6500015258789,19751.05078125,18.90999984741211,4327.77978515625,5.33,2.34
2023-10-16,50.25,6107437.0,1934.300048828125,83.28230285644531,22.61000061035156,17.209999084472656,4.711999893188477,106.23999786376952,19731.75,16.219999313354492,4373.6298828125,5.33,2.38
2023-10-17,50.310001373291016,4384291.0,1935.699951171875,83.19950103759766,22.863000869750977,17.8799991607666,4.8470001220703125,106.25,19811.5,16.59000015258789,4373.2001953125,5.33,2.41
2023-10-18,50.779998779296875,4319795.0,1968.300048828125,83.26429748535156,22.944000244140625,19.219999313354492,4.9039998054504395,106.56999969482422,19671.099609375,17.3799991607666,4314.60009765625,5.33,2.44
2023-10-19,50.90999984741211,5754437.0,1980.5,83.26860046386719,22.886999130249023,21.399999618530273,4.98799991607666,106.25,19624.69921875,19.399999618530273,4278.0,5.33,2.49
2023-10-20,51.59000015258789,7276449.0,1994.4000244140625,83.12229919433594,23.35099983215332,21.709999084472656,4.923999786376953,106.16000366210938,19542.650390625,18.559999465942383,4224.16015625,5.33,2.47
2023-10-23,51.540000915527344,7956254.0,1987.800048828125,83.15979766845703,23.07200050354004,20.3700008392334,4.8379998207092285,105.54000091552734,19281.75,17.280000686645508,4217.0400390625,5.33,2.41
2023-10-25,51.40999984741211,7689457.0,1994.9000244140625,82.98780059814453,22.87700080871582,20.190000534057617,4.953000068664551,106.52999877929688,19122.150390625,16.760000228881836,4186.77001953125,5.33,2.43
2023-10-26,51.83000183105469,8832646.0,1997.4000244140625,83.1709976196289,22.78700065612793,20.68000030517578,4.84499979019165,106.5999984741211,18857.25,16.530000686645508,4137.22998046875,5.33,2.42
2023-10-27,51.63999938964844,4682849.0,1998.5,83.28250122070312,22.770000457763672,21.270000457763672,4.84499979019165,106.55999755859376,19047.25,17.690000534057617,4117.3701171875,5.33,2.42
2023-10-30,52.02000045776367,4571747.0,2005.5999755859375,83.41339874267578,23.281999588012695,19.75,4.875,106.12000274658205,19140.900390625,16.84000015258789,4166.81982421875,5.33,2.44
2023-10-31,52.060001373291016,4323961.0,1994.300048828125,83.29650115966797,22.840999603271484,18.13999938964844,4.875,106.66000366210938,19079.599609375,16.229999542236328,4193.7998046875,5.33,2.42
2023-11-01,51.7599983215332,4307988.0,1987.5,83.2771987915039,22.684999465942383,16.8700008392334,4.789000034332275,106.87999725341795,18989.150390625,15.359999656677246,4237.85986328125,5.33,2.41
2023-11-02,51.849998474121094,3706297.0,1993.5,85.19400024414062,22.750999450683594,15.65999984741211,4.669000148773193,106.12000274658205,19133.25,14.760000228881836,4317.77978515625,5.33,2.4
2023-11-03,51.79999923706055,3203929.0,1999.199951171875,83.24729919433594,23.201000213623047,14.90999984741211,4.558000087738037,105.0199966430664,19230.599609375,14.039999961853027,4358.33984375,5.33,2.39
2023-11-06,51.75,5369415.0,1988.5999755859375,83.15850067138672,23.14900016784668,14.890000343322754,4.6620001792907715,105.22000122070312,19411.75,13.25,4365.97998046875,5.33,2.42
2023-11-07,51.36000061035156,4250564.0,1973.5,83.2228012084961,22.507999420166016,14.8100004196167,4.571000099182129,105.54000091552734,19406.69921875,13.329999923706056,4378.3798828125,5.33,2.39
2023-11-08,51.400001525878906,3223867.0,1957.800048828125,83.23269653320312,22.64699935913086,14.449999809265137,4.5229997634887695,105.58999633789062,19443.5,14.06999969482422,4382.77978515625,5.33,2.34
2023-11-09,50.939998626708984,3926743.0,1969.800048828125,83.21769714355469,22.83099937438965,15.289999961853027,4.630000114440918,105.91000366210938,19395.30078125,14.0600004196167,4347.35009765625,5.33,2.33
2023-11-10,51.310001373291016,5683308.0,1937.699951171875,83.31939697265625,22.21500015258789,14.170000076293944,4.627999782562256,105.86000061035156,19425.349609375,13.960000038146973,4415.240234375,5.33,2.32
2023-11-13,50.93000030517578,4839603.0,1950.199951171875,83.29889678955078,22.298999786376953,14.760000228881836,4.631999969482422,105.66000366210938,19443.55078125,13.920000076293944,4411.5498046875,5.33,2.31
2023-11-15,51.459999084472656,3955640.0,1964.300048828125,82.98159790039062,23.48500061035156,14.18000030517578,4.534999847412109,104.38999938964844,19675.44921875,12.979999542236328,4502.8798828125,5.33,2.31
2023-11-16,51.38999938964844,3282652.0,1987.300048828125,83.18620300292969,23.892000198364254,14.31999969482422,4.445000171661377,104.37000274658205,19765.19921875,13.039999961853027,4508.240234375,5.33,2.27
2023-11-17,51.86000061035156,4213896.0,1984.699951171875,83.12030029296875,23.80900001525879,13.800000190734863,4.440999984741211,103.81999969482422,19731.80078125,12.970000267028809,4514.02001953125,5.33,2.28
2023-11-20,51.65999984741211,3682655.0,1980.300048828125,83.29149627685547,23.57900047302246,13.40999984741211,4.421999931335449,103.47000122070312,19694.0,12.59000015258789,4547.3798828125,5.33,2.3
2023-11-21,51.880001068115234,2623630.0,2001.5999755859375,83.32219696044922,23.843000411987305,13.350000381469728,4.418000221252441,103.58999633789062,19783.400390625,14.09000015258789,4538.18994140625,5.33,2.25
2023-11-22,52.16999816894531,4748477.0,1992.800048828125,83.345703125,23.67200088500977,12.850000381469728,4.415999889373779,103.91999816894533,19811.849609375,13.350000381469728,4556.6201171875,5.33,2.26
2023-11-23,52.02000045776367,2382541.0,1993.300048828125,83.54830169677734,23.67200088500977,12.850000381469728,4.415999889373779,103.91999816894533,19802.0,13.350000381469728,4556.6201171875,5.33,2.26
2023-11-24,52.150001525878906,5370475.0,2003.0,83.34400177001953,24.32900047302246,12.460000038146973,4.4720001220703125,103.4000015258789,19794.69921875,13.050000190734863,4559.33984375,5.33,2.26
2023-11-28,52.29999923706055,3445333.0,2040.0,83.364501953125,24.93000030517578,12.6899995803833,4.335999965667725,102.75,19889.69921875,15.539999961853027,4554.89013671875,5.33,2.22
2023-11-29,53.04999923706055,6169273.0,2047.0999755859375,83.41809844970703,25.07200050354004,12.979999542236328,4.270999908447266,102.7699966430664,20096.599609375,15.039999961853027,4550.580078125,5.33,2.21
2023-11-30,53.150001525878906,2888819.0,2038.0999755859375,83.3302993774414,25.292999267578125,12.920000076293944,4.3520002365112305,103.5,20133.150390625,14.220000267028809,4567.7998046875,5.33,2.23
2023-12-01,53.290000915527344,3315625.0,2089.699951171875,83.35269927978516,25.499000549316406,12.630000114440918,4.22599983215332,103.2699966430664,20267.900390625,16.959999084472656,4594.6298828125,5.33,2.22
2023-12-04,53.720001220703125,7685812.0,2042.199951171875,83.21859741210938,24.55500030517578,13.079999923706056,4.288000106811523,103.63999938964844,20686.80078125,17.1299991607666,4569.77978515625,5.33,2.21
2023-12-05,52.939998626708984,6207060.0,2036.300048828125,83.41709899902344,24.201000213623047,12.850000381469728,4.171000003814697,104.0500030517578,20855.099609375,15.460000038146973,4567.18017578125,5.33,2.17
2023-12-06,52.83000183105469,4073967.0,2047.9000244140625,83.31590270996094,23.888999938964844,12.970000267028809,4.120999813079834,104.1500015258789,20937.69921875,15.399999618530272,4549.33984375,5.33,2.14
2023-12-07,53.029998779296875,3667498.0,2046.4000244140625,83.28959655761719,23.73200035095215,13.0600004196167,4.129000186920166,103.54000091552734,20901.150390625,14.93000030517578,4585.58984375,5.33,2.17
2023-12-08,52.939998626708984,2923772.0,2014.5,83.35489654541016,22.97100067138672,12.350000381469728,4.244999885559082,104.01000213623048,20969.400390625,14.140000343322754,4604.3701171875,5.33,2.21
2023-12-11,52.02000045776367,13193214.0,1993.699951171875,83.43009948730469,22.77300071716309,12.630000114440918,4.238999843597412,104.0999984741211,20997.099609375,13.989999771118164,4622.43994140625,5.33,2.19
2023-12-12,51.849998474121094,15764942.0,1993.199951171875,83.34349822998047,22.72800064086914,12.06999969482422,4.205999851226807,103.87000274658205,20906.400390625,12.81999969482422,4643.7001953125,5.33,2.16
2023-12-13,51.83000183105469,8031806.0,1997.300048828125,83.39600372314453,22.638999938964844,12.1899995803833,4.0329999923706055,102.87000274658205,20926.349609375,13.670000076293944,4707.08984375,5.33,2.16
2023-12-14,52.79999923706055,16324182.0,2044.9000244140625,83.2853012084961,24.09600067138672,12.479999542236328,3.930000066757202,101.95999908447266,21182.69921875,13.960000038146973,4719.5498046875,5.33,2.22
2023-12-15,52.810001373291016,3644830.0,2035.699951171875,83.29660034179688,23.8700008392334,12.279999732971191,3.927999973297119,102.5500030517578,21456.650390625,13.489999771118164,4719.18994140625,5.33,2.22
2023-12-18,52.4900016784668,5242081.0,2040.5,83.04170227050781,23.83099937438965,12.5600004196167,3.9539999961853023,102.51000213623048,21418.650390625,13.789999961853027,4740.56005859375,5.33,2.21
2023-12-19,52.59000015258789,10811458.0,2052.10009765625,83.11119842529297,24.040000915527344,12.529999732971191,3.921999931335449,102.16999816894533,21453.099609375,13.75,4768.3701171875,5.33,2.19
2023-12-20,52.83000183105469,7715142.0,2047.699951171875,83.09159851074219,24.347000122070312,13.670000076293944,3.877000093460083,102.41000366210938,21150.150390625,13.81999969482422,4698.35009765625,5.33,2.19
2023-12-21,52.86000061035156,4154616.0,2051.300048828125,83.26719665527344,24.30699920654297,13.649999618530272,3.8940000534057617,101.83999633789062,21255.05078125,14.270000457763672,4746.75,5.33,2.19
2023-12-22,53.189998626708984,5225643.0,2069.10009765625,83.13159942626953,24.290000915527344,13.029999732971191,3.901000022888184,101.6999969482422,21349.400390625,15.25,4754.6298828125,5.33,2.19
2023-12-26,53.459999084472656,5025974.0,2069.800048828125,83.17230224609375,24.143999099731445,12.989999771118164,3.885999917984009,101.47000122070312,21441.349609375,15.829999923706056,4774.75,5.33,2.18
2023-12-27,53.630001068115234,5203005.0,2093.10009765625,83.18280029296875,24.375,12.43000030517578,3.7890000343322754,100.98999786376952,21654.75,16.959999084472656,4781.580078125,5.33,2.15
2023-12-28,53.84000015258789,4161520.0,2083.5,83.26719665527344,24.13400077819824,12.470000267028809,3.849999904632568,101.2300033569336,21778.69921875,16.049999237060547,4783.35009765625,5.33,2.16
2023-12-29,53.65999984741211,4379180.0,2071.800048828125,82.302001953125,23.85300064086914,12.449999809265137,3.865999937057495,101.33000183105467,21731.400390625,15.850000381469728,4769.830078125,5.33,2.16
2024-01-01,53.7400016784668,3996865.0,2071.800048828125,83.24859619140625,23.85300064086914,12.449999809265137,3.865999937057495,101.33000183105467,21741.900390625,15.850000381469728,4769.830078125,5.33,2.16
2024-01-02,54.0099983215332,6369905.0,2073.39990234375,83.20259857177734,23.732999801635746,13.199999809265137,3.946000099182129,102.1999969482422,21665.80078125,15.729999542236328,4742.830078125,5.33,2.21
2024-01-03,53.529998779296875,5429046.0,2042.800048828125,83.25700378417969,22.945999145507812,14.039999961853027,3.9070000648498535,102.45999908447266,21517.349609375,14.850000381469728,4704.81005859375,5.33,2.2
2024-01-04,53.290000915527344,5726820.0,2050.0,83.31809997558594,22.98900032043457,14.130000114440918,3.990999937057495,102.41999816894533,21658.599609375,14.199999809265137,4688.68017578125,5.33,2.22
2024-01-05,53.13999938964844,7403332.0,2049.800048828125,83.2406005859375,23.121999740600582,13.350000381469728,4.041999816894531,102.41000366210938,21710.80078125,13.8100004196167,4697.240234375,5.33,2.22
2024-01-08,52.849998474121094,6264962.0,2033.5,83.19110107421875,23.1200008392334,13.079999923706056,4.001999855041504,102.20999908447266,21513.0,13.5600004196167,4763.5400390625,5.33,2.22
2024-01-09,53.02000045776367,4307157.0,2033.0,83.05069732666016,22.90399932861328,12.760000228881836,4.019000053405762,102.56999969482422,21544.849609375,13.15999984741211,4756.5,5.33,2.22
2024-01-10,52.91999816894531,3667366.0,2027.800048828125,83.131103515625,22.88400077819824,12.6899995803833,4.03000020980835,102.36000061035156,21618.69921875,13.260000228881836,4783.4501953125,5.33,2.22
2024-01-11,52.84000015258789,3419413.0,2019.199951171875,83.02559661865234,22.53700065612793,12.4399995803833,3.9769999980926514,102.29000091552734,21647.19921875,12.800000190734863,4780.240234375,5.33,2.22
2024-01-12,52.9900016784668,10182923.0,2051.60009765625,83.07610321044922,23.16200065612793,12.699999809265137,3.950000047683716,102.4000015258789,21894.55078125,13.489999771118164,4783.830078125,5.33,2.27
2024-01-15,53.25,4092852.0,2051.60009765625,82.87210083007812,23.16200065612793,12.699999809265137,3.950000047683716,102.4000015258789,22097.44921875,13.489999771118164,4783.830078125,5.33,2.27
2024-01-16,53.04999923706055,3616602.0,2030.199951171875,82.8593978881836,22.933000564575195,13.84000015258789,4.065999984741211,103.36000061035156,22032.30078125,13.550000190734863,4765.97998046875,5.33,2.3
2024-01-17,52.66999816894531,4241987.0,2006.5,83.08899688720703,22.516000747680664,14.789999961853027,4.105999946594238,103.4499969482422,21571.94921875,13.529999732971191,4739.2099609375,5.33,2.3
2024-01-18,52.4900016784668,4362662.0,2021.5999755859375,83.17759704589844,22.66699981689453,14.130000114440918,4.144000053405762,103.54000091552734,21462.25,13.09000015258789,4780.93994140625,5.33,2.34
2024-01-19,52.84000015258789,3275231.0,2029.300048828125,83.16059875488281,22.570999145507812,13.300000190734863,4.145999908447266,103.29000091552734,21622.400390625,12.949999809265137,4839.81005859375,5.33,2.34
2024-01-23,52.86000061035156,4651343.0,2025.800048828125,83.09510040283203,22.333999633789062,12.550000190734863,4.142000198364258,103.62000274658205,21238.80078125,12.729999542236328,4864.60009765625,5.33,2.29
2024-01-24,52.90999984741211,5830182.0,2016.0,83.22139739990234,22.7549991607666,13.140000343322754,4.177999973297119,103.23999786376952,21453.94921875,12.699999809265137,4868.5498046875,5.33,2.3
2024-01-25,52.720001220703125,3012454.0,2017.800048828125,83.09760284423828,22.808000564575195,13.449999809265137,4.131999969482422,103.56999969482422,21352.599609375,12.789999961853027,4894.16015625,5.33,2.29
2024-01-29,52.970001220703125,3395715.0,2025.4000244140625,83.12129974365234,23.13800048828125,13.600000381469728,4.091000080108643,103.61000061035156,21737.599609375,13.079999923706056,4927.93017578125,5.33,2.3
2024-01-30,53.130001068115234,2905691.0,2031.5,83.1530990600586,23.10700035095215,13.3100004196167,4.059000015258789,103.4000015258789,21522.099609375,13.050000190734863,4924.97021484375,5.33,2.26
2024-01-31,53.349998474121094,4770794.0,2048.39990234375,83.10970306396484,23.051000595092773,14.350000381469728,3.9670000076293945,103.2699966430664,21725.69921875,13.15999984741211,4845.64990234375,5.33,2.26
2024-02-01,53.459999084472656,3752403.0,2071.10009765625,83.05359649658203,23.1299991607666,13.880000114440918,3.86299991607666,103.0500030517578,21697.44921875,13.720000267028809,4906.18994140625,5.33,2.19
2024-02-02,53.58000183105469,2757580.0,2053.699951171875,82.92759704589844,22.701000213623047,13.850000381469728,4.0329999923706055,103.91999816894533,21853.80078125,12.65999984741211,4958.60986328125,5.33,2.21
2024-02-05,52.97999954223633,5752682.0,2042.9000244140625,82.99929809570312,22.334999084472656,13.670000076293944,4.164000034332275,104.4499969482422,21771.69921875,12.489999771118164,4942.81005859375,5.33,2.27
2024-02-06,52.939998626708984,3487216.0,2051.39990234375,83.10369873046875,22.39299964904785,13.0600004196167,4.090000152587891,104.18000030517578,21929.400390625,12.3100004196167,4954.22998046875,5.33,2.24
2024-02-07,53.209999084472656,4643277.0,2051.699951171875,83.07060241699219,22.277999877929688,12.829999923706056,4.110000133514404,104.04000091552734,21930.5,11.84000015258789,4995.06005859375,5.33,2.23
2024-02-08,53.04999923706055,2506407.0,2047.9000244140625,83.01260375976562,22.565000534057617,12.789999961853027,4.170000076293945,104.1500015258789,21717.94921875,11.710000038146973,4997.91015625,5.33,2.24
2024-02-09,53.04999923706055,2540282.0,2038.699951171875,82.98529815673828,22.527999877929688,12.93000030517578,4.186999797821045,104.08000183105467,21782.5,11.199999809265137,5026.60986328125,5.33,2.25
2024-02-12,52.790000915527344,4060609.0,2033.0,83.0145034790039,22.708999633789062,13.93000030517578,4.171999931335449,104.16999816894533,21616.05078125,11.8100004196167,5021.83984375,5.33,2.24
2024-02-13,52.810001373291016,2092214.0,2007.199951171875,82.99019622802734,22.09600067138672,15.850000381469728,4.315999984741211,104.95999908447266,21743.25,12.149999618530272,4953.169921875,5.33,2.29
2024-02-14,52.099998474121094,6828991.0,2004.300048828125,83.07460021972656,22.33099937438965,14.380000114440918,4.267000198364258,104.72000122070312,21840.05078125,12.020000457763672,5000.6201171875,5.33,2.3
2024-02-15,52.16999816894531,4848262.0,2014.9000244140625,83.04309844970703,22.91200065612793,14.010000228881836,4.239999771118164,104.3000030517578,21910.75,11.789999961853027,5029.72998046875,5.33,2.3
2024-02-16,52.349998474121094,4522588.0,2024.0999755859375,83.00959777832031,23.43899917602539,14.239999771118164,4.295000076293945,104.27999877929688,22040.69921875,11.75,5005.56982421875,5.33,2.33
2024-02-19,52.63999938964844,3209608.0,2024.0999755859375,83.01599884033203,23.43899917602539,14.239999771118164,4.295000076293945,104.27999877929688,22122.25,11.75,5005.56982421875,5.33,2.33
2024-02-20,52.560001373291016,2532390.0,2039.800048828125,83.02100372314453,23.106000900268555,15.420000076293944,4.275000095367432,104.08000183105467,22196.94921875,11.8100004196167,4975.509765625,5.33,2.32
2024-02-21,52.63999938964844,1762556.0,2034.300048828125,82.8291015625,22.85099983215332,15.34000015258789,4.324999809265137,104.01000213623048,22055.05078125,11.460000038146973,4981.7998046875,5.33,2.34
2024-02-22,52.720001220703125,1823657.0,2030.699951171875,82.93840026855469,22.76499938964844,14.539999961853027,4.327000141143799,103.95999908447266,22217.44921875,11.1899995803833,5087.02978515625,5.33,2.31
2024-02-23,52.439998626708984,3260583.0,2049.39990234375,82.87229919433594,22.9689998626709,13.75,4.260000228881836,103.94000244140624,22212.69921875,11.5,5088.7998046875,5.33,2.3
2024-02-26,52.709999084472656,3089841.0,2038.9000244140625,82.88179779052734,22.517000198364254,13.739999771118164,4.298999786376953,103.83000183105467,22122.05078125,11.289999961853027,5069.52978515625,5.33,2.31
2024-02-27,52.790000915527344,3939347.0,2044.0999755859375,82.85199737548828,22.52300071716309,13.43000030517578,4.315000057220459,103.83000183105467,22198.349609375,10.949999809265137,5078.18017578125,5.33,2.32
2024-02-28,52.599998474121094,1982171.0,2042.699951171875,82.94819641113281,22.40999984741211,13.84000015258789,4.27400016784668,103.9800033569336,21951.150390625,10.93000030517578,5069.759765625,5.33,2.33
2024-02-29,52.779998779296875,2394588.0,2054.699951171875,82.91190338134766,22.666000366210938,13.399999618530272,4.251999855041504,104.16000366210938,21982.80078125,11.15999984741211,5096.27001953125,5.33,2.33
2024-03-01,52.900001525878906,3979857.0,2095.699951171875,82.910400390625,23.149999618530273,13.109999656677246,4.179999828338623,103.86000061035156,22338.75,13.470000267028809,5137.080078125,5.33,2.32
2024-03-04,53.88999938964844,6321132.0,2126.300048828125,82.84609985351562,23.77899932861328,13.489999771118164,4.218999862670898,103.83000183105467,22405.599609375,14.609999656677246,5130.9501953125,5.33,2.34
2024-03-05,54.619998931884766,6871961.0,2141.89990234375,82.9104995727539,23.76300048828125,14.460000038146973,4.13700008392334,103.8000030517578,22356.30078125,14.539999961853027,5078.64990234375,5.33,2.32
2024-03-06,54.720001220703125,5869713.0,2158.199951171875,82.88480377197266,24.27199935913086,14.5,4.104000091552734,103.37000274658205,22474.05078125,15.170000076293944,5104.759765625,5.33,2.3
2024-03-07,55.439998626708984,5552924.0,2165.199951171875,82.81909942626953,24.3700008392334,14.4399995803833,4.0920000076293945,102.81999969482422,22493.55078125,15.09000015258789,5157.35986328125,5.33,2.28
2024-03-11,56.0099983215332,7630767.0,2188.60009765625,82.7520980834961,24.511999130249023,15.220000267028809,4.104000091552734,102.87000274658205,22332.650390625,15.5,5117.93994140625,5.33,2.27
2024-03-12,55.939998626708984,5363816.0,2166.10009765625,82.7782974243164,24.194000244140625,13.84000015258789,4.15500020980835,102.95999908447266,22335.69921875,14.100000381469728,5175.27001953125,5.33,2.3
2024-03-13,55.470001220703125,6135527.0,2180.800048828125,82.83509826660156,24.958999633789062,13.75,4.191999912261963,102.79000091552734,21997.69921875,14.09000015258789,5165.31005859375,5.33,2.3
2024-03-14,55.84000015258789,6579954.0,2167.5,82.83110046386719,24.874000549316406,14.399999618530272,4.297999858856201,103.36000061035156,22146.650390625,13.300000190734863,5150.47998046875,5.33,2.3
2024-03-15,55.72999954223633,4816645.0,2161.5,82.9655990600586,25.200000762939453,14.40999984741211,4.303999900817871,103.43000030517578,22023.349609375,13.539999961853027,5117.08984375,5.33,2.32
2024-03-18,55.5,4157750.0,2164.300048828125,82.88890075683594,25.090999603271484,14.329999923706056,4.340000152587891,103.58000183105467,22055.69921875,13.829999923706056,5149.419921875,5.33,2.31
2024-03-19,55.61000061035156,4423101.0,2159.699951171875,82.86360168457031,24.964000701904297,13.81999969482422,4.296999931335449,103.80999755859376,21817.44921875,13.479999542236328,5178.509765625,5.33,2.3
2024-03-20,55.720001220703125,3902548.0,2161.0,83.04239654541016,24.933000564575195,13.039999961853027,4.2729997634887695,103.41000366210938,21839.099609375,13.619999885559082,5224.6201171875,5.33,2.31
2024-03-21,56.70000076293945,6209552.0,2184.699951171875,83.05460357666016,24.849000930786133,12.920000076293944,4.270999908447266,104.0,22011.94921875,13.420000076293944,5241.52978515625,5.33,2.34
2024-03-22,55.9900016784668,6611760.0,2160.0,83.22660064697266,24.691999435424805,13.0600004196167,4.2179999351501465,104.43000030517578,22096.75,12.529999732971191,5234.18017578125,5.33,2.35
2024-03-26,56.29999923706055,6626028.0,2177.199951171875,83.41739654541016,24.482999801635746,13.239999771118164,4.234000205993652,104.29000091552734,22004.69921875,12.56999969482422,5203.580078125,5.33,2.32
2024-03-27,56.220001220703125,4230421.0,2190.60009765625,83.34549713134766,24.625,12.779999732971191,4.196000099182129,104.3499984741211,22123.650390625,13.579999923706056,5248.490234375,5.33,2.32
2024-03-28,56.61000061035156,5581816.0,2217.39990234375,83.36499786376953,24.79700088500977,13.010000228881836,4.205999851226807,104.5500030517578,22326.900390625,15.4399995803833,5254.35009765625,5.33,2.32
2024-04-01,58.31999969482422,13493168.0,2257.10009765625,83.36479949951172,24.95400047302246,13.649999618530272,4.328999996185303,105.0199966430664,22462.0,16.25,5243.77001953125,5.33,2.35
2024-04-02,58.63999938964844,9271109.0,2281.800048828125,83.40969848632812,25.804000854492188,14.609999656677246,4.364999771118164,104.81999969482422,22453.30078125,17.1299991607666,5205.81005859375,5.33,2.36
2024-04-03,58.77000045776367,9579587.0,2315.0,83.35030364990234,26.94499969482422,14.329999923706056,4.355000019073486,104.25,22434.650390625,17.489999771118164,5211.490234375,5.33,2.36
2024-04-04,59.18000030517578,6481237.0,2308.5,83.37329864501953,27.13999938964844,16.350000381469727,4.309000015258789,104.12000274658205,22514.650390625,17.290000915527344,5147.2099609375,5.33,2.34
2024-04-05,59.029998779296875,9365013.0,2345.39990234375,83.47779846191406,27.399999618530273,16.030000686645508,4.377999782562256,104.3000030517578,22513.69921875,16.920000076293945,5204.33984375,5.33,2.37
2024-04-08,60.209999084472656,10360893.0,2351.0,83.29679870605469,27.711999893188477,15.1899995803833,4.423999786376953,104.13999938964844,22666.30078125,18.170000076293945,5202.39013671875,5.33,2.38
2024-04-09,60.54999923706055,7057775.0,2362.39990234375,83.26959991455078,27.891000747680664,14.979999542236328,4.366000175476074,104.1500015258789,22642.75,18.299999237060547,5209.91015625,5.33,2.36
2024-04-10,60.619998931884766,5582529.0,2348.39990234375,83.22429656982422,27.961000442504883,15.800000190734863,4.559999942779541,105.25,22753.80078125,18.670000076293945,5160.64013671875,5.33,2.4
2024-04-12,61.90999984741211,9381201.0,2374.10009765625,83.34929656982422,28.2549991607666,17.309999465942383,4.499000072479248,106.04000091552734,22519.400390625,20.209999084472656,5123.41015625,5.33,2.39
2024-04-15,61.22999954223633,13045087.0,2383.0,83.61109924316406,28.650999069213867,19.229999542236328,4.627999782562256,106.20999908447266,22272.5,22.25,5061.81982421875,5.33,2.43
2024-04-16,61.88999938964844,10566826.0,2407.800048828125,83.50599670410156,28.31800079345703,18.399999618530273,4.658999919891357,106.26000213623048,22147.900390625,20.559999465942383,5051.41015625,5.33,2.43
2024-04-18,61.959999084472656,5070662.0,2398.0,83.5958023071289,28.32900047302246,18.0,4.646999835968018,106.1500015258789,21995.849609375,18.649999618530273,5011.1201171875,5.33,2.4
2024-04-19,62.2400016784668,6921253.0,2413.800048828125,83.54499816894531,28.808000564575195,18.709999084472656,4.614999771118164,106.1500015258789,22147.0,18.510000228881836,4967.22998046875,5.33,2.41
2024-04-22,61.7400016784668,8180384.0,2346.39990234375,83.38529968261719,27.21299934387207,16.940000534057617,4.623000144958496,106.08000183105467,22336.400390625,17.760000228881836,5010.60009765625,5.33,2.41
2024-04-23,60.25,12070503.0,2342.10009765625,83.38619995117188,27.33099937438965,15.6899995803833,4.5980000495910645,105.69000244140624,22368.0,17.729999542236328,5070.5498046875,5.33,2.41
2024-04-24,60.72999954223633,4634988.0,2338.39990234375,83.2833023071289,27.323999404907227,15.970000267028809,4.6519999504089355,105.86000061035156,22402.400390625,17.450000762939453,5071.6298828125,5.33,2.41
2024-04-25,60.86000061035156,4876403.0,2342.5,83.3405990600586,27.34199905395508,15.369999885559082,4.705999851226807,105.5999984741211,22570.349609375,17.31999969482422,5048.419921875,5.33,2.42
2024-04-26,61.33000183105469,4519248.0,2347.199951171875,83.30180358886719,27.24099922180176,15.029999732971191,4.669000148773193,105.94000244140624,22419.94921875,16.920000076293945,5099.9599609375,5.33,2.43
2024-04-29,61.29999923706055,5112802.0,2357.699951171875,83.40229797363281,27.37299919128418,14.670000076293944,4.613999843597412,105.58000183105467,22643.400390625,16.920000076293945,5116.169921875,5.33,2.41
2024-04-30,60.880001068115234,9870167.0,2302.89990234375,83.45110321044922,26.391000747680664,15.649999618530272,4.685999870300293,106.22000122070312,22604.849609375,16.540000915527344,5035.68994140625,5.33,2.41
2024-05-02,60.849998474121094,5060651.0,2309.60009765625,83.40640258789062,26.58300018310547,14.68000030517578,4.571000099182129,105.3000030517578,22648.19921875,16.049999237060547,5064.2001953125,5.33,2.37
2024-05-03,60.47999954223633,7101832.0,2308.60009765625,83.40630340576172,26.44499969482422,13.489999771118164,4.5,105.02999877929688,22475.849609375,15.829999923706056,5127.7900390625,5.33,2.35
2024-05-06,60.720001220703125,6853852.0,2331.199951171875,83.37999725341797,27.368999481201172,13.489999771118164,4.488999843597412,105.0500030517578,22442.69921875,16.229999542236328,5180.740234375,5.33,2.35
2024-05-07,60.68000030517578,4939015.0,2324.199951171875,83.4728012084961,27.30299949645996,13.229999542236328,4.4629998207092285,105.41000366210938,22302.5,15.75,5187.7001953125,5.33,2.32
2024-05-08,60.5,4069276.0,2322.300048828125,83.46990203857422,27.361000061035156,13.0,4.492000102996826,105.5500030517578,22302.5,15.289999961853027,5187.669921875,5.33,2.31
2024-05-09,60.41999816894531,2861844.0,2340.300048828125,83.46430206298828,28.131999969482425,12.6899995803833,4.448999881744385,105.2300033569336,21957.5,16.270000457763672,5214.080078125,5.33,2.32
2024-05-10,61.91999816894531,11479352.0,2375.0,83.45939636230469,28.274999618530273,12.550000190734863,4.504000186920166,105.30999755859376,22055.19921875,16.200000762939453,5222.68017578125,5.33,2.34
2024-05-13,61.150001525878906,7487553.0,2343.0,83.5248031616211,28.22100067138672,13.600000381469728,4.480999946594238,105.22000122070312,22104.05078125,16.520000457763672,5221.419921875,5.33,2.33
2024-05-14,61.189998626708984,5400506.0,2359.89990234375,83.50550079345703,28.48500061035156,13.420000076293944,4.445000171661377,105.01000213623048,22217.849609375,16.610000610351562,5246.68017578125,5.33,2.33
2024-05-15,61.709999084472656,3894440.0,2394.89990234375,83.52420043945312,29.513999938964844,12.449999809265137,4.355999946594238,104.3499984741211,22200.55078125,16.989999771118164,5308.14990234375,5.33,2.31
2024-05-16,62.0,3465714.0,2385.5,83.40509796142578,29.665000915527344,12.420000076293944,4.376999855041504,104.45999908447266,22403.849609375,16.260000228881836,5297.10009765625,5.33,2.31
2024-05-17,61.959999084472656,4610205.0,2417.39990234375,83.47010040283203,31.04700088500977,11.989999771118164,4.420000076293945,104.4499969482422,22466.099609375,17.399999618530273,5303.27001953125,5.33,2.32
2024-05-21,62.630001068115234,6553090.0,2425.89990234375,83.31500244140625,31.868000030517575,11.859999656677246,4.414000034332275,104.66000366210938,22529.05078125,16.760000228881836,5321.41015625,5.33,2.32
2024-05-22,62.68000030517578,4495340.0,2392.89990234375,83.31680297851562,31.295000076293945,12.289999961853027,4.434000015258789,104.94000244140624,22597.80078125,16.450000762939453,5307.009765625,5.33,2.33
2024-05-23,61.619998931884766,9072908.0,2337.199951171875,83.26709747314453,30.284000396728516,12.770000457763672,4.474999904632568,105.11000061035156,22967.650390625,16.030000686645508,5267.83984375,5.33,2.3
2024-05-24,60.88999938964844,9672413.0,2334.5,83.2863998413086,30.329999923706055,11.93000030517578,4.4670000076293945,104.72000122070312,22957.099609375,15.260000228881836,5304.72021484375,5.33,2.32
2024-05-27,61.0,4755447.0,2334.5,83.05220031738281,30.329999923706055,11.93000030517578,4.4670000076293945,104.72000122070312,22932.44921875,15.260000228881836,5304.72021484375,5.33,2.32
2024-05-28,61.119998931884766,4391228.0,2356.5,83.14569854736328,31.97100067138672,12.920000076293944,4.541999816894531,104.61000061035156,22888.150390625,15.920000076293944,5306.0400390625,5.33,2.34
2024-05-29,61.20000076293945,5470880.0,2341.199951171875,83.20649719238281,32.202999114990234,14.279999732971191,4.624000072479248,105.0999984741211,22704.69921875,15.829999923706056,5266.9501953125,5.33,2.36
2024-05-30,60.7400016784668,3995720.0,2342.89990234375,83.3656005859375,31.38800048828125,14.470000267028809,4.553999900817871,104.72000122070312,22488.650390625,15.739999771118164,5235.47998046875,5.33,2.36
2024-05-31,61.290000915527344,4155444.0,2322.89990234375,83.3208999633789,30.29700088500977,12.920000076293944,4.513999938964844,104.66999816894533,22530.69921875,15.260000228881836,5277.509765625,5.33,2.35
2024-06-03,60.59000015258789,13340542.0,2369.300048828125,83.45079803466797,30.641000747680664,13.109999656677246,4.4019999504089355,104.13999938964844,23263.900390625,16.0,5283.39990234375,5.33,2.33
2024-06-04,60.560001373291016,11342481.0,2347.39990234375,83.09339904785156,29.488000869750977,13.15999984741211,4.335999965667725,104.11000061035156,21884.5,16.219999313354492,5291.33984375,5.33,2.31
2024-06-05,60.68000030517578,5903512.0,2375.5,83.62940216064453,29.947999954223633,12.630000114440918,4.289000034332275,104.2699966430664,22620.349609375,16.5,5354.02978515625,5.33,2.3
2024-06-06,61.45000076293945,5225983.0,2390.89990234375,83.38079833984375,31.246999740600582,12.579999923706056,4.281000137329102,104.0999984741211,22821.400390625,16.850000381469727,5352.9599609375,5.33,2.28
2024-06-07,61.09000015258789,7319475.0,2325.0,83.47309875488281,29.334999084472656,12.220000267028809,4.429999828338623,104.88999938964844,23290.150390625,17.1299991607666,5346.990234375,5.33,2.3
2024-06-10,60.130001068115234,14031401.0,2327.0,83.52760314941406,29.768999099731445,12.739999771118164,4.468999862670898,105.1500015258789,23259.19921875,16.65999984741211,5360.7900390625,5.33,2.31
2024-06-11,60.41999816894531,4138814.0,2326.60009765625,83.52980041503906,29.132999420166016,12.850000381469728,4.4039998054504395,105.2300033569336,23264.849609375,16.450000762939453,5375.31982421875,5.33,2.27
2024-06-12,60.59000015258789,3879917.0,2354.800048828125,83.5968017578125,30.176000595092773,12.039999961853027,4.295000076293945,104.6500015258789,23322.94921875,15.920000076293944,5421.02978515625,5.33,2.22
2024-06-13,60.59000015258789,4842355.0,2318.0,83.5343017578125,28.989999771118164,11.9399995803833,4.23799991607666,105.1999969482422,23398.900390625,15.710000038146973,5433.740234375,5.33,2.21
2024-06-14,60.599998474121094,5729995.0,2349.10009765625,83.52210235595703,29.402000427246097,12.65999984741211,4.2129998207092285,105.5500030517578,23465.599609375,16.06999969482422,5431.60009765625,5.33,2.17
2024-06-18,60.33000183105469,8789943.0,2346.89990234375,83.51010131835938,29.5049991607666,12.300000190734863,4.2170000076293945,105.26000213623048,23557.900390625,15.640000343322754,5487.02978515625,5.33,2.21
2024-06-19,60.709999084472656,4444925.0,2346.89990234375,83.37409973144531,29.5049991607666,12.300000190734863,4.2170000076293945,105.26000213623048,23516.0,15.640000343322754,5487.02978515625,5.33,2.21
2024-06-20,61.029998779296875,5884696.0,2369.0,83.41950225830078,30.775999069213867,13.279999732971191,4.254000186920166,105.58999633789062,23567.0,16.399999618530273,5473.169921875,5.33,2.25
2024-06-21,61.529998779296875,4982944.0,2331.199951171875,83.60160064697266,29.572999954223633,13.199999809265137,4.256999969482422,105.8000030517578,23501.099609375,15.859999656677246,5464.6201171875,5.33,2.23
2024-06-24,60.619998931884766,8708092.0,2344.39990234375,83.5625,29.48900032043457,13.329999923706056,4.248000144958496,105.47000122070312,23537.849609375,15.489999771118164,5447.8701171875,5.33,2.22
2024-06-25,60.75,3566974.0,2330.800048828125,83.46040344238281,28.836999893188477,12.84000015258789,4.23799991607666,105.61000061035156,23721.30078125,14.880000114440918,5469.2998046875,5.33,2.22
2024-06-26,60.459999084472656,8076853.0,2313.199951171875,83.41459655761719,28.909000396728516,12.550000190734863,4.315999984741211,106.0500030517578,23868.80078125,14.880000114440918,5477.89990234375,5.33,2.26
2024-06-27,60.31999969482422,7872785.0,2336.60009765625,83.58039855957031,28.917999267578125,12.239999771118164,4.288000106811523,105.91000366210938,24044.5,15.010000228881836,5482.8701171875,5.33,2.26
2024-06-28,60.630001068115234,4174732.0,2339.60009765625,83.45089721679688,29.23699951171875,12.4399995803833,4.3429999351501465,105.87000274658205,24010.599609375,14.720000267028809,5460.47998046875,5.33,2.28
2024-07-01,60.54999923706055,6305845.0,2338.89990234375,83.36750030517578,29.299999237060547,12.220000267028809,4.479000091552734,105.9000015258789,24141.94921875,14.859999656677246,5475.08984375,5.33,2.32
2024-07-02,60.720001220703125,9861239.0,2333.39990234375,83.44129943847656,29.35300064086914,12.029999732971191,4.435999870300293,105.72000122070312,24123.849609375,14.350000381469728,5509.009765625,5.33,2.3
2024-07-03,61.06999969482422,5302647.0,2369.39990234375,83.4791030883789,30.54800033569336,12.09000015258789,4.355000019073486,105.4000015258789,24286.5,14.890000343322754,5537.02001953125,5.33,2.27
2024-07-04,61.290000915527344,5671881.0,2369.39990234375,83.49120330810547,30.54800033569336,12.09000015258789,4.355000019073486,105.4000015258789,24302.150390625,14.890000343322754,5537.02001953125,5.33,2.27
2024-07-05,61.47999954223633,7776786.0,2397.699951171875,83.49340057373047,31.38800048828125,12.479999542236328,4.271999835968018,104.87999725341795,24323.849609375,15.619999885559082,5567.18994140625,5.33,2.28
2024-07-08,61.56999969482422,7024391.0,2363.5,83.47209930419922,30.618000030517575,12.369999885559082,4.269000053405762,105.01000213623048,24320.55078125,15.130000114440918,5572.85009765625,5.33,2.27
2024-07-09,61.380001068115234,4932706.0,2367.89990234375,83.45760345458984,30.77199935913086,12.510000228881836,4.300000190734863,105.12000274658205,24433.19921875,14.640000343322754,5576.97998046875,5.33,2.26
2024-07-10,61.540000915527344,4476581.0,2379.699951171875,83.49299621582031,30.72699928283691,12.850000381469728,4.28000020980835,105.0500030517578,24324.44921875,14.890000343322754,5633.91015625,5.33,2.27
2024-07-11,61.68000030517578,4771144.0,2421.89990234375,83.49590301513672,31.393999099731445,12.920000076293944,4.192999839782715,104.44000244140624,24315.94921875,15.739999771118164,5584.5400390625,5.33,2.25
2024-07-12,61.88999938964844,4961067.0,2420.699951171875,83.51850128173828,30.88599967956543,12.460000038146973,4.189000129699707,104.08999633789062,24502.150390625,15.119999885559082,5615.35009765625,5.33,2.24
2024-07-15,61.91999816894531,7078648.0,2428.89990234375,83.52030181884766,30.67200088500977,13.119999885559082,4.229000091552734,104.19000244140624,24586.69921875,15.979999542236328,5631.22021484375,5.33,2.27
2024-07-16,62.439998626708984,6023780.0,2467.800048828125,83.58760070800781,31.19499969482422,13.1899995803833,4.166999816894531,104.2699966430664,24613.0,17.149999618530273,5667.2001953125,5.33,2.26
2024-07-18,62.90999984741211,8182779.0,2456.39990234375,83.57209777832031,29.9950008392334,15.93000030517578,4.189000129699707,104.16999816894533,24800.849609375,16.25,5544.58984375,5.33,2.31
2024-07-19,62.40999984741211,7628732.0,2399.10009765625,83.67430114746094,29.08799934387207,16.520000457763672,4.238999843597412,104.4000015258789,24530.900390625,16.34000015258789,5505.0,5.33,2.32
2024-07-22,62.08000183105469,7638842.0,2394.699951171875,83.73030090332031,29.124000549316406,14.90999984741211,4.260000228881836,104.30999755859376,24509.25,15.739999771118164,5564.41015625,5.33,2.3
2024-07-23,60.15999984741211,26869060.0,2407.300048828125,83.67130279541016,29.131999969482425,14.720000267028809,4.238999843597412,104.4499969482422,24479.05078125,15.4399995803833,5555.740234375,5.33,2.29
2024-07-24,59.599998474121094,22114791.0,2415.699951171875,83.70680236816406,29.11599922180176,18.040000915527344,4.285999774932861,104.38999938964844,24413.5,15.979999542236328,5427.1298828125,5.33,2.28
2024-07-25,59.369998931884766,12969604.0,2353.5,83.74299621582031,27.80699920654297,18.459999084472656,4.25600004196167,104.36000061035156,24406.099609375,15.539999961853027,5399.22021484375,5.33,2.28
2024-07-26,59.9900016784668,14643754.0,2381.0,83.73760223388672,27.86000061035156,16.389999389648438,4.199999809265137,104.31999969482422,24834.849609375,15.199999809265137,5459.10009765625,5.33,2.27
2024-07-29,58.779998779296875,37546218.0,2377.800048828125,83.72779846191406,27.70299911499023,16.600000381469727,4.177999973297119,104.55999755859376,24836.099609375,15.640000343322754,5463.5400390625,5.33,2.25
2024-07-30,58.349998474121094,23191997.0,2405.0,83.75050354003906,28.364999771118164,17.690000534057617,4.14300012588501,104.5500030517578,24857.30078125,16.299999237060547,5436.43994140625,5.33,2.25
2024-07-31,58.68000030517578,13112644.0,2426.5,83.73899841308594,28.777999877929688,16.360000610351562,4.109000205993652,104.0999984741211,24951.150390625,17.8799991607666,5522.2998046875,5.33,2.24
2024-08-01,59.09000015258789,15318057.0,2480.800048828125,83.7177963256836,28.33099937438965,18.59000015258789,3.9760000705718994,104.41999816894533,25010.900390625,17.610000610351562,5446.68017578125,5.33,2.2
2024-08-02,59.66999816894531,14408631.0,2469.800048828125,83.743896484375,28.246000289916992,23.38999938964844,3.7920000553131104,103.20999908447266,24717.69921875,18.700000762939453,5346.56005859375,5.33,2.04
2024-08-05,58.7400016784668,28739897.0,2444.39990234375,83.73529815673828,27.076000213623047,38.56999969482422,3.785000085830689,102.69000244140624,24055.599609375,21.950000762939453,5186.330078125,5.33,2.07
2024-08-06,58.619998931884766,21329411.0,2431.60009765625,84.00260162353516,27.09600067138672,27.709999084472656,3.888000011444092,102.97000122070312,23992.55078125,19.100000381469727,5240.02978515625,5.33,2.12
2024-08-07,58.20000076293945,26468888.0,2432.39990234375,83.93489837646484,26.829999923706055,27.850000381469727,3.9679999351501465,103.1999969482422,24297.5,18.1200008392334,5199.5,5.33,2.11
2024-08-08,58.09000015258789,14463600.0,2463.300048828125,83.94239807128906,27.5,23.790000915527344,3.996999979019165,103.20999908447266,24117.0,18.450000762939453,5319.31005859375,5.33,2.12
2024-08-09,58.65999984741211,9685693.0,2473.39990234375,83.98899841308594,27.48699951171875,20.3700008392334,3.941999912261963,103.13999938964844,24367.5,17.799999237060547,5344.16015625,5.33,2.1
2024-08-12,59.02000045776367,13621664.0,2504.0,83.94979858398438,27.91699981689453,20.709999084472656,3.9089999198913574,103.13999938964844,24347.0,20.61000061035156,5344.39013671875,5.33,2.11
2024-08-13,59.400001525878906,10870836.0,2507.800048828125,83.88999938964844,27.69499969482422,18.1200008392334,3.8519999980926514,102.55999755859376,24139.0,19.18000030517578,5434.43017578125,5.33,2.09
2024-08-14,59.61000061035156,8628741.0,2479.699951171875,83.88200378417969,27.253999710083008,16.190000534057617,3.819999933242798,102.56999969482422,24143.75,18.489999771118164,5455.2099609375,5.33,2.06
2024-08-16,59.470001220703125,9800739.0,2537.800048828125,83.94830322265625,28.777999877929688,14.800000190734863,3.8919999599456783,102.45999908447266,24541.150390625,20.09000015258789,5554.25,5.33,2.08
2024-08-19,60.34000015258789,12568984.0,2541.300048828125,83.88980102539062,29.239999771118164,14.649999618530272,3.867000102996826,101.88999938964844,24572.650390625,18.770000457763672,5608.25,5.33,2.07
2024-08-20,60.66999816894531,10726626.0,2550.60009765625,83.87860107421875,29.454999923706055,15.880000114440918,3.818000078201294,101.44000244140624,24698.849609375,18.469999313354492,5597.1201171875,5.33,2.07
2024-08-21,60.380001068115234,10233753.0,2547.5,83.77940368652344,29.47599983215332,16.270000457763672,3.7780001163482666,101.04000091552734,24770.19921875,18.6299991607666,5620.85009765625,5.33,2.07
2024-08-22,60.45000076293945,6323115.0,2516.699951171875,83.88860321044922,29.006000518798828,17.549999237060547,3.861999988555908,101.51000213623048,24811.5,17.889999389648438,5570.64013671875,5.33,2.1
2024-08-23,60.25,8988636.0,2546.300048828125,83.94059753417969,29.785999298095703,15.859999656677246,3.806999921798706,100.72000122070312,24823.150390625,17.489999771118164,5634.60986328125,5.33,2.13
2024-08-26,60.83000183105469,10556126.0,2555.199951171875,83.81379699707031,29.97699928283691,16.149999618530273,3.818000078201294,100.8499984741211,25010.599609375,17.899999618530273,5616.83984375,5.33,2.15
2024-08-27,60.54999923706055,16238244.0,2552.89990234375,83.88369750976562,29.951000213623047,15.43000030517578,3.8329999446868896,100.5500030517578,25017.75,17.690000534057617,5625.7998046875,5.33,2.15
2024-08-28,60.54999923706055,6942624.0,2537.800048828125,83.92160034179688,29.176000595092773,17.110000610351562,3.8410000801086426,101.08999633789062,25052.349609375,17.18000030517578,5592.18017578125,5.33,2.15
2024-08-29,60.56999969482422,5401005.0,2560.300048828125,83.94149780273438,29.55699920654297,15.649999618530272,3.867000102996826,101.33999633789062,25151.94921875,17.219999313354492,5591.9599609375,5.33,2.16
2024-08-30,60.65999984741211,6134534.0,2527.60009765625,83.89510345458984,28.731000900268555,15.0,3.91100001335144,101.6999969482422,25235.900390625,16.399999618530273,5648.39990234375,5.33,2.15
2024-09-02,60.25,11029836.0,2527.60009765625,83.86380004882812,28.731000900268555,15.0,3.91100001335144,101.6999969482422,25278.69921875,16.399999618530273,5648.39990234375,5.13,2.15
2024-09-03,60.36000061035156,6172679.0,2523.0,83.92729949951172,27.951000213623047,20.719999313354492,3.8440001010894775,101.83000183105467,25279.849609375,16.549999237060547,5528.93017578125,5.13,2.11
2024-09-04,59.83000183105469,12546243.0,2526.0,83.95030212402344,28.16699981689453,21.31999969482422,3.76799988746643,101.36000061035156,25198.69921875,16.190000534057617,5520.06982421875,5.13,2.07
2024-09-05,60.54999923706055,5063463.0,2543.10009765625,83.98249816894531,28.719999313354492,19.899999618530273,3.7309999465942383,101.11000061035156,25145.099609375,16.479999542236328,5503.41015625,5.13,2.03
2024-09-06,60.65999984741211,10691128.0,2524.60009765625,83.98359680175781,27.808000564575195,22.3799991607666,3.7100000381469727,101.18000030517578,24852.150390625,16.489999771118164,5408.419921875,5.13,2.03
2024-09-09,60.15999984741211,8826704.0,2532.699951171875,83.98259735107422,28.291000366210938,19.450000762939453,3.697000026702881,101.5500030517578,24936.400390625,16.15999984741211,5471.0498046875,5.13,2.04
2024-09-10,60.36000061035156,5437498.0,2543.10009765625,83.98090362548828,28.256999969482425,19.079999923706055,3.6459999084472656,101.62999725341795,25041.099609375,16.079999923706055,5495.52001953125,5.13,2.02
2024-09-11,60.709999084472656,6640492.0,2542.39990234375,83.98200225830078,28.562999725341797,17.690000534057617,3.6530001163482666,101.68000030517578,24918.44921875,15.520000457763672,5554.1298828125,5.13,2.04
2024-09-12,60.61000061035156,5527426.0,2580.60009765625,83.99259948730469,29.743000030517575,17.06999969482422,3.680000066757202,101.37000274658205,25388.900390625,16.739999771118164,5595.759765625,5.13,2.05
2024-09-13,61.63999938964844,13929243.0,2610.699951171875,83.93479919433594,30.698999404907227,16.559999465942383,3.650000095367432,101.11000061035156,25356.5,16.8799991607666,5626.02001953125,5.13,2.08
2024-09-16,62.04999923706055,8067712.0,2608.89990234375,83.88480377197266,30.770999908447266,17.139999389648438,3.621000051498413,100.76000213623048,25383.75,17.030000686645508,5633.08984375,5.13,2.09
2024-09-17,61.77000045776367,9011998.0,2592.39990234375,83.88400268554688,30.618999481201172,17.610000610351562,3.6419999599456783,100.88999938964844,25418.55078125,17.489999771118164,5634.580078125,5.13,2.12
2024-09-18,61.68000030517578,5262948.0,2598.60009765625,83.77059936523438,30.340999603271484,18.229999542236328,3.684999942779541,100.5999984741211,25377.55078125,17.1299991607666,5618.259765625,5.13,2.12
2024-09-19,62.189998626708984,12997065.0,2614.60009765625,83.69170379638672,31.0939998626709,16.329999923706055,3.740000009536743,100.61000061035156,25415.80078125,16.760000228881836,5713.64013671875,5.13,2.17
2024-09-20,62.43000030517578,10186997.0,2646.199951171875,83.61470031738281,31.176000595092773,16.149999618530273,3.7279999256134033,100.72000122070312,25790.94921875,17.079999923706055,5702.5498046875,5.13,2.15
2024-09-23,62.810001373291016,12227083.0,2652.5,83.48709869384766,30.767000198364254,15.890000343322754,3.739000082015991,100.91999816894533,25939.05078125,17.719999313354492,5718.56982421875,5.13,2.17
2024-09-24,62.9900016784668,9658635.0,2677.0,83.55960083007812,32.111000061035156,15.390000343322754,3.736000061035156,100.37000274658205,25940.400390625,19.260000228881836,5732.93017578125,5.13,2.19
2024-09-25,63.65999984741211,16224523.0,2684.699951171875,83.56759643554688,31.697999954223633,15.40999984741211,3.7809998989105225,100.91999816894533,26004.150390625,19.1299991607666,5722.259765625,5.13,2.18
2024-09-26,63.77000045776367,9342923.0,2694.89990234375,83.62409973144531,32.025001525878906,15.369999885559082,3.7909998893737793,100.55999755859376,26216.05078125,18.81999969482422,5745.3701171875,5.13,2.16
2024-09-27,63.47999954223633,11648940.0,2668.10009765625,83.61710357666016,31.518999099731445,16.959999084472656,3.749000072479248,100.41999816894533,26178.94921875,18.59000015258789,5738.169921875,5.13,2.15
2024-09-30,63.54999923706055,9664621.0,2659.39990234375,83.71640014648438,31.163999557495117,16.729999542236328,3.802000045776367,100.77999877929688,25810.849609375,18.079999923706055,5762.47998046875,5.13,2.18
2024-10-01,63.59000015258789,12060333.0,2690.300048828125,83.82730102539062,31.44499969482422,19.260000228881836,3.743000030517578,101.19000244140624,25796.900390625,18.56999969482422,5708.75,4.83,2.19
2024-10-03,63.689998626708984,18380069.0,2679.199951171875,83.91960144042969,32.18899917602539,20.489999771118164,3.849999904632568,101.98999786376952,25250.099609375,18.280000686645508,5699.93994140625,4.83,2.21
2024-10-04,63.9900016784668,15726483.0,2667.800048828125,84.0093994140625,32.12799835205078,19.209999084472656,3.9809999465942383,102.5199966430664,25014.599609375,17.479999542236328,5751.06982421875,4.83,2.23
2024-10-07,63.810001373291016,13002565.0,2666.0,84.02780151367188,31.7450008392334,22.63999938964844,4.026000022888184,102.54000091552734,24795.75,17.709999084472656,5695.93994140625,4.83,2.27
2024-10-08,63.45000076293945,10834330.0,2635.39990234375,83.96410369873047,30.354999542236328,21.420000076293945,4.0329999923706055,102.5500030517578,25013.150390625,17.639999389648438,5751.1298828125,4.83,2.27
2024-10-09,63.02000045776367,10062839.0,2626.0,83.91459655761719,30.424999237060547,20.86000061035156,4.066999912261963,102.93000030517578,24981.94921875,17.6200008392334,5792.0400390625,4.83,2.29
2024-10-10,63.0099983215332,9388383.0,2639.300048828125,83.94219970703125,31.0049991607666,20.93000030517578,4.0960001945495605,102.98999786376952,24998.44921875,17.270000457763672,5780.0498046875,4.83,2.33
2024-10-11,63.540000915527344,5995568.0,2676.300048828125,83.94599914550781,31.520000457763672,20.459999084472656,4.072999954223633,102.88999938964844,24964.25,17.270000457763672,5815.02978515625,4.83,2.33
2024-10-14,63.97999954223633,10381085.0,2665.60009765625,84.16829681396484,31.08300018310547,19.700000762939453,4.0980000495910645,103.3000030517578,25127.94921875,17.469999313354492,5859.85009765625,4.83,2.33
2024-10-15,63.86000061035156,7118097.0,2678.89990234375,84.04850006103516,31.527000427246097,20.63999938964844,4.038000106811523,103.26000213623048,25057.349609375,17.3799991607666,5815.259765625,4.83,2.28
2024-10-16,64.44000244140625,7805175.0,2691.300048828125,84.05619812011719,31.760000228881836,19.579999923706055,4.015999794006348,103.58999633789062,24971.30078125,17.309999465942383,5842.47021484375,4.83,2.27
2024-10-17,64.44000244140625,7014298.0,2707.5,84.03929901123047,31.572999954223633,19.11000061035156,4.0960001945495605,103.83000183105467,24749.849609375,17.56999969482422,5841.47021484375,4.83,2.3
2024-10-18,65.18000030517578,10809828.0,2730.0,84.05380249023438,33.03200149536133,18.030000686645508,4.072999954223633,103.48999786376952,24854.05078125,17.770000457763672,5864.669921875,4.83,2.31
2024-10-21,65.79000091552734,15559770.0,2738.89990234375,84.0687026977539,33.86899948120117,18.3700008392334,4.182000160217285,104.01000213623048,24781.099609375,18.190000534057617,5853.97998046875,4.83,2.31
2024-10-22,65.7300033569336,11424709.0,2759.800048828125,84.07350158691406,34.83100128173828,18.200000762939453,4.203999996185303,104.08000183105467,24472.099609375,18.729999542236328,5851.2001953125,4.83,2.33
2024-10-23,66.16000366210938,14863031.0,2729.39990234375,84.08399963378906,33.63999938964844,19.239999771118164,4.242000102996826,104.43000030517578,24435.5,18.979999542236328,5797.419921875,4.83,2.31
2024-10-24,65.75,13330060.0,2748.89990234375,84.06759643554688,33.611000061035156,19.079999923706055,4.199999809265137,104.05999755859376,24399.400390625,18.65999984741211,5809.85986328125,4.83,2.3
2024-10-25,65.44999694824219,11753965.0,2754.60009765625,84.08180236816406,33.60300064086914,20.329999923706055,4.23199987411499,104.26000213623048,24180.80078125,18.8799991607666,5808.1201171875,4.83,2.29
2024-10-28,65.77999877929688,13640432.0,2755.89990234375,84.10199737548828,33.83000183105469,19.799999237060547,4.2779998779296875,104.31999969482422,24339.150390625,18.34000015258789,5823.52001953125,4.83,2.29
2024-10-29,66.30000305175781,17930130.0,2781.10009765625,84.10279846191406,34.26900100708008,19.34000015258789,4.27400016784668,104.27999877929688,24466.849609375,18.510000228881836,5832.919921875,4.83,2.3
2024-10-30,67.0199966430664,15441752.0,2800.800048828125,84.08930206298828,33.91400146484375,20.350000381469727,4.265999794006348,103.98999786376952,24340.849609375,18.68000030517578,5813.669921875,4.83,2.34
2024-10-31,66.91999816894531,14358187.0,2749.300048828125,84.08910369873047,32.65299987792969,23.15999984741211,4.283999919891357,103.9800033569336,24205.349609375,19.459999084472656,5705.4501953125,4.83,2.33
2024-11-01,66.91999816894531,0.0,2749.199951171875,84.09149932861328,32.54199981689453,21.8799991607666,4.361000061035156,104.27999877929688,24304.349609375,19.290000915527344,5728.7998046875,4.64,2.33
2024-11-04,66.0199966430664,14818023.0,2746.199951171875,84.13359832763672,32.47999954223633,21.979999542236328,4.309000015258789,103.88999938964844,23995.349609375,19.90999984741211,5712.68994140625,4.64,2.28
2024-11-05,65.94000244140625,14652113.0,2749.699951171875,84.15249633789062,32.654998779296875,20.489999771118164,4.289000034332275,103.41999816894533,24213.30078125,19.59000015258789,5782.759765625,4.64,2.27
2024-11-06,65.58999633789062,14998583.0,2676.300048828125,84.11630249023438,31.22100067138672,16.270000457763672,4.426000118255615,105.08999633789062,24484.05078125,17.6299991607666,5929.0400390625,4.64,2.38
2024-11-07,64.33000183105469,21285221.0,2705.800048828125,84.2511978149414,31.76499938964844,15.199999809265137,4.341000080108643,104.51000213623048,24199.349609375,17.3700008392334,5973.10009765625,4.64,2.33
2024-11-08,65.0,13572558.0,2694.800048828125,84.306396484375,31.358999252319336,14.9399995803833,4.306000232696533,105.0,24148.19921875,15.90999984741211,5995.5400390625,4.64,2.35
2024-11-11,64.48999786376953,8384643.0,2617.699951171875,84.38289642333984,30.540000915527344,14.970000267028809,4.308000087738037,105.54000091552734,24141.30078125,16.020000457763672,6001.35009765625,4.64,2.35
2024-11-12,62.84000015258789,17377363.0,2606.300048828125,84.39649963378906,30.68600082397461,14.710000038146973,4.432000160217285,106.0199966430664,23883.44921875,16.25,5983.990234375,4.64,2.35
2024-11-13,63.25,9278252.0,2586.5,84.39530181884766,30.59000015258789,14.020000457763672,4.451000213623047,106.4800033569336,23559.05078125,17.049999237060547,5985.3798828125,4.64,2.35
2024-11-14,61.790000915527344,16055964.0,2572.89990234375,84.4229965209961,30.507999420166016,14.3100004196167,4.418000221252441,106.66999816894533,23532.69921875,17.389999389648438,5949.169921875,4.64,2.33
2024-11-18,62.900001525878906,12487261.0,2614.60009765625,84.47750091552734,31.163000106811523,15.579999923706056,4.414000034332275,106.27999877929688,23453.80078125,16.969999313354492,5893.6201171875,4.64,2.34
2024-11-19,63.720001220703125,11162267.0,2631.0,84.39849853515625,31.20800018310547,16.350000381469727,4.379000186920166,106.20999908447266,23518.5,17.850000381469727,5916.97998046875,4.64,2.34
2024-11-21,64.56999969482422,12055469.0,2674.89990234375,84.38310241699219,30.91200065612793,16.8700008392334,4.432000160217285,106.97000122070312,23349.900390625,17.59000015258789,5948.7099609375,4.64,2.34
2024-11-22,65.33000183105469,12559055.0,2712.199951171875,84.48829650878906,31.30900001525879,15.239999771118164,4.409999847412109,107.48999786376952,23907.25,17.540000915527344,5969.33984375,4.64,2.34
2024-11-25,64.37999725341797,13432205.0,2618.5,84.43599700927734,30.209999084472656,14.600000381469728,4.264999866485596,106.81999969482422,24221.900390625,17.799999237060547,5987.3701171875,4.64,2.29
2024-11-26,63.38999938964844,14361086.0,2621.300048828125,84.37750244140625,30.38800048828125,14.100000381469728,4.302000045776367,107.01000213623048,24194.5,17.0,6021.6298828125,4.64,2.28
2024-11-27,63.959999084472656,12660832.0,2639.89990234375,84.33910369873047,30.111000061035156,14.100000381469728,4.242000102996826,106.08000183105467,24274.900390625,16.540000915527344,5998.740234375,4.64,2.26
2024-11-28,64.04000091552734,6341785.0,2639.89990234375,84.42030334472656,30.111000061035156,14.100000381469728,4.242000102996826,106.08000183105467,23914.150390625,16.540000915527344,5998.740234375,4.64,2.26
2024-11-29,64.29000091552734,6935021.0,2657.0,84.47160339355469,30.684999465942383,13.510000228881836,4.177999973297119,105.73999786376952,24131.099609375,16.3700008392334,6032.3798828125,4.64,2.26
2024-12-02,63.7599983215332,11568256.0,2658.5,84.55699920654297,30.448999404907227,13.34000015258789,4.196000099182129,106.4499969482422,24276.05078125,16.329999923706055,6047.14990234375,4.48,2.26
2024-12-03,64.05999755859375,6881086.0,2667.89990234375,84.73709869384766,31.07699966430664,13.300000190734863,4.2230000495910645,106.37000274658205,24457.150390625,16.209999084472656,6049.8798828125,4.48,2.28
2024-12-04,64.01000213623047,7138332.0,2676.199951171875,84.68309783935547,31.5049991607666,13.449999809265137,4.179999828338623,106.33999633789062,24467.44921875,15.920000076293944,6086.490234375,4.48,2.29
2024-12-05,64.05999755859375,9221336.0,2648.39990234375,84.70700073242188,31.13400077819824,13.539999961853027,4.179999828338623,105.70999908447266,24708.400390625,15.93000030517578,6075.10986328125,4.48,2.25
2024-12-06,63.9900016784668,6714404.0,2659.60009765625,84.68379974365234,31.18600082397461,12.770000457763672,4.151000022888184,105.97000122070312,24677.80078125,15.039999961853027,6090.27001953125,4.48,2.24
2024-12-09,64.29000091552734,8770651.0,2685.800048828125,84.66600036621094,32.215999603271484,14.1899995803833,4.198999881744385,106.1500015258789,24619.0,15.75,6052.85009765625,4.48,2.27
2024-12-10,64.66999816894531,9968255.0,2718.39990234375,84.84729766845703,32.362998962402344,14.18000030517578,4.2210001945495605,106.4000015258789,24610.05078125,16.34000015258789,6034.91015625,4.48,2.29
2024-12-11,65.04000091552734,12988032.0,2756.699951171875,84.8740005493164,32.5620002746582,13.579999923706056,4.270999908447266,106.70999908447266,24641.80078125,16.860000610351562,6084.18994140625,4.48,2.3
2024-12-12,65.48999786376953,8909811.0,2709.39990234375,84.85710144042969,31.22800064086914,13.920000076293944,4.323999881744385,106.95999908447266,24548.69921875,15.43000030517578,6051.25,4.48,2.32
2024-12-13,64.61000061035156,9894872.0,2675.800048828125,84.83920288085938,30.655000686645508,13.8100004196167,4.39900016784668,107.0,24768.30078125,15.630000114440918,6051.08984375,4.48,2.33
2024-12-16,64.4800033569336,6509818.0,2670.0,84.802001953125,30.69700050354004,14.6899995803833,4.396999835968018,106.86000061035156,24668.25,15.380000114440918,6074.080078125,4.48,2.32
2024-12-17,64.0999984741211,6351408.0,2662.0,84.91729736328125,30.572999954223633,15.869999885559082,4.385000228881836,106.95999908447266,24336.0,15.640000343322754,6050.60986328125,4.48,2.31
2024-12-18,64.37999725341797,4899456.0,2653.300048828125,84.91539764404297,30.40999984741211,27.6200008392334,4.49399995803833,108.02999877929688,24198.849609375,16.540000915527344,5872.16015625,4.48,2.32
2024-12-19,63.779998779296875,10197598.0,2608.10009765625,85.16549682617188,29.0939998626709,24.09000015258789,4.570000171661377,108.41000366210938,23951.69921875,15.829999923706056,5867.080078125,4.48,2.29
2024-12-20,63.31999969482422,6377752.0,2645.10009765625,85.27940368652344,29.65999984741211,18.36000061035156,4.52400016784668,107.62000274658205,23587.5,15.729999542236328,5930.85009765625,4.48,2.29
2024-12-23,63.970001220703125,5677888.0,2628.199951171875,84.94499969482422,29.88800048828125,16.780000686645508,4.598999977111816,108.04000091552734,23753.44921875,15.539999961853027,5974.06982421875,4.48,2.32
2024-12-24,63.68000030517578,4175908.0,2635.5,85.0988998413086,29.974000930786133,14.270000457763672,4.591000080108643,108.26000213623048,23727.650390625,14.710000038146973,6040.0400390625,4.48,2.35
2024-12-26,64.0,3931630.0,2653.89990234375,85.41339874267578,30.04700088500977,14.729999542236328,4.578999996185303,108.12999725341795,23750.19921875,15.1899995803833,6037.58984375,4.48,2.35
2024-12-27,64.20999908447266,5648135.0,2631.89990234375,85.26090240478516,29.655000686645508,15.949999809265137,4.61899995803833,108.0,23813.400390625,14.670000076293944,5970.83984375,4.48,2.34
2024-12-30,64.0,5106785.0,2618.10009765625,85.38600158691406,29.106000900268555,17.399999618530273,4.545000076293945,108.12999725341795,23644.900390625,15.020000457763672,5906.93994140625,4.48,2.31
2024-12-31,64.08999633789062,8802865.0,2641.0,85.7865982055664,28.940000534057617,17.350000381469727,4.572999954223633,108.48999786376952,23644.80078125,14.619999885559082,5881.6298828125,4.48,2.34
2025-01-01,64.3499984741211,9543477.0,2641.0,85.7865982055664,28.940000534057617,17.350000381469727,4.572999954223633,108.48999786376952,23742.900390625,14.619999885559082,5881.6298828125,4.33,2.34
2025-01-02,64.5999984741211,7660276.0,2669.0,85.78569793701172,29.621999740600582,17.93000030517578,4.574999809265137,109.38999938964844,24188.650390625,15.06999969482422,5868.5498046875,4.33,2.34
2025-01-03,65.06999969482422,9218232.0,2654.699951171875,85.80400085449219,29.805999755859375,16.1299991607666,4.5960001945495605,108.9499969482422,24004.75,14.489999771118164,5942.47021484375,4.33,2.34
2025-01-06,64.61000061035156,9120655.0,2647.39990234375,85.75900268554688,30.34199905395508,16.040000915527344,4.618000030517578,108.26000213623048,23616.05078125,14.760000228881836,5975.3798828125,4.33,2.34
2025-01-07,64.7699966430664,10745727.0,2665.39990234375,85.68070220947266,30.44700050354004,17.81999969482422,4.683000087738037,108.54000091552734,23707.900390625,14.68000030517578,5909.02978515625,4.33,2.38
2025-01-08,65.12000274658203,7078909.0,2672.39990234375,85.80650329589844,30.45199966430664,17.700000762939453,4.692999839782715,109.08999633789062,23688.94921875,14.81999969482422,5918.25,4.33,2.4
2025-01-09,65.4000015258789,8565601.0,2690.800048828125,85.90750122070312,30.791000366210938,17.700000762939453,4.692999839782715,109.18000030517578,23526.5,14.81999969482422,5918.25,4.33,2.39
2025-01-10,65.93000030517578,12772160.0,2715.0,85.91999816894531,31.090999603271484,19.540000915527344,4.776000022888184,109.6500015258789,23431.5,15.770000457763672,5827.0400390625,4.33,2.43
2025-01-13,66.25,31223058.0,2678.60009765625,86.18800354003906,30.090999603271484,19.190000534057617,4.802999973297119,109.95999908447266,23085.94921875,15.270000457763672,5836.22021484375,4.33,2.45
2025-01-14,66.04000091552734,15911570.0,2682.300048828125,86.65059661865234,30.131999969482425,18.709999084472656,4.788000106811523,109.2699966430664,23176.05078125,15.0,5842.91015625,4.33,2.44
2025-01-15,66.26000213623047,7111641.0,2717.800048828125,86.535400390625,31.319000244140625,16.1200008392334,4.6529998779296875,109.08999633789062,23213.19921875,15.229999542236328,5949.91015625,4.33,2.42
2025-01-16,66.58999633789062,12107894.0,2750.89990234375,86.43099975585938,31.52300071716309,16.600000381469727,4.605999946594238,108.95999908447266,23311.80078125,15.399999618530272,5937.33984375,4.33,2.42
2025-01-17,66.66000366210938,9517063.0,2748.699951171875,86.6061019897461,30.951000213623047,15.970000267028809,4.609000205993652,109.3499984741211,23203.19921875,14.979999542236328,5996.66015625,4.33,2.41
2025-01-20,66.58999633789062,7918979.0,2748.699951171875,86.56900024414062,30.951000213623047,15.970000267028809,4.609000205993652,109.3499984741211,23344.75,14.979999542236328,5996.66015625,4.33,2.41
2025-01-21,66.94999694824219,7592915.0,2759.199951171875,86.21109771728516,31.31100082397461,15.0600004196167,4.573999881744385,108.05999755859376,23024.650390625,15.5,6049.240234375,4.33,2.38
2025-01-22,67.62000274658203,11577541.0,2770.89990234375,86.45189666748047,31.23900032043457,15.100000381469728,4.598999977111816,108.16999816894533,23155.349609375,15.239999771118164,6086.3701171875,4.33,2.4
2025-01-23,67.43000030517578,9478508.0,2765.0,86.47270202636719,30.67300033569336,15.020000457763672,4.638000011444092,108.0500030517578,23205.349609375,14.949999809265137,6118.7099609375,4.33,2.42
2025-01-24,67.7699966430664,14874711.0,2778.89990234375,86.44020080566406,31.02300071716309,14.850000381469728,4.625999927520752,107.44000244140624,23092.19921875,14.850000381469728,6101.240234375,4.33,2.43
2025-01-27,67.69000244140625,16534725.0,2738.39990234375,86.2030029296875,30.253999710083008,17.899999618530273,4.5279998779296875,107.33999633789062,22829.150390625,15.229999542236328,6012.27978515625,4.33,2.4
2025-01-28,67.58000183105469,14634599.0,2767.5,86.46839904785156,30.72699928283691,16.40999984741211,4.551000118255615,107.87000274658205,22957.25,15.460000038146973,6067.7001953125,4.33,2.42
2025-01-29,67.86000061035156,7048513.0,2769.800048828125,86.58460235595703,31.238000869750977,16.559999465942383,4.554999828338623,108.0,23163.099609375,14.84000015258789,6039.31005859375,4.33,2.4
2025-01-30,68.08999633789062,11532203.0,2823.0,86.6406021118164,32.36399841308594,15.84000015258789,4.51200008392334,107.8000030517578,23249.5,16.09000015258789,6071.169921875,4.33,2.38
2025-01-31,69.08000183105469,15636205.0,2812.5,86.64700317382812,32.12799835205078,16.43000030517578,4.568999767303467,108.37000274658205,23508.400390625,15.81999969482422,6040.52978515625,4.33,2.42
2025-02-01,68.94999694824219,15755452.0,2812.5,86.64700317382812,32.12799835205078,16.43000030517578,4.568999767303467,108.37000274658205,23482.150390625,15.81999969482422,6040.52978515625,4.33,2.42
2025-02-03,69.63999938964844,13682573.0,2857.10009765625,86.55400085449219,32.391998291015625,18.6200008392334,4.543000221252441,108.98999786376952,23361.05078125,16.809999465942383,5994.56982421875,4.33,2.45
2025-02-04,70.08000183105469,15163139.0,2875.800048828125,86.94339752197266,32.88800048828125,17.209999084472656,4.513000011444092,107.95999908447266,23739.25,17.110000610351562,6037.8798828125,4.33,2.44
2025-02-05,71.56999969482422,25721670.0,2893.0,87.13009643554688,32.856998443603516,15.770000457763672,4.421999931335449,107.58000183105467,23696.30078125,17.190000534057617,6061.47998046875,4.33,2.42
2025-02-06,71.43000030517578,30059729.0,2876.699951171875,87.33409881591797,32.518001556396484,15.5,4.440000057220459,107.69000244140624,23603.349609375,16.270000457763672,6083.56982421875,4.33,2.42
2025-02-07,71.54000091552734,22367847.0,2887.60009765625,87.58830261230469,32.334999084472656,16.540000915527344,4.486999988555908,108.04000091552734,23559.94921875,16.229999542236328,6025.990234375,4.33,2.42
2025-02-10,72.5199966430664,31547440.0,2934.39990234375,87.51309967041016,32.391998291015625,15.8100004196167,4.493000030517578,108.31999969482422,23381.599609375,17.59000015258789,6066.43994140625,4.33,2.44
2025-02-11,71.9800033569336,26890736.0,2932.60009765625,87.49009704589844,32.23099899291992,16.020000457763672,4.5370001792907715,107.95999908447266,23071.80078125,17.479999542236328,6068.5,4.33,2.46
2025-02-12,71.47000122070312,17813697.0,2928.699951171875,86.81120300292969,32.69499969482422,15.890000343322754,4.63700008392334,107.94000244140624,23045.25,17.34000015258789,6051.97021484375,4.33,2.46
2025-02-13,71.87000274658203,13212378.0,2945.39990234375,86.8740005493164,32.650001525878906,15.100000381469728,4.525000095367432,107.30999755859376,23031.400390625,17.1299991607666,6115.06982421875,4.33,2.44
2025-02-14,72.22000122070312,10506019.0,2900.699951171875,86.75409698486328,32.80099868774414,14.770000457763672,4.4720001220703125,106.56999969482422,22929.25,17.229999542236328,6114.6298828125,4.33,2.43
2025-02-17,71.6500015258789,14979900.0,2900.699951171875,86.43460083007812,32.80099868774414,14.770000457763672,4.4720001220703125,106.56999969482422,22959.5,17.229999542236328,6114.6298828125,4.33,2.43
2025-02-18,71.9800033569336,20255513.0,2949.0,86.85479736328125,33.31700134277344,15.350000381469728,4.544000148773193,107.0500030517578,22945.30078125,18.030000686645508,6129.580078125,4.33,2.45
2025-02-19,72.7300033569336,11833543.0,2936.10009765625,86.88719940185547,32.99300003051758,15.270000457763672,4.534999847412109,107.16999816894533,22932.900390625,16.760000228881836,6144.14990234375,4.33,2.45
2025-02-20,72.48999786376953,12547634.0,2956.10009765625,86.872802734375,33.444000244140625,15.65999984741211,4.5,106.33999633789062,22913.150390625,16.450000762939453,6117.52001953125,4.33,2.45
2025-02-21,72.08000183105469,11836188.0,2953.199951171875,86.45120239257812,32.97600173950195,18.209999084472656,4.420000076293945,106.61000061035156,22795.900390625,16.549999237060547,6013.1298828125,4.33,2.42
2025-02-24,72.5999984741211,14405974.0,2963.199951171875,86.52940368652344,32.57500076293945,18.979999542236328,4.39300012588501,106.5999984741211,22553.349609375,16.729999542236328,5983.25,4.33,2.42
2025-02-25,72.75,13144809.0,2918.800048828125,86.69010162353516,31.801000595092773,19.43000030517578,4.297999858856201,106.30999755859376,22547.55078125,16.719999313354492,5955.25,4.33,2.38
2025-02-27,71.87999725341797,27165044.0,2895.89990234375,87.16220092773438,31.801000595092773,21.1299991607666,4.284999847412109,107.23999786376952,22545.05078125,16.450000762939453,5861.56982421875,4.33,2.37
2025-02-28,71.0999984741211,31520842.0,2848.5,87.3270034790039,31.2189998626709,19.6299991607666,4.230999946594238,107.61000061035156,22124.69921875,15.81999969482422,5954.5,4.33,2.38
2025-03-03,71.36000061035156,11451635.0,2901.10009765625,87.46399688720703,32.03200149536133,22.780000686645508,4.179999828338623,106.75,22119.30078125,16.809999465942383,5849.72021484375,4.33,2.36
2025-03-04,72.41999816894531,11323967.0,2920.60009765625,87.32959747314453,32.108001708984375,23.510000228881836,4.210000038146973,105.73999786376952,22082.650390625,17.25,5778.14990234375,4.33,2.35
2025-03-05,72.2699966430664,11551383.0,2926.0,87.21700286865234,32.858001708984375,21.93000030517578,4.264999866485596,105.73999786376952,22337.30078125,16.920000076293945,5842.6298828125,4.33,2.34
2025-03-06,71.88999938964844,10743047.0,2926.60009765625,86.88929748535156,33.0629997253418,24.8700008392334,4.285999774932861,104.05999755859376,22544.69921875,16.829999923706055,5738.52001953125,4.33,2.34
2025-03-07,72.20999908447266,10706795.0,2914.10009765625,87.12879943847656,32.54800033569336,23.3700008392334,4.316999912261963,103.83999633789062,22552.5,16.190000534057617,5770.2001953125,4.33,2.33
2025-03-10,72.16999816894531,7894354.0,2899.39990234375,87.07379913330078,32.275001525878906,27.86000061035156,4.2129998207092285,103.91000366210938,22460.30078125,17.059999465942383,5614.56005859375,4.33,2.31
2025-03-11,72.08000183105469,6123525.0,2920.89990234375,87.3551025390625,32.88800048828125,26.920000076293945,4.288000106811523,103.44000244140624,22497.900390625,17.139999389648438,5572.06982421875,4.33,2.31
2025-03-12,72.31999969482422,5416235.0,2946.800048828125,87.20010375976562,33.48400115966797,24.229999542236328,4.317999839782715,103.61000061035156,22470.5,16.81999969482422,5599.2998046875,4.33,2.33
2025-03-13,72.81999969482422,9102052.0,2991.300048828125,87.3405990600586,34.05099868774414,24.65999984741211,4.27400016784668,103.83000183105467,22397.19921875,17.40999984741211,5521.52001953125,4.33,2.29
2025-03-17,73.52999877929688,12763210.0,3006.10009765625,86.93900299072266,34.07400131225586,20.510000228881836,4.306000232696533,103.37000274658205,22508.75,17.600000381469727,5675.1201171875,4.33,2.29
2025-03-18,73.52999877929688,0.0,3040.800048828125,86.91639709472656,34.57899856567383,21.700000762939453,4.281000137329102,103.23999786376952,22834.30078125,17.530000686645508,5614.66015625,4.33,2.3
2025-03-19,74.25,17347591.0,3041.199951171875,86.57610321044922,33.974998474121094,19.899999618530273,4.25600004196167,103.43000030517578,22907.599609375,16.739999771118164,5675.2900390625,4.33,2.31
2025-03-20,74.48999786376953,8435104.0,3043.800048828125,86.33709716796875,33.7859992980957,19.799999237060547,4.232999801635742,103.8499984741211,23190.650390625,16.450000762939453,5662.89013671875,4.33,2.31
2025-03-21,73.94999694824219,18589531.0,3021.39990234375,86.33609771728516,33.290000915527344,19.280000686645508,4.251999855041504,104.08999633789062,23350.400390625,15.979999542236328,5667.56005859375,4.33,2.33
2025-03-24,73.0,63876147.0,3015.60009765625,85.98699951171875,33.26499938964844,17.479999542236328,4.330999851226807,104.26000213623048,23658.349609375,15.800000190734863,5767.56982421875,4.33,2.36
2025-03-25,73.2300033569336,16524365.0,3025.89990234375,85.53209686279297,34.00199890136719,17.149999618530273,4.307000160217285,104.18000030517578,23668.650390625,15.229999542236328,5776.64990234375,4.33,2.35
2025-03-26,73.25,11975993.0,3022.5,85.59040069580078,34.03300094604492,18.329999923706055,4.3379998207092285,104.5500030517578,23486.849609375,15.039999961853027,5712.2001953125,4.33,2.37
2025-03-27,73.80000305175781,10626756.0,3061.0,86.09539794921875,34.89699935913086,18.690000534057617,4.36899995803833,104.06999969482422,23591.94921875,16.079999923706055,5693.31005859375,4.33,2.39
2025-03-28,74.16000366210938,28472465.0,3086.5,85.69490051269531,34.64400100708008,21.649999618530273,4.255000114440918,104.04000091552734,23519.349609375,16.450000762939453,5580.93994140625,4.33,2.37
2025-04-01,76.72000122070312,40720281.0,3146.0,85.46810150146484,34.15800094604492,21.770000457763672,4.156000137329102,104.26000213623048,23165.69921875,17.950000762939453,5633.06982421875,4.33,2.33
2025-04-02,76.2300033569336,36083347.0,3166.199951171875,85.61009979248047,34.499000549316406,21.510000228881836,4.196000099182129,103.80999755859376,23332.349609375,17.920000076293945,5670.97021484375,4.33,2.32
2025-04-03,75.8499984741211,28338299.0,3121.699951171875,85.65119934082031,31.8439998626709,30.020000457763672,4.054999828338623,102.06999969482422,23250.099609375,18.36000061035156,5396.52001953125,4.33,2.28
2025-04-04,74.98999786376953,22612463.0,3035.39990234375,85.28289794921875,29.11599922180176,45.310001373291016,3.984999895095825,103.0199966430664,22904.44921875,22.030000686645508,5074.080078125,4.33,2.18
2025-04-07,73.83000183105469,62547917.0,2973.60009765625,85.529296875,29.510000228881836,46.97999954223633,4.15500020980835,103.26000213623048,22161.599609375,19.68000030517578,5062.25,4.33,2.19
2025-04-08,73.68000030517578,15916066.0,2990.199951171875,86.0270004272461,29.59199905395508,52.33000183105469,4.26200008392334,102.95999908447266,22535.849609375,23.729999542236328,4982.77001953125,4.33,2.22
2025-04-09,74.88999938964844,16060289.0,3079.39990234375,86.435302734375,30.322999954223633,33.619998931884766,4.400000095367432,102.9000015258789,22399.150390625,24.530000686645508,5456.89990234375,4.33,2.27
2025-04-11,77.9000015258789,41882099.0,3244.60009765625,86.2603988647461,31.823999404907227,37.560001373291016,4.493000030517578,99.77999877929688,22828.55078125,28.440000534057617,5363.35986328125,4.33,2.2
2025-04-15,77.66000366210938,22708774.0,3240.39990234375,86.0447998046875,32.22700119018555,30.1200008392334,4.322999954223633,100.22000122070312,23328.55078125,21.540000915527344,5396.6298828125,4.33,2.19
2025-04-16,79.2300033569336,17435366.0,3346.39990234375,85.72669982910156,32.92599868774414,32.63999938964844,4.2789998054504395,99.37999725341795,23437.19921875,26.729999542236328,5275.7001953125,4.33,2.17
2025-04-17,79.52999877929688,22315842.0,3328.39990234375,85.62049865722656,32.41999816894531,29.649999618530273,4.333000183105469,99.37999725341795,23851.650390625,24.13999938964844,5282.7001953125,4.33,2.23
2025-04-21,81.06999969482422,26060674.0,3425.300048828125,85.62049865722656,32.49599838256836,33.81999969482422,4.40500020980835,98.27999877929688,24125.55078125,28.13999938964844,5158.2001953125,4.33,2.22
2025-04-22,82.9000015258789,30534897.0,3419.39990234375,85.15889739990234,32.880001068115234,30.56999969482422,4.388999938964844,98.91999816894533,24167.25,28.440000534057617,5287.759765625,4.33,2.27
2025-04-23,80.38999938964844,38573322.0,3294.10009765625,85.2323989868164,33.518001556396484,28.450000762939453,4.38700008392334,99.83999633789062,24328.94921875,25.229999542236328,5375.85986328125,4.33,2.29
2025-04-24,80.51000213623047,15878472.0,3348.60009765625,85.4999008178711,33.481998443603516,26.469999313354492,4.304999828338623,99.29000091552734,24246.69921875,24.93000030517578,5484.77001953125,4.33,2.3
2025-04-25,80.02999877929688,19337075.0,3298.39990234375,85.2573013305664,32.98899841308594,24.84000015258789,4.265999794006348,99.47000122070312,24039.349609375,23.36000061035156,5525.2099609375,4.33,2.27
2025-04-28,79.05000305175781,22373797.0,3347.699951171875,85.38490295410156,32.9900016784668,25.149999618530273,4.216000080108643,99.01000213623048,24328.5,23.25,5528.75,4.33,2.25
2025-04-29,80.04000091552734,21952704.0,3333.60009765625,85.1603012084961,33.275001525878906,24.170000076293945,4.172999858856201,99.23999786376952,24335.94921875,22.100000381469727,5560.830078125,4.33,2.23
2025-04-30,79.08999633789062,21587869.0,3319.10009765625,85.1707992553711,32.53099822998047,24.700000762939453,4.177000045776367,99.47000122070312,24334.19921875,21.520000457763672,5569.06005859375,4.33,2.23
2025-05-02,78.37999725341797,15856600.0,3243.300048828125,84.69670104980469,31.98900032043457,22.68000030517578,4.322000026702881,100.0,24346.69921875,21.350000381469727,5686.669921875,4.33,2.27
2025-05-05,79.58000183105469,15889122.0,3322.300048828125,84.52629852294922,32.20500183105469,23.63999938964844,4.3429999351501465,99.83000183105467,24461.150390625,23.200000762939453,5650.3798828125,4.33,2.28
2025-05-06,82.12999725341797,21861963.0,3422.800048828125,84.2208023071289,33.112998962402344,24.760000228881836,4.308000087738037,99.23999786376952,24379.599609375,24.719999313354492,5606.91015625,4.33,2.26
2025-05-07,81.27999877929688,20421792.0,3391.89990234375,84.79319763183594,32.53099822998047,23.549999237060547,4.275000095367432,99.61000061035156,24414.400390625,22.989999771118164,5631.27978515625,4.33,2.25
2025-05-08,80.94000244140625,22056783.0,3306.0,84.81719970703125,32.37799835205078,22.479999542236328,4.373000144958496,100.63999938964844,24273.80078125,22.579999923706055,5663.93994140625,4.33,2.29
2025-05-09,80.80000305175781,17152718.0,3344.0,86.08219909667969,32.67599868774414,21.899999618530273,4.375,100.33999633789062,24008.0,21.86000061035156,5659.91015625,4.33,2.29
2025-05-12,77.9800033569336,32647859.0,3228.0,85.4083023071289,32.38800048828125,18.38999938964844,4.456999778747559,101.79000091552734,24924.69921875,21.3799991607666,5844.18994140625,4.33,2.29
2025-05-13,79.06999969482422,15305982.0,3247.800048828125,84.9656982421875,32.86800003051758,18.219999313354492,4.499000072479248,101.0,24578.349609375,19.579999923706055,5886.5498046875,4.33,2.32
2025-05-14,78.58000183105469,14223171.0,3188.300048828125,85.060302734375,32.22600173950195,18.6200008392334,4.5279998779296875,101.04000091552734,24666.900390625,20.780000686645508,5892.580078125,4.33,2.37
2025-05-15,77.04000091552734,33029222.0,3226.60009765625,85.48760223388672,32.48099899291992,17.829999923706055,4.454999923706055,100.87999725341795,25062.099609375,21.6299991607666,5916.93017578125,4.33,2.34
2025-05-16,77.77999877929688,16345899.0,3187.199951171875,85.44490051269531,32.15800094604492,17.239999771118164,4.440999984741211,101.08999633789062,25019.80078125,21.469999313354492,5958.3798828125,4.33,2.34
2025-05-19,78.31999969482422,13043842.0,3233.5,85.50029754638672,32.3129997253418,18.13999938964844,4.474999904632568,100.43000030517578,24945.44921875,21.3700008392334,5963.60009765625,4.33,2.36
2025-05-20,78.19000244140625,14843284.0,3284.60009765625,85.37210083007812,32.97999954223633,18.09000015258789,4.480999946594238,100.12000274658205,24683.900390625,21.950000762939453,5940.4599609375,4.33,2.35
2025-05-21,79.5,39202827.0,3313.5,85.53610229492188,33.4630012512207,20.8700008392334,4.5960001945495605,99.55999755859376,24813.44921875,22.229999542236328,5844.60986328125,4.33,2.35
2025-05-22,79.80999755859375,22193709.0,3295.0,85.60030364990234,33.047000885009766,20.280000686645508,4.552999973297119,99.95999908447266,24609.69921875,21.549999237060547,5842.009765625,4.33,2.34
2025-05-23,79.51000213623047,37141110.0,3365.800048828125,85.97489929199219,33.44200134277344,22.290000915527344,4.508999824523926,99.11000061035156,24853.150390625,22.280000686645508,5802.81982421875,4.33,2.33
2025-05-26,79.7699966430664,9375536.0,3365.800048828125,85.19930267333984,33.44200134277344,22.290000915527344,4.508999824523926,98.93000030517578,25001.150390625,22.280000686645508,5802.81982421875,4.33,2.33
2025-05-27,79.55999755859375,10765565.0,3300.39990234375,85.158203125,33.145999908447266,18.959999084472656,4.434000015258789,99.5199966430664,24826.19921875,21.1200008392334,5921.5400390625,4.33,2.32
2025-05-28,80.05999755859375,7535695.0,3294.89990234375,85.3604965209961,33.0,19.309999465942383,4.4770002365112305,99.87999725341795,24752.44921875,19.690000534057617,5888.5498046875,4.33,2.32
2025-05-29,79.0999984741211,13431765.0,3317.10009765625,85.38590240478516,33.28300094604492,19.18000030517578,4.423999786376953,99.27999877929688,24833.599609375,19.649999618530273,5912.169921875,4.33,2.32
2025-05-30,79.48999786376953,7156040.0,3288.89990234375,85.36129760742188,32.891998291015625,18.56999969482422,4.415999889373779,99.33000183105467,24750.69921875,19.100000381469727,5911.68994140625,4.33,2.34
2025-06-02,80.5199966430664,13512153.0,3397.199951171875,85.52429962158203,34.5629997253418,18.36000061035156,4.461999893188477,98.6999969482422,24716.599609375,20.600000381469727,5935.93994140625,4.33,2.33
2025-06-03,80.97000122070312,13059856.0,3377.10009765625,85.36370086669922,34.50299835205078,17.690000534057617,4.460000038146973,99.25,24542.5,20.100000381469727,5970.3701171875,4.33,2.32
2025-06-04,81.30999755859375,15171863.0,3399.199951171875,85.70880126953125,34.51900100708008,17.610000610351562,4.364999771118164,98.79000091552734,24620.19921875,19.81999969482422,5970.81005859375,4.33,2.31
2025-06-05,81.7300033569336,14131710.0,3375.10009765625,85.9041976928711,35.68899917602539,18.479999542236328,4.394000053405762,98.73999786376952,24750.900390625,19.690000534057617,5939.2998046875,4.33,2.29
2025-06-06,81.2300033569336,12138184.0,3346.60009765625,85.87750244140625,36.025001525878906,16.770000457763672,4.510000228881836,99.19000244140624,25003.05078125,19.15999984741211,6000.35986328125,4.33,2.31
2025-06-09,80.4800033569336,15146871.0,3354.89990234375,85.7853012084961,36.6879997253418,17.15999984741211,4.48199987411499,98.94000244140624,25103.19921875,19.450000762939453,6005.8798828125,4.33,2.31
2025-06-10,80.61000061035156,11925279.0,3343.39990234375,85.75599670410156,36.54199981689453,16.950000762939453,4.473999977111816,99.0500030517578,25104.25,19.0,6038.81005859375,4.33,2.29
2025-06-11,80.76000213623047,8051051.0,3343.699951171875,85.65280151367188,36.16600036621094,17.260000228881836,4.4120001792907715,98.62999725341795,25141.400390625,19.15999984741211,6022.240234375,4.33,2.27
2025-06-12,81.38999938964844,18066096.0,3402.39990234375,85.46980285644531,36.2130012512207,18.020000457763672,4.35699987411499,97.91999816894533,24888.19921875,19.700000762939453,6045.259765625,4.33,2.25
2025-06-13,83.12999725341797,27039436.0,3452.800048828125,85.68840026855469,36.28099822998047,20.81999969482422,4.423999786376953,98.18000030517578,24718.599609375,21.15999984741211,5976.97021484375,4.33,2.28
2025-06-16,83.08999633789062,18775047.0,3417.300048828125,86.24919891357422,36.37900161743164,19.11000061035156,4.452000141143799,98.0,24946.5,19.8700008392334,6033.10986328125,4.33,2.3
2025-06-17,82.55999755859375,12596527.0,3406.89990234375,86.10420227050781,37.09000015258789,21.600000381469727,4.39300012588501,98.81999969482422,24853.400390625,20.40999984741211,5982.72021484375,4.33,2.31
2025-06-18,82.79000091552734,12087747.0,3408.10009765625,86.36270141601562,36.86600112915039,20.13999938964844,4.396999835968018,98.91000366210938,24812.05078125,19.579999923706055,5980.8701171875,4.33,2.31
2025-06-19,82.79000091552734,15703694.0,3408.10009765625,86.61360168457031,36.86600112915039,20.13999938964844,4.396999835968018,98.91000366210938,24793.25,19.579999923706055,5980.8701171875,4.33,2.31
2025-06-20,82.2300033569336,15087436.0,3385.699951171875,86.58380126953125,35.97600173950195,20.6200008392334,4.375,98.70999908447266,25112.400390625,19.270000457763672,5967.83984375,4.33,2.33
2025-06-23,82.66000366210938,15182442.0,3395.0,86.5802993774414,36.15299987792969,19.829999923706055,4.320000171661377,98.41999816894533,24971.900390625,19.020000457763672,6025.169921875,4.33,2.3
2025-06-24,80.9800033569336,24233699.0,3333.89990234375,86.23300170898438,35.70100021362305,17.479999542236328,4.293000221252441,97.86000061035156,25044.349609375,18.280000686645508,6092.18017578125,4.33,2.29
2025-06-25,81.11000061035156,17506743.0,3343.10009765625,85.90480041503906,36.084999084472656,16.760000228881836,4.293000221252441,97.68000030517578,25244.75,17.329999923706055,6092.16015625,4.33,2.28
2025-06-26,81.12000274658203,8182454.0,3348.0,86.006103515625,36.58599853515625,16.59000015258789,4.252999782562256,97.1500015258789,25549.0,16.649999618530273,6141.02001953125,4.33,2.28
2025-06-27,79.80999755859375,22817337.0,3287.60009765625,85.66639709472656,36.0369987487793,16.31999969482422,4.2829999923706055,97.4000015258789,25637.80078125,16.489999771118164,6173.06982421875,4.33,2.29
2025-06-30,79.98999786376953,19072979.0,3307.699951171875,85.4552993774414,35.85200119018555,16.729999542236328,4.230000019073486,96.87999725341795,25517.05078125,17.309999465942383,6204.9501953125,4.33,2.29
2025-07-01,81.05000305175781,11297138.0,3349.800048828125,85.71399688720703,36.082000732421875,16.829999923706055,4.250999927520752,96.81999969482422,25541.80078125,16.760000228881836,6198.009765625,4.33,2.29
2025-07-02,81.11000061035156,9539592.0,3359.699951171875,85.6427993774414,36.42599868774414,16.639999389648438,4.293000221252441,96.77999877929688,25453.400390625,16.8700008392334,6227.419921875,4.33,2.3
2025-07-03,81.01000213623047,9720543.0,3342.89990234375,85.69409942626953,36.78400039672851,16.3799991607666,4.3480000495910645,97.18000030517578,25405.30078125,16.190000534057617,6279.35009765625,4.33,2.33
2025-07-04,80.88999938964844,17710116.0,3346.5,85.31909942626953,36.775001525878906,16.3799991607666,4.3480000495910645,97.18000030517578,25461.0,16.190000534057617,6279.35009765625,4.33,2.33
2025-07-07,80.52999877929688,10209093.0,3342.800048828125,85.49629974365234,36.6150016784668,17.790000915527344,4.394999980926514,97.4800033569336,25461.30078125,16.90999984741211,6229.97998046875,4.33,2.35
2025-07-08,80.77999877929688,5817233.0,3316.89990234375,85.89199829101562,36.47200012207031,16.809999465942383,4.414999961853027,97.51000213623048,25522.5,16.200000762939453,6225.52001953125,4.33,2.35
2025-07-09,80.02999877929688,11192504.0,3321.0,85.7073974609375,36.35100173950195,15.9399995803833,4.3420000076293945,97.47000122070312,25476.099609375,15.859999656677246,6263.259765625,4.33,2.33
2025-07-10,80.70999908447266,8228993.0,3325.699951171875,85.70850372314453,37.03799819946289,15.779999732971191,4.3460001945495605,97.6500015258789,25355.25,16.040000915527344,6280.4599609375,4.33,2.34
2025-07-11,81.1500015258789,11410048.0,3364.0,85.73480224609375,38.67599868774414,16.399999618530273,4.422999858856201,97.8499984741211,25149.849609375,16.940000534057617,6259.75,4.33,2.37
2025-07-14,81.87999725341797,11698807.0,3359.10009765625,85.82129669189453,38.46200180053711,17.200000762939453,4.427000045776367,98.08000183105467,25082.30078125,16.989999771118164,6268.56005859375,4.33,2.39
2025-07-15,81.66999816894531,8360802.0,3336.699951171875,85.96839904785156,37.83399963378906,17.3799991607666,4.488999843597412,98.62000274658205,25195.80078125,16.3700008392334,6243.759765625,4.33,2.41
2025-07-16,81.3499984741211,6749799.0,3359.10009765625,85.99310302734375,37.85300064086914,17.15999984741211,4.454999923706055,98.38999938964844,25212.05078125,17.270000457763672,6263.7001953125,4.33,2.41
2025-07-17,81.16000366210938,6177627.0,3345.300048828125,85.88520050048828,38.055999755859375,16.520000457763672,4.4629998207092285,98.7300033569336,25111.44921875,16.90999984741211,6297.35986328125,4.33,2.43
2025-07-18,81.7300033569336,7566902.0,3358.300048828125,86.04650115966797,38.222999572753906,16.40999984741211,4.432000160217285,98.4800033569336,24968.400390625,16.729999542236328,6296.7900390625,4.33,2.41
2025-07-21,82.12999725341797,11329166.0,3406.39990234375,86.14859771728516,39.10100173950195,16.649999618530273,4.372000217437744,97.8499984741211,25090.69921875,17.780000686645508,6305.60009765625,4.33,2.4
2025-07-22,82.7699966430664,12020232.0,3443.699951171875,86.19529724121094,39.31999969482422,16.5,4.335999965667725,97.38999938964844,25060.900390625,19.079999923706055,6309.6201171875,4.33,2.39
2025-07-23,83.75,19504795.0,3397.60009765625,86.3427963256836,39.27799987792969,15.369999885559082,4.388000011444092,97.20999908447266,25219.900390625,18.440000534057617,6358.91015625,4.33,2.37
2025-07-24,82.30000305175781,13659785.0,3373.5,86.39869689941406,39.020999908447266,15.390000343322754,4.4079999923706055,97.37999725341795,25062.099609375,17.81999969482422,6363.35009765625,4.33,2.45
2025-07-25,82.0999984741211,14936984.0,3335.60009765625,86.4302978515625,38.16699981689453,14.93000030517578,4.386000156402588,97.6500015258789,24837.0,17.049999237060547,6388.64013671875,4.33,2.44
2025-07-28,82.02999877929688,12693127.0,3310.0,86.506103515625,38.0260009765625,15.029999732971191,4.420000076293945,98.66000366210938,24680.900390625,16.790000915527344,6389.77001953125,4.33,2.44
2025-07-29,81.91000366210938,11346333.0,3324.0,86.77760314941406,38.08399963378906,15.979999542236328,4.329999923706055,98.91000366210938,24821.099609375,16.610000610351562,6370.85986328125,4.33,2.43
2025-07-30,82.38999938964844,12808210.0,3295.800048828125,87.06320190429688,37.56600189208984,15.479999542236328,4.375999927520752,99.94000244140624,24855.05078125,16.479999542236328,6362.89990234375,4.33,2.42
2025-07-31,82.19999694824219,12478359.0,3293.199951171875,87.714599609375,36.551998138427734,16.719999313354492,4.360000133514404,100.02999877929688,24768.349609375,16.040000915527344,6339.39013671875,4.33,2.39
2025-08-01,81.94999694824219,21880995.0,3399.800048828125,87.4894027709961,36.7869987487793,20.3799991607666,4.21999979019165,98.69000244140624,24565.349609375,17.299999237060547,6238.009765625,4.33,2.33
2025-08-04,83.2300033569336,13190272.0,3426.39990234375,87.24530029296875,37.19200134277344,17.520000457763672,4.199999809265137,98.77999877929688,24722.75,17.06999969482422,6329.93994140625,4.33,2.37
2025-08-05,83.61000061035156,14398331.0,3434.699951171875,87.89330291748047,37.6870002746582,17.850000381469727,4.196000099182129,98.77999877929688,24649.55078125,16.68000030517578,6299.18994140625,4.33,2.36
2025-08-06,83.44000244140625,10881908.0,3433.39990234375,87.72309875488281,37.76599884033203,16.770000457763672,4.21999979019165,98.18000030517578,24574.19921875,16.420000076293945,6345.06005859375,4.33,2.34
2025-08-07,83.94000244140625,13106067.0,3453.699951171875,87.76249694824219,38.15800094604492,16.56999969482422,4.24399995803833,98.4000015258789,24596.150390625,16.950000762939453,6340.0,4.33,2.35
2025-08-08,84.36000061035156,15307482.0,3491.300048828125,87.43319702148438,38.41699981689453,15.149999618530272,4.284999847412109,98.18000030517578,24363.30078125,16.360000610351562,6389.4501953125,4.33,2.39
2025-08-11,83.2300033569336,15158564.0,3404.699951171875,87.48829650878906,37.6619987487793,16.25,4.2729997634887695,98.5199966430664,24585.05078125,16.940000534057617,6373.4501953125,4.33,2.4
2025-08-12,82.9800033569336,11159030.0,3399.0,87.66449737548828,37.89899826049805,14.729999542236328,4.293000221252441,98.0999984741211,24487.400390625,16.350000381469727,6445.759765625,4.33,2.38
2025-08-13,83.19000244140625,9115427.0,3408.300048828125,87.59559631347656,38.499000549316406,14.489999771118164,4.23799991607666,97.83999633789062,24619.349609375,15.949999809265137,6466.580078125,4.33,2.37
2025-08-14,83.13999938964844,10248043.0,3383.199951171875,87.44999694824219,37.98199844360352,14.829999923706056,4.293000221252441,98.25,24631.30078125,15.329999923706056,6468.5400390625,4.33,2.39
2025-08-18,82.75,13537860.0,3378.0,87.51280212402344,37.95100021362305,14.989999771118164,4.341000080108643,98.16999816894533,24876.94921875,14.899999618530272,6449.14990234375,4.33,2.38
2025-08-19,82.30999755859375,10261966.0,3358.699951171875,87.29509735107422,37.26100158691406,15.56999969482422,4.302000045776367,98.2699966430664,24980.650390625,14.81999969482422,6411.3701171875,4.33,2.35
2025-08-20,82.08000183105469,11629206.0,3388.5,87.0791015625,37.70500183105469,15.6899995803833,4.296000003814697,98.22000122070312,25050.55078125,15.399999618530272,6395.77978515625,4.33,2.35
2025-08-21,82.55000305175781,9354226.0,3381.60009765625,87.01820373535156,38.027000427246094,16.600000381469727,4.329999923706055,98.62000274658205,25083.75,15.4399995803833,6370.169921875,4.33,2.39
2025-08-22,82.62000274658203,11214757.0,3418.5,87.29340362548828,39.00299835205078,14.220000267028809,4.260000228881836,97.72000122070312,24870.099609375,15.149999618530272,6466.91015625,4.33,2.41
2025-08-25,83.5,11009873.0,3417.5,87.3301010131836,38.676998138427734,14.789999961853027,4.275000095367432,98.43000030517578,24967.75,15.09000015258789,6439.31982421875,4.33,2.41
2025-08-26,83.83000183105469,11781538.0,3433.0,87.60859680175781,38.582000732421875,14.619999885559082,4.257999897003174,98.2300033569336,24712.05078125,15.880000114440918,6465.93994140625,4.33,2.42
2025-08-28,84.41999816894531,13982686.0,3474.300048828125,87.65910339355469,39.189998626708984,14.43000030517578,4.206999778747559,97.80999755859376,24500.900390625,16.34000015258789,6501.85986328125,4.33,2.41
2025-08-29,85.33999633789062,17611333.0,3516.10009765625,87.5916976928711,40.20000076293945,15.359999656677246,4.2270002365112305,97.7699966430664,24426.849609375,17.389999389648438,6460.259765625,4.33,2.41
2025-09-01,86.61000061035156,37752097.0,3516.10009765625,88.17430114746094,40.20000076293945,15.359999656677246,4.2270002365112305,97.7699966430664,24625.05078125,17.389999389648438,6460.259765625,4.22,2.41
2025-09-02,86.61000061035156,20987243.0,3592.199951171875,88.00140380859375,41.07099914550781,17.170000076293945,4.2769999504089355,98.4000015258789,24579.599609375,19.809999465942383,6415.5400390625,4.22,2.41
2025-09-03,87.87999725341797,18818564.0,3635.5,87.99829864501953,41.54199981689453,16.350000381469727,4.210999965667725,98.13999938964844,24715.05078125,19.530000686645508,6448.259765625,4.22,2.4
2025-09-04,88.16000366210938,19469254.0,3606.699951171875,88.072998046875,40.9109992980957,15.300000190734863,4.176000118255615,98.3499984741211,24734.30078125,18.329999923706055,6502.080078125,4.22,2.38
2025-09-05,88.6500015258789,17854891.0,3653.300048828125,88.19290161132812,41.07400131225586,15.18000030517578,4.085999965667725,97.7699966430664,24741.0,18.299999237060547,6481.5,4.22,2.37
2025-09-08,89.9800033569336,25737386.0,3677.39990234375,88.1863021850586,41.42599868774414,15.109999656677246,4.046000003814697,97.4499969482422,24773.150390625,19.09000015258789,6495.14990234375,4.22,2.35
2025-09-09,91.16999816894533,36086737.0,3682.199951171875,87.98049926757812,40.87799835205078,15.039999961853027,4.073999881744385,97.79000091552734,24868.599609375,17.989999771118164,6512.60986328125,4.22,2.36
2025-09-10,90.9000015258789,29134766.0,3682.0,88.21829986572266,41.132999420166016,15.350000381469728,4.0320000648498535,97.77999877929688,24973.099609375,17.3700008392334,6532.0400390625,4.22,2.35
2025-09-11,90.62000274658205,19825329.0,3673.60009765625,88.05339813232422,41.696998596191406,14.710000038146973,4.011000156402588,97.54000091552734,25005.5,16.479999542236328,6587.47021484375,4.22,2.34
2025-09-12,91.26000213623048,20999165.0,3686.39990234375,88.2676010131836,42.387001037597656,14.760000228881836,4.060999870300293,97.5500030517578,25114.0,16.3799991607666,6584.2900390625,4.22,2.36
2025-09-15,90.91999816894533,21822478.0,3719.0,88.27729797363281,42.516998291015625,15.6899995803833,4.033999919891357,97.3000030517578,25069.19921875,17.899999618530273,6615.27978515625,4.22,2.37
2025-09-16,92.2699966430664,22759828.0,3725.10009765625,88.12349700927734,42.47100067138672,16.360000610351562,4.026000022888184,96.62999725341795,25239.099609375,18.3700008392334,6606.759765625,4.22,2.37
2025-09-17,91.25,29420335.0,3717.800048828125,87.88459777832031,41.72200012207031,15.720000267028809,4.076000213623047,96.87000274658205,25330.25,17.40999984741211,6600.35009765625,4.22,2.38
2025-09-18,91.5999984741211,23017317.0,3678.300048828125,87.91069793701172,41.707000732421875,15.699999809265137,4.104000091552734,97.3499984741211,25423.599609375,16.450000762939453,6631.9599609375,4.22,2.38
2025-09-19,91.29000091552734,14943516.0,3705.800048828125,88.20690155029297,42.5359992980957,15.449999809265137,4.138999938964844,97.63999938964844,25327.05078125,16.760000228881836,6664.35986328125,4.22,2.39
2025-09-22,93.13999938964844,29191689.0,3775.10009765625,88.09919738769531,43.79899978637695,16.100000381469727,4.14300012588501,97.33000183105467,25202.349609375,18.43000030517578,6693.75,4.22,2.37
2025-09-23,95.12999725341795,36910438.0,3815.699951171875,88.30439758300781,44.19200134277344,16.639999389648438,4.119999885559082,97.26000213623048,25169.5,19.059999465942383,6656.919921875,4.22,2.37
2025-09-24,94.63999938964844,35825570.0,3768.10009765625,88.80799865722656,43.777000427246094,16.18000030517578,4.146999835968018,97.87000274658205,25056.900390625,18.299999237060547,6637.97021484375,4.22,2.38
2025-09-25,94.43000030517578,31941819.0,3771.10009765625,88.77860260009766,44.696998596191406,16.739999771118164,4.171999931335449,98.5500030517578,24890.849609375,19.06999969482422,6604.72021484375,4.22,2.38
2025-09-26,94.22000122070312,30115973.0,3809.0,88.77310180664062,46.22100067138672,15.289999961853027,4.186999797821045,98.1500015258789,24654.69921875,18.59000015258789,6643.7001953125,4.22,2.38
2025-09-29,95.9000015258789,34621491.0,3855.199951171875,88.67680358886719,46.61199951171875,16.1200008392334,4.140999794006348,97.91000366210938,24634.900390625,19.190000534057617,6661.2099609375,4.22,2.35
2025-09-30,95.8499984741211,51685690.0,3873.199951171875,88.70449829101562,46.25299835205078,16.280000686645508,4.1479997634887695,97.7699966430664,24611.099609375,19.950000762939453,6688.4599609375,4.22,2.36
2025-10-01,97.62999725341795,35428401.0,3897.5,88.8406982421875,47.290000915527344,16.290000915527344,4.105999946594238,97.70999908447266,24836.30078125,19.049999237060547,6711.2001953125,4.09,2.35
2025-10-03,97.06999969482422,44922680.0,3908.89990234375,88.72019958496094,47.59700012207031,16.649999618530273,4.11899995803833,97.72000122070312,24894.25,17.65999984741211,6715.7900390625,4.09,2.33
2025-10-06,99.22000122070312,57326883.0,3976.300048828125,88.73509979248047,48.082000732421875,16.3700008392334,4.1620001792907715,98.11000061035156,25077.650390625,19.510000228881836,6740.27978515625,4.09,2.34
2025-10-07,99.66000366210938,53314468.0,4004.39990234375,88.72109985351562,47.17900085449219,17.239999771118164,4.126999855041504,98.58000183105467,25108.30078125,19.940000534057617,6714.58984375,4.09,2.35
2025-10-08,101.69000244140624,57364133.0,4070.5,88.74259948730469,48.65599822998047,16.299999237060547,4.129000186920166,98.8499984741211,25046.150390625,21.809999465942383,6753.72021484375,4.09,2.35
2025-10-09,101.47000122070312,57014951.0,3972.60009765625,88.7771987915039,46.849998474121094,16.43000030517578,4.1479997634887695,99.54000091552734,25181.80078125,21.850000381469727,6735.10986328125,4.09,2.34
2025-10-10,100.66999816894533,50044730.0,4000.39990234375,88.86540222167969,46.9379997253418,21.65999984741211,4.051000118255615,98.9800033569336,25285.349609375,23.780000686645508,6552.509765625,4.09,2.3
2025-10-13,102.6500015258789,50586865.0,4133.0,88.7573013305664,50.130001068115234,19.030000686645508,4.051000118255615,99.2699966430664,25227.349609375,24.530000686645508,6654.72021484375,4.09,2.3
2025-10-14,105.08999633789062,85463491.0,4163.39990234375,88.66510009765625,50.31399917602539,20.809999465942383,4.021999835968018,99.0500030517578,25145.5,26.11000061035156,6644.31005859375,4.09,2.3
2025-10-15,105.29000091552734,76144009.0,4201.60009765625,88.78250122070312,51.073001861572266,20.63999938964844,4.046000003814697,98.79000091552734,25323.55078125,27.1200008392334,6671.06005859375,4.09,2.29
2025-10-16,105.37000274658205,56566354.0,4304.60009765625,87.80950164794922,53.02299880981445,25.309999465942383,3.9760000705718994,98.38999938964844,25585.30078125,32.779998779296875,6629.06982421875,4.09,2.28
2025-10-17,108.11000061035156,62619301.0,4213.2998046875,87.9906997680664,49.86399841308594,20.780000686645508,4.006999969482422,98.43000030517578,25709.849609375,31.200000762939453,6664.009765625,4.09,2.27
2025-10-20,105.13999938964844,116061717.0,4359.39990234375,88.0022964477539,51.11899948120117,18.229999542236328,3.986000061035156,98.58999633789062,25843.150390625,31.43000030517578,6735.1298828125,4.09,2.26
2025-10-21,105.69000244140624,21802659.0,4109.10009765625,87.87999725341797,47.45000076293945,17.8700008392334,3.963000059127808,98.93000030517578,25868.599609375,29.81999969482422,6735.35009765625,4.09,2.28
2025-10-23,101.6999969482422,93781372.0,4145.60009765625,87.74030303955078,48.48199844360352,17.299999237060547,3.990999937057495,98.94000244140624,25891.400390625,26.68000030517578,6738.43994140625,4.09,2.3
2025-10-27,100.13999938964844,57197149.0,4019.699951171875,87.8290023803711,46.5620002746582,15.789999961853027,3.996999979019165,98.77999877929688,25966.05078125,23.940000534057617,6875.16015625,4.09,2.28
2025-10-28,96.83999633789062,70686340.0,3983.10009765625,88.22209930419922,47.125,16.420000076293945,3.9830000400543217,98.69000244140624,25936.19921875,24.030000686645508,6890.89013671875,4.09,2.28
2025-10-29,99.9499969482422,42880758.0,4000.699951171875,88.22550201416016,47.72100067138672,16.920000076293945,4.058000087738037,99.22000122070312,26053.900390625,24.700000762939453,6890.58984375,4.09,2.3
2025-10-30,99.68000030517578,42611116.0,4015.89990234375,88.34559631347656,48.428001403808594,16.90999984741211,4.0929999351501465,99.52999877929688,25877.849609375,24.81999969482422,6822.33984375,4.09,2.29
2025-10-31,100.0199966430664,27796134.0,3996.5,88.6344985961914,47.99399948120117,17.440000534057617,4.10099983215332,99.8000030517578,25722.099609375,22.65999984741211,6840.2001953125,4.09,2.3
2025-11-03,100.0500030517578,23319552.0,4014.0,88.77539825439453,47.88800048828125,17.170000076293945,4.105999946594238,99.87000274658205,25763.349609375,21.3799991607666,6851.97021484375,3.88,2.31
2025-11-04,99.8000030517578,24923826.0,3960.5,88.72339630126953,47.130001068115234,19.0,4.089000225067139,100.22000122070312,25597.650390625,21.43000030517578,6771.5498046875,3.88,2.29
2025-11-06,100.06999969482422,20330108.0,3991.0,88.55690002441406,47.79399871826172,19.5,4.0929999351501465,99.7300033569336,25509.69921875,20.1299991607666,6720.31982421875,3.88,2.28
2025-11-07,99.94000244140624,18104481.0,4009.800048828125,88.6729965209961,48.016998291015625,19.079999923706055,4.0929999351501465,99.5999984741211,25492.30078125,20.36000061035156,6728.7998046875,3.88,2.28
2025-11-10,101.6999969482422,30575428.0,4122.0,88.65799713134766,50.176998138427734,17.600000381469727,4.110000133514404,99.62000274658205,25574.349609375,23.34000015258789,6832.43017578125,3.88,2.29
2025-11-11,103.29000091552734,33803897.0,4116.2998046875,88.70709991455078,50.61800003051758,17.280000686645508,4.119999885559082,99.45999908447266,25694.94921875,23.329999923706055,6846.60986328125,3.88,2.29
2025-11-12,102.69000244140624,29596247.0,4213.60009765625,88.46649932861328,53.332000732421875,17.510000228881836,4.065000057220459,99.4800033569336,25875.80078125,25.81999969482422,6850.919921875,3.88,2.27
2025-11-13,105.37000274658205,33205778.0,4194.5,88.59400177001953,53.07400131225586,20.0,4.111999988555908,99.18000030517578,25879.150390625,24.81999969482422,6737.490234375,3.88,2.28
2025-11-14,103.80999755859376,28533187.0,4094.199951171875,88.81610107421875,50.59000015258789,19.829999923706055,4.1479997634887695,99.2699966430664,25910.05078125,24.1299991607666,6734.10986328125,3.88,2.28
2025-11-17,101.94000244140624,27817135.0,4074.5,88.68199920654297,50.625,22.3799991607666,4.132999897003174,99.58999633789062,26013.44921875,24.06999969482422,6672.41015625,3.88,2.28
2025-11-18,100.91000366210938,35663185.0,4066.5,88.63590240478516,50.45000076293945,24.690000534057617,4.123000144958496,99.5500030517578,25910.05078125,23.899999618530273,6617.31982421875,3.88,2.27
2025-11-19,102.2300033569336,22235008.0,4082.800048828125,88.55680084228516,50.790000915527344,23.65999984741211,4.132999897003174,100.2300033569336,26052.650390625,23.88999938964844,6642.16015625,3.88,2.27
2025-11-20,101.5500030517578,20599534.0,4060.0,88.48719787597656,50.24700164794922,26.420000076293945,4.105999946594238,100.16000366210938,26192.150390625,22.93000030517578,6538.759765625,3.88,2.24
2025-11-21,102.0,23459553.0,4079.5,88.69219970703125,49.87300109863281,23.43000030517578,4.063000202178955,100.18000030517578,26068.150390625,21.93000030517578,6602.990234375,3.88,2.24
2025-11-24,102.2300033569336,24131584.0,4094.199951171875,89.63400268554688,50.29499816894531,20.520000457763672,4.038000106811523,100.13999938964844,25959.5,22.549999237060547,6705.1201171875,3.88,2.23
2025-11-25,103.45999908447266,24988736.0,4140.0,89.14779663085938,50.93399810791016,18.559999465942383,4.001999855041504,99.66000366210938,25884.80078125,22.399999618530273,6765.8798828125,3.88,2.22
2025-11-26,104.18000030517578,23022226.0,4165.2001953125,89.15059661865234,52.91600036621094,17.190000534057617,3.997999906539917,99.5999984741211,26205.30078125,21.950000762939453,6812.60986328125,3.88,2.23
2025-11-27,104.11000061035156,19397032.0,4165.2001953125,89.16300201416016,52.91600036621094,17.190000534057617,3.997999906539917,99.5999984741211,26215.55078125,21.950000762939453,6812.60986328125,3.88,2.23
2025-11-28,104.62000274658205,18626408.0,4254.89990234375,89.36479949951172,56.44599914550781,16.350000381469727,4.017000198364258,99.45999908447266,26202.94921875,22.8700008392334,6849.08984375,3.88,2.23
2025-12-01,106.72000122070312,32935620.0,4274.7998046875,89.3499984741211,58.417999267578125,17.239999771118164,4.0960001945495605,99.41000366210938,26175.75,23.34000015258789,6812.6298828125,3.72,2.24
2025-12-02,105.62999725341795,26342500.0,4220.7998046875,89.61270141601562,57.983001708984375,16.59000015258789,4.085999965667725,99.36000061035156,26032.19921875,22.489999771118164,6829.3701171875,3.72,2.24
2025-12-03,106.51000213623048,25811907.0,4232.5,89.91719818115234,57.92100143432617,16.079999923706055,4.057000160217285,98.8499984741211,25986.0,21.959999084472656,6849.72021484375,3.72,2.24
2025-12-04,105.91999816894533,27124243.0,4243.0,90.17050170898438,56.84700012207031,15.779999732971191,4.107999801635742,98.98999786376952,26033.75,20.56999969482422,6857.1201171875,3.72,2.26
2025-12-05,106.88999938964844,22860218.0,4243.0,89.8364028930664,58.422000885009766,15.40999984741211,4.138999938964844,98.98999786376952,26186.44921875,19.920000076293945,6870.39990234375,3.72,2.26
2025-12-08,106.8499984741211,26109955.0,4217.7001953125,89.93800354003906,57.77899932861328,16.65999984741211,4.171999931335449,99.08999633789062,25960.55078125,19.579999923706055,6846.509765625,3.72,2.26
2025-12-09,106.27999877929688,22835801.0,4236.2001953125,90.12999725341795,60.16899871826172,16.93000030517578,4.185999870300293,99.22000122070312,25839.650390625,20.350000381469727,6840.509765625,3.72,2.26
2025-12-10,106.2300033569336,21093711.0,4224.7001953125,89.91690063476562,60.37900161743164,15.770000457763672,4.164000034332275,98.79000091552734,25758.0,20.200000762939453,6886.68017578125,3.72,2.25
2025-12-11,107.1500015258789,20249677.0,4313.0,89.79299926757812,63.92900085449219,14.850000381469728,4.140999794006348,98.3499984741211,25898.55078125,20.969999313354492,6901.0,3.72,2.25
2025-12-12,109.61000061035156,42813407.0,4328.2998046875,90.25299835205078,61.36199951171875,15.739999771118164,4.193999767303467,98.4000015258789,26046.94921875,21.459999084472656,6827.41015625,3.72,2.26
2025-12-15,110.9499969482422,44275839.0,4335.2001953125,90.5770034790039,62.939998626708984,16.5,4.182000160217285,98.1500015258789,26027.30078125,21.200000762939453,6816.509765625,3.72,2.25
2025-12-16,109.55999755859376,36341576.0,4332.2998046875,90.7769012451172,62.70000076293945,16.479999542236328,4.14900016784668,98.1500015258789,25860.099609375,20.18000030517578,6800.259765625,3.72,2.23
2025-12-17,109.98999786376952,48571973.0,4373.89990234375,90.94889831542967,66.23699951171875,17.6200008392334,4.151000022888184,98.37000274658205,25818.55078125,21.219999313354492,6721.43017578125,3.72,2.24
2025-12-18,109.87999725341795,26801568.0,4364.5,90.4136962890625,64.59200286865234,16.8700008392334,4.116000175476074,98.43000030517578,25815.55078125,21.309999465942383,6774.759765625,3.72,2.24
2025-12-19,109.81999969482422,25353023.0,4387.2998046875,90.25579833984376,66.84500122070312,14.90999984741211,4.151000022888184,98.5999984741211,25966.400390625,20.719999313354492,6834.5,3.72,2.24
2025-12-22,111.38999938964844,66926289.0,4469.39990234375,89.56999969482422,67.90599822998047,14.079999923706056,4.169000148773193,98.29000091552734,26172.400390625,23.799999237060547,6878.490234375,3.72,2.23
2025-12-23,113.0999984741211,45892148.0,4505.7001953125,89.60389709472656,70.48500061035156,14.0,4.169000148773193,97.94000244140624,26177.150390625,24.530000686645508,6909.7900390625,3.72,2.24
2025-12-24,113.20999908447266,47649347.0,4502.7998046875,89.50789642333984,71.03099822998047,13.470000267028809,4.136000156402588,97.9800033569336,26142.099609375,23.809999465942383,6932.0498046875,3.72,2.24
2025-12-26,114.30999755859376,46010219.0,4552.7001953125,90.10590362548828,76.48600006103516,13.600000381469728,4.136000156402588,98.0199966430664,26042.30078125,25.780000686645508,6929.93994140625,3.72,2.23
2025-12-29,113.02999877929688,73386481.0,4343.60009765625,89.82929992675781,69.85600280761719,14.199999809265137,4.116000175476074,98.04000091552734,25942.099609375,25.709999084472656,6905.740234375,3.72,2.22
2025-12-30,111.16999816894533,55356981.0,4386.2998046875,89.9000015258789,77.3740005493164,14.329999923706056,4.130000114440918,98.23999786376952,25938.849609375,24.829999923706055,6896.240234375,3.72,2.24
2025-12-31,110.11000061035156,40043851.0,4341.10009765625,89.76940155029297,70.13400268554688,14.949999809265137,4.163000106811523,98.27999877929688,26129.599609375,23.920000076293945,6845.5,3.72,2.25
2026-01-01,110.5199966430664,24308237.0,4341.10009765625,89.76940155029297,70.13400268554688,14.949999809265137,4.163000106811523,98.27999877929688,26146.55078125,23.920000076293945,6845.5,3.64,2.25
2026-01-02,111.81999969482422,37641644.0,4329.60009765625,89.96189880371094,70.55599975585938,14.510000228881836,4.186999797821045,98.41999816894533,26328.55078125,23.799999237060547,6858.47021484375,3.64,2.25
2026-01-05,112.91999816894533,50850027.0,4451.5,90.00700378417969,76.16400146484375,14.899999618530272,4.164999961853027,98.2699966430664,26250.30078125,24.25,6902.0498046875,3.64,2.26
2026-01-06,113.13999938964844,45693265.0,4496.10009765625,90.23300170898438,80.52999877929688,14.75,4.178999900817871,98.58000183105467,26178.69921875,24.81999969482422,6944.81982421875,3.64,2.27
2026-01-07,112.91000366210938,39011859.0,4462.5,90.16609954833984,77.13500213623047,15.380000114440918,4.138000011444092,98.68000030517578,26140.75,24.1299991607666,6920.93017578125,3.64,2.27
2026-01-08,112.29000091552734,37515879.0,4460.7001953125,89.8644027709961,74.71600341796875,15.449999809265137,4.183000087738037,98.93000030517578,25876.849609375,24.06999969482422,6921.4599609375,3.64,2.27
2026-01-09,113.61000061035156,39284191.0,4500.89990234375,89.90540313720703,78.88400268554688,14.489999771118164,4.171000003814697,99.12999725341795,25683.30078125,23.43000030517578,6966.27978515625,3.64,2.28
2026-01-12,116.76000213623048,70988427.0,4614.7001953125,90.23600006103516,84.61000061035156,15.119999885559082,4.186999797821045,98.86000061035156,25790.25,25.030000686645508,6977.27001953125,3.64,2.29
2026-01-13,116.37000274658205,59657307.0,4599.10009765625,90.13269805908205,85.87699890136719,15.979999542236328,4.171000003814697,99.12999725341795,25732.30078125,23.760000228881836,6963.740234375,3.64,2.3
2026-01-14,118.01000213623048,77320821.0,4635.7001953125,90.27300262451172,90.86900329589844,16.75,4.139999866485596,99.12999725341795,25665.599609375,23.56999969482422,6926.60009765625,3.64,2.29
2026-01-15,118.01000213623048,0.0,4623.7001953125,90.18319702148438,91.8759994506836,15.84000015258789,4.159999847412109,99.31999969482422,25665.599609375,22.059999465942383,6944.47021484375,3.64,2.29
2026-01-16,117.77999877929688,65356923.0,4595.39990234375,90.36160278320312,88.09100341796875,15.859999656677246,4.230999946594238,99.38999938964844,25694.349609375,22.229999542236328,6940.009765625,3.64,2.33
2026-01-19,121.0999984741211,91475080.0,4595.39990234375,90.7020034790039,88.09100341796875,15.859999656677246,4.230999946594238,99.38999938964844,25585.5,22.229999542236328,6940.009765625,3.64,2.33
2026-01-20,125.86000061035156,171440092.0,4765.7998046875,90.90450286865234,94.20600128173828,20.09000015258789,4.295000076293945,98.63999938964844,25232.5,24.790000915527344,6796.85986328125,3.64,2.33
2026-01-21,134.97000122070312,248755481.0,4837.5,91.11840057373048,92.20999908447266,16.899999618530273,4.252999782562256,98.76000213623048,25157.5,26.270000457763672,6875.6201171875,3.64,2.34
2026-01-22,124.33999633789062,233048051.0,4913.39990234375,91.53690338134766,95.97599792480467,15.640000343322754,4.249000072479248,98.36000061035156,25289.900390625,28.11000061035156,6913.35009765625,3.64,2.31
2026-01-23,127.41999816894533,141941218.0,4979.7001953125,91.55829620361328,100.9250030517578,16.09000015258789,4.238999843597412,97.5999984741211,25048.650390625,30.010000228881836,6915.60986328125,3.64,2.32
2026-01-27,131.4499969482422,139657546.0,5082.60009765625,91.71309661865234,105.52300262451172,16.350000381469727,4.2230000495910645,96.22000122070312,25175.400390625,33.130001068115234,6978.60009765625,3.64,2.34
2026-01-28,135.82000732421875,184193702.0,5303.60009765625,91.5343017578125,113.11100006103516,16.350000381469727,4.250999927520752,96.4499969482422,25342.75,39.66999816894531,6978.02978515625,3.64,2.36
2026-01-29,146.52999877929688,271824296.0,5318.39990234375,92.04080200195312,114.03700256347656,16.8799991607666,4.2270002365112305,96.27999877929688,25418.900390625,46.02000045776367,6969.009765625,3.64,2.35
2026-01-30,131.1199951171875,352204561.0,4745.10009765625,91.78189849853516,78.29000091552734,17.440000534057617,4.241000175476074,96.98999786376952,25320.650390625,44.08000183105469,6939.02978515625,3.64,2.36
2026-02-02,118.66999816894533,279790835.0,4652.60009765625,91.68699645996094,76.77799987792969,16.34000015258789,4.275000095367432,97.61000061035156,25088.400390625,37.380001068115234,6976.43994140625,3.64,2.35
2026-02-03,125.1999969482422,219625720.0,4935.0,90.24559783935548,83.04199981689453,18.0,4.27400016784668,97.44000244140624,25727.55078125,41.040000915527344,6917.81005859375,3.64,2.36
2026-02-04,129.60000610351562,159221122.0,4950.7998046875,90.4228973388672,84.16500091552734,18.63999938964844,4.275000095367432,97.62000274658205,25776.0,36.93000030517578,6882.72021484375,3.64,2.35
2026-02-05,125.22000122070312,128187910.0,4889.5,90.125,76.52899932861328,21.770000457763672,4.210000038146973,97.81999969482422,25642.80078125,35.529998779296875,6798.39990234375,3.64,2.32
2026-02-06,125.04000091552734,95408028.0,4979.7998046875,90.3147964477539,76.73500061035156,20.3700008392334,4.205999851226807,97.62999725341795,25693.69921875,33.959999084472656,6932.2998046875,3.64,2.34
2026-02-09,127.9800033569336,90368722.0,5079.39990234375,90.58799743652344,82.06500244140625,17.360000610351562,4.197999954223633,96.81999969482422,25867.30078125,32.84000015258789,6964.81982421875,3.64,2.35
2026-02-10,128.33999633789062,48442393.0,5031.0,90.8227996826172,80.21800231933594,17.790000915527344,4.146999835968018,96.8000030517578,25935.150390625,28.86000061035156,6941.81005859375,3.64,2.32
2026-02-11,128.6999969482422,39299287.0,5098.5,90.58789825439452,83.75399780273438,17.649999618530273,4.171999931335449,96.83000183105467,25953.849609375,29.3799991607666,6941.47021484375,3.64,2.32
2026-02-12,128.52000427246094,42181114.0,4948.39990234375,90.73570251464844,75.5459976196289,20.81999969482422,4.104000091552734,96.93000030517578,25807.19921875,30.229999542236328,6832.759765625,3.64,2.29
2026-02-13,126.0999984741211,56101521.0,5046.2998046875,90.56410217285156,77.85099792480469,20.600000381469727,4.056000232696533,96.87999725341795,25471.099609375,30.84000015258789,6836.169921875,3.64,2.27
2026-02-16,126.91999816894533,47510656.0,5046.2998046875,90.57119750976562,77.85099792480469,20.600000381469727,4.056000232696533,96.87999725341795,25682.75,30.84000015258789,6836.169921875,3.64,2.27
2026-02-17,124.58000183105467,56084677.0,4905.89990234375,90.78299713134766,73.4469985961914,20.290000915527344,4.052000045776367,97.16000366210938,25725.400390625,33.2400016784668,6843.22021484375,3.64,2.26
2026-02-18,124.63999938964844,38119799.0,5009.5,90.6261978149414,77.50900268554688,19.6200008392334,4.078999996185303,97.6999969482422,25819.349609375,33.75,6881.31005859375,3.64,2.29
2026-02-19,127.08999633789062,66724126.0,4997.39990234375,90.7935028076172,77.56500244140625,20.229999542236328,4.074999809265137,97.93000030517578,25454.349609375,33.560001373291016,6861.89013671875,3.64,2.29
2026-02-20,127.54000091552734,38275525.0,5080.89990234375,91.04109954833984,82.28299713134766,19.09000015258789,4.085999965667725,97.8000030517578,25571.25,36.439998626708984,6909.509765625,3.64,2.28
2026-02-23,130.0,56313912.0,5225.60009765625,90.72660064697266,86.52300262451172,21.010000228881836,4.0289998054504395,97.6999969482422,25713.0,38.459999084472656,6837.75,3.64,2.26
2026-02-24,131.22000122070312,48385152.0,5176.2998046875,91.02010345458984,87.45700073242188,19.549999237060547,4.0329999923706055,97.87999725341795,25424.650390625,37.54999923706055,6890.06982421875,3.64,2.26
2026-02-25,131.69000244140625,44906554.0,5226.2001953125,90.91799926757812,90.93900299072266,17.93000030517578,4.047999858856201,97.6999969482422,25482.5,34.959999084472656,6946.1298828125,3.64,2.28
2026-02-26,130.47999572753906,40839441.0,5194.2001953125,90.95099639892578,86.99800109863281,18.6299991607666,4.017000198364258,97.79000091552734,25496.55078125,33.06999969482422,6908.85986328125,3.64,2.28
2026-02-27,131.60000610351562,43704178.0,5247.89990234375,91.00740051269533,92.68199920654295,19.86000061035156,3.961999893188477,97.61000061035156,25178.650390625,33.22999954223633,6878.8798828125,3.64,2.25
2026-03-02,138.32000732421875,177836182.0,5311.60009765625,91.07959747314452,88.28399658203125,21.440000534057617,4.047999858856201,98.37999725341795,24865.69921875,34.83000183105469,6881.6201171875,3.64,2.29
2026-03-04,133.9600067138672,104088677.0,5134.7001953125,92.00859832763672,82.63300323486328,21.149999618530273,4.079999923706055,98.7699966430664,24480.5,36.47999954223633,6869.5,3.64,2.29
2026-03-05,132.24000549316406,65008653.0,5078.7001953125,92.1230010986328,81.68699645996094,23.75,4.145999908447266,99.31999969482422,24765.900390625,35.310001373291016,6830.7099609375,3.64,2.31
2026-03-06,130.82000732421875,45371780.0,5158.7001953125,91.78690338134766,83.81600189208984,29.489999771118164,4.132999897003174,98.98999786376952,24450.44921875,34.2599983215332,6740.02001953125,3.64,2.35
2026-03-09,131.35000610351562,69277274.0,5103.7001953125,91.93620300292967,84.03199768066406,25.5,4.136000156402588,99.18000030517578,24028.05078125,33.52000045776367,6795.990234375,3.64,2.34
2026-03-10,132.1999969482422,37242470.0,5242.10009765625,91.220703125,89.08300018310547,24.93000030517578,4.136000156402588,98.83000183105467,24261.599609375,32.11000061035156,6781.47998046875,3.64,2.33
2026-03-11,132.7100067138672,32157892.0,5179.10009765625,92.16510009765624,85.06500244140625,24.229999542236328,4.208000183105469,99.2300033569336,23866.849609375,30.68000030517578,6775.7998046875,3.64,2.36
2026-03-12,132.42999267578125,30302165.0,5125.7998046875,92.22879791259766,84.66999816894531,27.290000915527344,4.2729997634887695,99.73999786376952,23639.150390625,31.09000015258789,6672.6201171875,3.64,2.38
2026-03-13,130.32000732421875,37192341.0,5061.7001953125,92.38990020751952,80.91400146484375,27.190000534057617,4.284999847412109,100.36000061035156,23151.099609375,32.310001373291016,6632.18994140625,3.64,2.36
2026-03-16,127.22000122070312,56788314.0,5002.2001953125,92.5635986328125,80.26300048828125,23.510000228881836,4.21999979019165,99.70999908447266,23408.80078125,30.559999465942383,6699.3798828125,3.64,2.36
2026-03-17,128.22000122070312,28319680.0,5008.2001953125,92.28269958496094,79.52999877929688,22.3700008392334,4.202000141143799,99.58000183105467,23581.150390625,27.979999542236328,6716.08984375,3.64,2.37
2026-03-18,127.91000366210938,27955998.0,4896.2001953125,92.39129638671876,77.23799896240234,25.09000015258789,4.258999824523926,100.08999633789062,23777.80078125,29.420000076293945,6624.7001953125,3.64,2.4
2026-03-19,121.31999969482422,101167992.0,4605.7001953125,93.24659729003906,70.9020004272461,24.059999465942383,4.281000137329102,99.2300033569336,23002.150390625,31.049999237060547,6606.490234375,3.64,2.37
2026-03-20,121.05999755859376,68506513.0,4574.89990234375,93.0822982788086,69.36000061035156,26.780000686645508,4.390999794006348,99.6500015258789,23114.5,35.25,6506.47998046875,3.64,2.38
2026-03-23,110.72000122070312,227283756.0,4407.2998046875,93.89530181884766,69.04900360107422,26.149999618530273,4.334000110626221,98.9499969482422,22512.650390625,43.36000061035156,6581.0,3.64,2.33
2026-03-24,115.48999786376952,102922002.0,4402.0,93.2436981201172,69.27400207519531,26.950000762939453,4.392000198364258,99.43000030517578,22912.400390625,41.900001525878906,6556.3701171875,3.64,2.33
2026-03-25,119.29000091552734,65241148.0,4552.2998046875,94.29969787597656,72.36100006103516,25.329999923706055,4.328000068664551,99.5999984741211,23306.44921875,38.650001525878906,6591.89990234375,3.64,2.31
2026-03-27,117.52999877929688,58866050.0,4492.5,94.30950164794922,69.54499816894531,31.049999237060547,4.440000057220459,100.1500015258789,22819.599609375,45.5099983215332,6368.85009765625,3.64,2.31
2026-03-30,121.19000244140624,72514040.0,4526.0,94.78179931640624,70.3239974975586,30.61000061035156,4.3420000076293945,100.51000213623048,22331.400390625,42.709999084472656,6343.72021484375,3.64,2.31
2026-04-01,123.37000274658205,59364793.0,4813.10009765625,93.48429870605467,75.86699676513672,24.540000915527344,4.318999767303467,99.6500015258789,22679.400390625,36.11000061035156,6575.31982421875,3.64,2.31
2026-04-02,120.58000183105467,58520148.0,4679.7001953125,92.6426010131836,72.73500061035156,23.8700008392334,4.313000202178955,100.02999877929688,22713.099609375,37.849998474121094,6582.68994140625,3.64,2.34
2026-04-06,122.80999755859376,42281672.0,4684.7001953125,92.97100067138672,72.66100311279297,24.170000076293945,4.335000038146973,99.9800033569336,22968.25,37.040000915527344,6611.830078125,3.64,2.36
2026-04-07,121.77999877929688,36328914.0,4684.7001953125,92.81659698486328,71.82599639892578,25.780000686645508,4.3429999351501465,99.63999938964844,23123.650390625,37.43000030517578,6616.85009765625,3.64,2.37
2026-04-08,124.38999938964844,55049335.0,4777.2001953125,92.86019897460938,75.2239990234375,21.040000915527344,4.290999889373779,99.12999725341795,23997.349609375,34.209999084472656,6782.81005859375,3.64,2.33
2026-04-09,123.20999908447266,36306691.0,4818.0,92.2748031616211,76.2770004272461,19.489999771118164,4.293000221252441,98.81999969482422,23775.099609375,31.65999984741211,6824.66015625,3.64,2.34
2026-04-10,123.48999786376952,32244475.0,4787.39990234375,92.46980285644533,76.3239974975586,19.229999542236328,4.316999912261963,98.6500015258789,24050.599609375,30.459999084472656,6816.89013671875,3.64,2.36
2026-04-13,123.76000213623048,68466735.0,4767.39990234375,94.50879669189452,75.52300262451172,19.1200008392334,4.296999931335449,98.37000274658205,23842.650390625,30.0,6886.240234375,3.64,2.38
2026-04-15,125.05999755859376,53936360.0,4823.60009765625,93.16539764404295,79.49099731445312,18.170000076293945,4.2820000648498535,98.05999755859376,24231.30078125,29.969999313354492,7022.9501953125,3.64,2.39
2026-04-16,125.61000061035156,29443660.0,4808.2998046875,93.38680267333984,78.60600280761719,17.940000534057617,4.309000015258789,98.22000122070312,24196.75,28.649999618530273,7041.27978515625,3.64,2.39
2026-04-17,124.8000030517578,40405056.0,4879.60009765625,93.0478973388672,81.73799896240234,17.479999542236328,4.245999813079834,98.0999984741211,24353.55078125,28.950000762939453,7126.06005859375,3.64,2.36
2026-04-20,125.0,32823752.0,4828.7998046875,92.60330200195312,79.95099639892578,18.8700008392334,4.25,98.0500030517578,24364.849609375,28.459999084472656,7109.14013671875,3.64,2.35
2026-04-21,125.22000122070312,21375197.0,4719.60009765625,93.12359619140624,76.41100311279297,19.5,4.291999816894531,98.41000366210938,24576.599609375,29.309999465942383,7064.009765625,3.64,2.38
2026-04-22,124.98999786376952,22336874.0,4753.0,93.622802734375,77.89299774169922,18.920000076293945,4.294000148773193,98.58999633789062,24378.099609375,27.09000015258789,7137.89990234375,3.64,2.38
2026-04-23,124.08000183105467,23148344.0,4724.0,93.80049896240234,75.46499633789062,19.309999465942383,4.322999954223633,98.8000030517578,24173.05078125,27.8700008392334,7108.39990234375,3.64,2.42
2026-04-24,123.94000244140624,22028158.0,4740.89990234375,94.11289978027344,76.38300323486328,18.709999084472656,4.309999942779541,98.51000213623048,23897.94921875,25.8799991607666,7165.080078125,3.64,2.42
2026-04-27,124.25,16549661.0,4693.7001953125,94.25029754638672,75.00299835205078,18.020000457763672,4.335999965667725,98.4800033569336,24092.69921875,25.3700008392334,7173.91015625,3.64,2.44
2026-04-28,122.68000030517578,28116911.0,4608.39990234375,94.2584991455078,73.20500183105469,17.829999923706055,4.354000091552734,98.62000274658205,23995.69921875,26.190000534057617,7138.7998046875,3.64,2.44
2026-04-29,121.58000183105467,22335957.0,4561.5,94.64550018310548,71.56900024414062,18.809999465942383,4.418000221252441,98.91999816894533,24177.650390625,27.770000457763672,7135.9501953125,3.64,2.46
2026-04-30,123.43000030517578,34788645.0,4629.60009765625,94.9166030883789,73.53399658203125,16.889999389648438,4.389999866485596,98.08000183105467,23997.55078125,26.63999938964844,7209.009765625,3.64,2.46
2026-05-01,123.43000030517578,0.0,4644.5,94.75910186767578,75.95099639892578,16.989999771118164,4.377999782562256,98.20999908447266,23997.55078125,26.43000030517578,7230.1201171875,3.63,2.48
2026-05-04,122.37999725341795,25301743.0,4533.2998046875,94.90299987792967,73.0719985961914,18.290000915527344,4.446000099182129,98.47000122070312,24119.30078125,27.920000076293945,7200.75,3.63,2.5
2026-05-05,122.16000366210938,18302221.0,4568.5,95.2593994140625,73.10800170898438,17.3799991607666,4.415999889373779,98.4800033569336,24032.80078125,26.61000061035156,7259.22021484375,3.63,2.47
2026-05-06,124.0199966430664,21326865.0,4694.2998046875,95.18299865722656,76.81099700927734,17.389999389648438,4.355999946594238,98.0199966430664,24330.94921875,26.34000015258789,7365.1201171875,3.63,2.42
2026-05-07,124.47000122070312,23956362.0,4710.89990234375,94.60800170898438,79.70099639892578,17.079999923706055,4.392000198364258,98.25,24326.650390625,27.030000686645508,7337.10986328125,3.63,2.45
2026-05-08,124.30999755859376,23188221.0,4730.7001953125,94.25299835205078,80.3949966430664,17.190000534057617,4.363999843597412,97.83999633789062,24176.150390625,26.479999542236328,7398.93017578125,3.63,2.45
2026-05-11,123.2300033569336,28730298.0,4728.7001953125,94.42530059814452,85.48500061035156,18.3799991607666,4.409999847412109,97.94000244140624,23815.849609375,27.479999542236328,7412.83984375,3.63,2.47
2026-05-12,124.61000061035156,43573001.0,4686.7001953125,95.3914031982422,85.12999725341797,17.989999771118164,4.4629998207092285,98.29000091552734,23379.55078125,27.15999984741211,7400.9599609375,3.63,2.47
2026-05-13,131.74000549316406,103923323.0,4706.7001953125,95.63300323486328,88.88800048828125,17.8700008392334,4.480999946594238,98.4800033569336,23412.599609375,26.559999465942383,7444.25,3.63,2.47
2026-05-14,131.77999877929688,50086666.0,4685.2998046875,95.69580078125,84.91200256347656,17.260000228881836,4.460999965667725,98.87999725341795,23689.599609375,25.790000915527344,7501.240234375,3.63,2.47
2026-05-15,129.41000366210938,42784279.0,4561.89990234375,95.70989990234376,77.16100311279297,18.43000030517578,4.59499979019165,99.2699966430664,23643.5,26.34000015258789,7408.5,3.63,2.49
2026-05-18,129.6999969482422,30877573.0,4558.0,95.97029876708984,77.072998046875,17.81999969482422,4.623000144958496,98.97000122070312,23649.94921875,26.200000762939453,7403.0498046875,3.63,2.48
2026-05-19,130.63999938964844,30767769.0,4511.2001953125,96.27020263671876,74.8280029296875,18.059999465942383,4.666999816894531,99.3000030517578,23618.0,26.6299991607666,7353.60986328125,3.63,2.49
2026-05-20,130.1999969482422,28146890.0,4535.2998046875,96.56580352783205,75.85099792480469,17.440000534057617,4.572000026702881,99.11000061035156,23659.0,25.170000076293945,7432.97021484375,3.63,2.44
2026-05-21,130.74000549316406,18076252.0,4542.5,96.5282974243164,76.41400146484375,16.760000228881836,4.585999965667725,99.19000244140624,23654.69921875,24.59000015258789,7445.72021484375,3.63,2.39
2026-05-22,130.5,13684372.0,4523.2001953125,96.17389678955078,75.89299774169922,16.700000762939453,4.558000087738037,99.31999969482422,23719.30078125,23.86000061035156,7473.47021484375,3.63,2.4
2026-05-25,130.50999450683594,19993051.0,4523.2001953125,95.71949768066406,75.89299774169922,16.59000015258789,4.558000087738037,99.31999969482422,24031.69921875,23.86000061035156,7473.47021484375,3.63,2.4
2026-05-26,129.5800018310547,15190494.0,4502.2998046875,95.25279998779295,76.30500030517578,17.010000228881836,4.493000030517578,99.16999816894533,23913.69921875,24.270000457763672,7519.1201171875,3.63,2.4
2026-05-27,129.0399932861328,16120254.0,4448.39990234375,95.90499877929688,74.5989990234375,16.290000915527344,4.480999946594238,99.20999908447266,23907.150390625,24.469999313354492,7520.35986328125,3.63,2.39
2026-05-28,129.0399932861328,0.0,4499.2998046875,96.04889678955078,75.6449966430664,15.739999771118164,4.454999923706055,99.0199966430664,23907.150390625,24.829999923706055,7563.6298828125,3.63,2.39
2026-05-29,128.64999389648438,18731585.0,4593.0,96.04820251464844,75.61599731445312,15.31999969482422,4.453000068664551,98.91000366210938,23547.75,24.90999984741211,7580.06005859375,3.63,2.38
2026-06-01,127.48999786376952,32346830.0,4506.2998046875,95.00299835205078,75.00700378417969,16.049999237060547,4.474999904632568,99.1999969482422,23382.599609375,25.63999938964844,7599.9599609375,3.63,2.4
2026-06-02,128.6699981689453,19572407.0,4519.89990234375,95.55139923095705,75.31099700927734,15.770000457763672,4.454999923706055,99.22000122070312,23483.55078125,24.440000534057617,7609.77978515625,3.63,2.39
2026-06-03,127.63999938964844,23675758.0,4466.89990234375,95.26300048828124,73.47599792480469,16.059999465942383,4.491000175476074,99.52999877929688,23405.599609375,24.489999771118164,7553.68017578125,3.63,2.38
2026-06-04,128.5,14853246.0,4505.0,96.16449737548828,73.77899932861328,15.399999618530272,4.4770002365112305,99.41000366210938,23416.55078125,23.8700008392334,7584.31005859375,3.63,2.36
2026-06-05,127.77999877929688,17561552.0,4365.2998046875,95.79029846191406,68.94300079345703,21.510000228881836,4.535999774932861,100.06999969482422,23366.69921875,28.88999938964844,7383.740234375,3.63,2.36
2026-06-08,124.16000366210938,41871866.0,4363.39990234375,94.95030212402344,68.42500305175781,18.920000076293945,4.552000045776367,100.0500030517578,23123.0,27.170000076293945,7405.72998046875,3.63,2.35
2026-06-09,125.38999938964844,18409128.0,4286.39990234375,95.68830108642578,65.09400177001953,19.8700008392334,4.5279998779296875,99.91000366210938,23242.099609375,28.040000915527344,7386.64990234375,3.63,2.33
2026-06-10,121.1500015258789,46789693.0,4133.2998046875,95.36029815673828,64.5989990234375,22.219999313354492,4.541999816894531,99.9499969482422,23214.94921875,32.18000030517578,7266.990234375,3.63,2.34
2026-06-11,119.27999877929688,42321173.0,4114.0,95.64450073242188,63.8849983215332,19.440000534057617,4.4629998207092285,99.86000061035156,23161.599609375,28.329999923706055,7394.2998046875,3.63,2.29
2026-06-12,121.91999816894533,24405140.0,4238.7998046875,95.76010131835938,67.85900115966797,17.68000030517578,4.486999988555908,99.75,23622.900390625,26.850000381469727,7431.4599609375,3.63,2.31
2026-06-15,124.11000061035156,24031129.0,4351.60009765625,95.11029815673828,70.06600189208984,16.200000762939453,4.468999862670898,99.62999725341795,23853.900390625,26.469999313354492,7554.2900390625,3.63,2.32
2026-06-16,124.13999938964844,13822966.0,4354.39990234375,94.74169921875,69.89900207519531,16.40999984741211,4.427999973297119,99.54000091552734,23989.150390625,25.18000030517578,7511.35009765625,3.63,2.29
2026-06-17,123.75,14080501.0,4381.39990234375,94.88860321044922,70.69599914550781,18.440000534057617,4.4629998207092285,100.08999633789062,24085.69921875,28.450000762939453,7420.10009765625,3.63,2.26
2026-06-18,122.12000274658205,20275168.0,4245.89990234375,94.85890197753906,66.25499725341797,16.399999618530273,4.451000213623047,100.8499984741211,24168.0,27.899999618530273,7500.580078125,3.63,2.25
2026-06-19,119.79000091552734,43571941.0,4245.89990234375,94.33989715576172,66.25499725341797,16.399999618530273,4.451000213623047,100.8499984741211,24013.099609375,27.899999618530273,7500.580078125,3.63,2.25
2026-06-22,121.12000274658205,22063093.0,4202.7001953125,94.3302993774414,65.5270004272461,17.280000686645508,4.508999824523926,101.0199966430664,24102.900390625,26.149999618530273,7472.7900390625,3.63,2.23
2026-06-23,118.9000015258789,29551886.0,4149.39990234375,94.70059967041016,62.02000045776367,19.489999771118164,4.493000030517578,101.41000366210938,23824.099609375,27.40999984741211,7365.4599609375,3.63,2.21
2026-06-24,117.55999755859376,29175055.0,4008.800048828125,95.18370056152344,58.051998138427734,18.6299991607666,4.4019999504089355,101.61000061035156,24021.650390625,31.600000381469727,7358.22021484375,3.63,2.18
2026-06-25,114.95999908447266,59740231.0,4047.60009765625,94.4406967163086,58.347999572753906,18.88999938964844,4.392000198364258,101.43000030517578,24056.0,29.579999923706055,7357.490234375,3.63,2.21
2026-06-26,114.95999908447266,0.0,4096.2998046875,94.40039825439452,59.21699905395508,18.40999984741211,4.372000217437744,101.36000061035156,24056.0,27.18000030517578,7354.02001953125,3.63,2.2
2026-06-29,116.43000030517578,27746387.0,4038.89990234375,94.36029815673828,58.17499923706055,17.649999618530273,4.374000072479248,101.11000061035156,23946.25,27.700000762939453,7440.43017578125,3.63,2.22
2026-06-30,115.97000122070312,31398275.0,4038.5,94.79049682617188,59.47700119018555,16.450000762939453,4.418000221252441,101.19000244140624,23865.75,27.200000762939453,7499.35986328125,3.63,2.24
2026-07-01,115.45999908447266,29075022.0,4082.39990234375,94.91799926757812,60.084999084472656,16.59000015258789,4.474999904632568,101.38999938964844,24005.849609375,27.1200008392334,7483.22998046875,3.63,2.23
2026-07-02,117.69000244140624,19578444.0,4125.7001953125,95.4175033569336,60.64300155639648,16.149999618530273,4.485000133514404,100.86000061035156,24175.69921875,26.0,7483.240234375,3.63,2.23
2026-07-03,120.30999755859376,43247725.0,4125.7001953125,95.527099609375,60.64300155639648,16.149999618530273,4.485000133514404,100.86000061035156,24270.849609375,26.0,7483.240234375,3.63,2.23
2026-07-06,119.51000213623048,25822672.0,4167.5,95.2147979736328,61.91999816894531,15.56999969482422,4.479000091552734,100.8499984741211,24430.349609375,25.329999923706055,7537.43017578125,3.63,2.24
2026-07-07,118.58000183105467,16727134.0,4157.39990234375,95.60350036621094,60.930999755859375,16.1299991607666,4.5289998054504395,101.13999938964844,24398.69921875,26.209999084472656,7503.85009765625,3.63,2.25
2026-07-08,116.95999908447266,21472968.0,4082.39990234375,95.59339904785156,58.16400146484375,16.899999618530273,4.568999767303467,101.0500030517578,23882.05078125,27.600000381469727,7482.7099609375,3.63,2.25
2026-07-09,118.41999816894533,18641803.0,4140.7998046875,95.86180114746094,60.37799835205078,15.84000015258789,4.539000034332275,100.94000244140624,23962.80078125,25.329999923706055,7543.64013671875,3.63,2.23
2026-07-10,118.13999938964844,14817060.0,4113.7001953125,95.39019775390624,59.80899810791016,15.029999732971191,4.568999767303467,100.97000122070312,24206.900390625,23.950000762939453,7575.39013671875,3.63,2.24
2026-07-13,116.9499969482422,19867988.0,4005.699951171875,95.3249969482422,57.63399887084961,17.15999984741211,4.609000205993652,101.27999877929688,24211.0,26.93000030517578,7515.33984375,3.63,2.26
2026-07-14,115.9800033569336,20985804.0,4069.699951171875,96.29889678955078,58.77199935913086,16.5,4.585000038146973,100.94000244140624,24052.05078125,25.020000457763672,7543.58984375,3.63,2.25
2026-07-15,116.38999938964844,14714944.0,4051.800048828125,96.42530059814452,57.11000061035156,15.670000076293944,4.545000076293945,100.5,24078.5,24.8799991607666,7572.39990234375,3.63,2.23
2026-07-16,116.47000122070312,15052163.0,3992.10009765625,96.49859619140624,55.89799880981445,16.729999542236328,4.568999767303467,100.7300033569336,24072.75,26.649999618530273,7533.77001953125,3.63,2.22
2026-07-17,115.79000091552734,24160121.0,4018.800048828125,96.6521987915039,56.03799819946289,18.770000457763672,4.540999889373779,100.75,24334.30078125,25.600000381469727,7457.68994140625,3.63,2.24
2026-07-20,116.83999633789062,13869503.0,4015.89990234375,96.28479766845705,56.801998138427734,18.649999618530273,4.5980000495910645,100.98999786376952,24238.5,25.3700008392334,7443.27978515625,3.63,2.25
2026-07-21,117.7300033569336,15013490.0,4076.39990234375,96.4896011352539,58.834999084472656,17.049999237060547,4.627999782562256,101.18000030517578,24187.69921875,23.940000534057617,7509.2001953125,3.63,2.26
2026-07-22,119.13999938964844,19008828.0,4151.89990234375,96.34089660644533,60.01900100708008,16.639999389648438,4.6570000648498535,101.13999938964844,23996.25,24.020000457763672,7498.9599609375,3.63,2.28
2026-07-23,118.69000244140624,13642771.0,4050.199951171875,96.55709838867188,57.79800033569336,18.700000762939453,4.703000068664551,101.43000030517578,23869.599609375,25.13999938964844,7408.2998046875,3.63,2.28
2026-07-24,117.91000366210938,25412327.0,4070.800048828125,96.87689971923828,58.65599822998047,18.579999923706055,4.678999900817871,101.47000122070312,23767.44921875,24.329999923706055,7411.97998046875,3.63,2.26
2026-07-27,118.62000274658205,19438238.0,4077.0,96.56729888916016,58.47200012207031,18.670000076293945,4.640999794006348,101.51000213623048,23995.94921875,24.1299991607666,7413.18017578125,3.63,2.21
2026-07-28,116.83000183105467,12182667.0,4038.699951171875,95.77410125732422,57.29600143432617,18.209999084472656,4.604000091552734,101.37999725341795,23985.349609375,24.6200008392334,7428.77978515625,3.63,2.2
2026-07-29,116.8499984741211,19147325.0,4036.300048828125,95.59870147705078,57.862998962402344,20.65999984741211,4.622000217437744,100.8000030517578,24250.19921875,24.63999938964844,7316.14990234375,3.63,2.26
2026-07-30,117.37000274658205,18386079.0,4100.10009765625,95.72859954833984,58.814998626708984,17.09000015258789,4.663000106811523,100.01000213623048,24317.150390625,24.479999542236328,7437.6298828125,3.63,2.27
2026-07-31,117.11000061035156,12123978.0,4107.0,95.68479919433594,57.59099960327149,15.989999771118164,4.744999885559082,99.8000030517578,24383.599609375,23.309999465942383,7489.72021484375,3.63,2.28
2026-08-03,117.26000213623048,19279545.0,4090.5,95.4021987915039,57.66699981689453,15.859999656677246,4.685999870300293,99.95999908447266,24774.30078125,23.649999618530273,7600.5,3.63,2.27
2026-08-04,117.1500015258789,11644048.0,4152.60009765625,95.33159637451172,60.055999755859375,16.5,4.626999855041504,99.88999938964844,24614.900390625,23.5,7736.52001953125,3.63,2.23
2026-08-05,119.38999938964844,27179534.0,4305.2001953125,95.09719848632812,62.0989990234375,15.8100004196167,4.617000102996826,99.69000244140624,24624.650390625,25.59000015258789,7723.5498046875,3.63,2.22
2026-08-06,122.4800033569336,36636415.0,4299.60009765625,95.07730102539062,61.43899917602539,15.149999618530272,4.670000076293945,99.97000122070312,24636.0,24.86000061035156,7709.9599609375,3.63,2.26
2026-08-07,123.4000015258789,27143156.0,4399.7001953125,95.31189727783205,63.332000732421875,14.899999618530272,4.659999847412109,99.5999984741211,24570.650390625,25.63999938964844,7757.64013671875,3.63,2.25
2026-08-10,124.58000183105467,30250470.0,4419.7001953125,95.21029663085938,65.10600280761719,15.460000038146973,4.698999881744385,99.80999755859376,24583.80078125,27.899999618530273,7753.10986328125,3.63,2.29
2026-08-11,125.5199966430664,30064670.0,4441.10009765625,95.39669799804688,64.76899719238281,15.279999732971191,4.684000015258789,99.81999969482422,24471.69921875,25.989999771118164,7728.2001953125,3.63,2.27
2026-08-12,126.4499969482422,18273875.0,4467.5,95.37989807128906,65.55500030517578,14.550000190734863,4.682000160217285,100.01000213623048,24435.94921875,25.579999923706055,7748.5,3.63,2.26
2026-08-13,125.4800033569336,24579205.0,4420.39990234375,95.34429931640624,64.87300109863281,14.630000114440918,4.640999794006348,99.95999908447266,24395.849609375,23.8700008392334,7798.990234375,3.63,2.24
2026-08-14,125.12999725341795,21344677.0,4437.2998046875,95.40119934082033,64.98799896240234,14.25,4.696000099182129,99.66999816894533,24366.0,23.920000076293945,7785.759765625,3.63,2.27
2026-08-17,126.41999816894533,23143007.0,4473.7001953125,95.45030212402344,66.12100219726562,15.1899995803833,4.723999977111816,99.63999938964844,24287.650390625,25.1200008392334,7745.06005859375,3.63,2.28
2026-08-18,126.43000030517578,13766507.0,4420.60009765625,95.69409942626952,63.94100189208984,15.84000015258789,4.705999851226807,99.6500015258789,24154.900390625,23.979999542236328,7691.759765625,3.63,2.3
2026-08-19,125.7300033569336,16219822.0,4545.2998046875,95.81639862060548,65.73400115966797,14.890000343322754,4.6529998779296875,98.83000183105467,24078.30078125,26.68000030517578,7707.97998046875,3.63,2.3
2026-08-20,128.8800048828125,36486441.0,4571.39990234375,95.49600219726562,68.0260009765625,16.010000228881836,4.696000099182129,98.9000015258789,24231.849609375,27.280000686645508,7641.16015625,3.63,2.34
2026-08-21,131.32000732421875,46291317.0,4680.60009765625,95.77220153808594,69.46600341796875,15.130000114440918,4.73799991607666,98.8000030517578,24252.0,27.290000915527344,7674.3701171875,3.63,2.34
2026-08-24,133.02000427246094,47032311.0,4697.7998046875,95.70030212402344,68.54100036621094,15.850000381469728,4.703999996185303,99.0,24219.05078125,28.280000686645508,7652.85986328125,3.63,2.32
2026-08-25,132.77999877929688,39819108.0,4694.5,95.7230987548828,68.63600158691406,15.449999809265137,4.638999938964844,98.91999816894533,24334.55078125,27.690000534057617,7677.27978515625,3.63,2.32
2026-08-26,132.3699951171875,22841519.0,4653.2998046875,93.5460968017578,67.98999786376953,15.210000038146973,4.664000034332275,99.16999816894533,24207.75,26.959999084472656,7675.7001953125,3.63,2.32
2026-08-27,130.0500030517578,43844954.0,4664.0,95.4302978515625,69.42900085449219,14.510000228881836,4.671999931335449,99.16000366210938,24090.849609375,26.799999237060547,7730.990234375,3.63,2.33
2026-08-28,130.85000610351562,26501307.0,4529.89990234375,95.47039794921876,66.99500274658203,14.43000030517578,4.71999979019165,99.6999969482422,24175.650390625,25.170000076293945,7711.759765625,3.63,2.31
2026-08-31,127.31999969482422,48850744.0,4481.5,95.38030242919922,66.22100067138672,14.920000076293944,4.757999897003174,99.43000030517578,24080.400390625,24.399999618530273,7686.14013671875,3.63,2.31
2026-09-01,125.33999633789062,35522261.0,4396.39990234375,95.1144027709961,64.61799621582031,16.34000015258789,4.796000003814697,99.66999816894533,24055.80078125,25.43000030517578,7631.47021484375,3.63,2.35
2026-09-02,123.5199966430664,36173459.0,4414.60009765625,94.9552001953125,64.7229995727539,15.199999809265137,4.796000003814697,99.55999755859376,23914.44921875,26.13999938964844,7666.60009765625,3.63,2.34
2026-09-03,126.2300033569336,29706695.0,4539.89990234375,94.48770141601562,66.9729995727539,14.31999969482422,4.76200008392334,99.0,23873.44921875,27.18000030517578,7747.7099609375,3.63,2.35
2026-09-04,127.16999816894533,20415178.0,4476.60009765625,94.49490356445312,66.0469970703125,14.529999732971191,4.783999919891357,99.16000366210938,23897.69921875,26.6299991607666,7718.60009765625,3.63,2.35
2026-09-07,125.58000183105467,20788912.0,4476.60009765625,94.4302978515625,66.0469970703125,15.300000190734863,4.783999919891357,99.16000366210938,23779.150390625,26.6299991607666,7718.60009765625,3.63,2.35
2026-09-08,125.83999633789062,19795291.0,4439.0,94.4918975830078,66.2969970703125,15.720000267028809,4.806000232696533,98.83999633789062,23635.099609375,27.260000228881836,7673.52001953125,3.63,2.37
2026-09-09,125.77999877929688,15054022.0,4460.7001953125,94.822998046875,67.94200134277344,16.459999084472656,4.836999893188477,98.7699966430664,23431.5,27.790000915527344,7636.35986328125,3.63,2.37
2026-09-10,126.1999969482422,15916449.0,4407.2998046875,95.11180114746094,64.28399658203125,17.84000015258789,4.943999767303467,99.08999633789062,23477.80078125,28.479999542236328,7591.7001953125,3.63,2.4
2026-09-11,125.12000274658205,22473340.0,4408.89990234375,95.69450378417967,64.55400085449219,15.84000015258789,4.974999904632568,99.12000274658205,23398.099609375,25.68000030517578,7656.97998046875,3.63,2.36
2026-09-14,125.12000274658205,0.0,4351.89990234375,95.03279876708984,63.51300048828125,17.100000381469727,4.960999965667725,99.45999908447266,23398.099609375,26.540000915527344,7619.97998046875,3.63,2.37
2026-09-15,123.62000274658205,23136571.0,4332.7998046875,95.8354034423828,63.23600006103515,17.200000762939453,4.995999813079834,99.6500015258789,23118.599609375,26.899999618530273,7585.72998046875,3.63,2.38
2026-09-16,124.91000366210938,13858810.0,4387.5,95.9926986694336,64.28800201416016,17.709999084472656,5.00600004196167,100.30999755859376,23217.599609375,26.549999237060547,7551.81005859375,3.63,2.33
2026-09-17,124.43000030517578,22769280.0,4399.7001953125,96.1323013305664,65.47000122070312,15.4399995803833,4.947000026702881,100.22000122070312,23270.599609375,24.979999542236328,7637.759765625,3.63,2.33
2026-09-18,126.4800033569336,28783409.0,4424.89990234375,95.79920196533205,66.55599975585938,14.8100004196167,4.998000144958496,100.22000122070312,23346.400390625,23.309999465942383,7650.5,3.63,2.33
2026-09-21,125.56999969482422,19462259.0,4383.89990234375,96.01309967041016,65.82499694824219,14.869999885559082,4.9629998207092285,100.43000030517578,23414.30078125,23.3799991607666,7764.7001953125,3.63,2.34
2026-09-22,125.0,21852347.0,4376.39990234375,95.71199798583984,65.93199920654297,14.210000038146973,4.9679999351501465,100.5999984741211,23329.0,23.59000015258789,7764.64013671875,3.63,2.33
2026-09-23,124.7300033569336,14210476.0,4318.39990234375,95.6897964477539,64.38200378417969,15.18000030517578,5.113999843597412,101.0999984741211,23446.80078125,22.770000457763672,7706.02978515625,3.63,2.35
2026-09-24,123.43000030517578,20039975.0,4298.0,95.74120330810548,63.457000732421875,15.670000076293944,5.1620001792907715,101.29000091552734,23063.099609375,22.579999923706055,7704.1298828125,3.63,2.33
2026-09-25,124.43000030517578,13701949.0,4321.2001953125,96.16130065917967,64.24500274658203,14.869999885559082,5.184000015258789,100.97000122070312,23140.5,22.440000534057617,7743.41015625,3.63,2.34
2026-09-28,124.43000030517578,19623722.0,4168.39990234375,95.78829956054688,61.220001220703125,16.06999969482422,5.239999771118164,101.1999969482422,22780.25,24.829999923706055,7683.68994140625,3.63,2.34
